Gd Hg 0.24646814295436345 46.16332004096089 0.20723579403080225 3.7762266140303815 0.5957953204202823 9.093261125406146
La Th 0.2437657579158526 27.271494415240046 0.17737319562803963 3.0098377703712074 0.5586541055106233 8.584813816570723
P Cl 0.1293621658098158 52.388433469711806 0.3937832428924717 3.065815905359709 0.5538396575501969 9.636145157376127
Sn Fr 0.18361927706879866 3.1181625406435267 0.5762871411031294 8.973036934559785 0.22198214322125764 30.469096062735584
Cd Pt 0.5585082870934494 7.9900807666498626 0.15816834013932993 3.163084080110257 0.25290760130223805 26.133520045474075
Br W 0.5233184418417065 9.53864311039009 0.20790316116406513 36.430951416624 0.2807612884339779 3.9023190382323736
Ge Eu 0.17016190270522974 3.29171606974679 0.26797858905421057 24.379621344386987 0.5436101155373164 7.412984292912323
I Xe 0.29965385614017265 3.3576933101341795 0.610160919731719 12.284999888018266 0.14199313743540506 72.75891783505038
Na Co 0.4693217224730583 10.273863970849497 0.46167630071264376 3.824843080636912 0.45850274602423674 94.5057695218451
O Si 0.7376713169210222 4.164663228460749 0.24444942460406813 17.35155946694861 5.031850385278468e-10 15.523912120905981
Br Hg 0.20086102469664582 43.059559186639895 0.5677247475908523 9.833522124716797 0.26040774479388684 3.7163289192971787
Ti Rb 0.5733023365776643 7.746182829229415 0.179472743015124 23.96260866951848 0.22377641659095268 2.9922428646716415
S Zn 0.3486521995050148 7.791676274801659 0.23487772008806104 19.407973075263147 0.39826810460906137 3.7892393659112074
K Pt 0.1919447653059143 33.17519933260856 0.235906080368149 3.4108927049602964 0.564948012449566 8.652983438499891
Gd W 0.22408601217942029 32.1738056412509 0.5406488328462559 8.477485416215721 0.2152002273484844 3.948994840036844
La Gd 0.2052419935962694 3.377911646900395 0.5314259393004362 8.459034176877037 0.20821191154042792 22.935083432735865
Kr I 0.31463661246184876 19.337024345220783 0.1895455095762132 2.9669013538331863 0.46154000261961003 7.408486975904717
Eu Eu 0.33942567139042573 23.73823973928683 0.5874600674581993 6.320863123555483 0.05426403630404704 2.6393278752715545
Sn Ta 0.17030705125902829 3.339239670557936 0.2584370722063612 25.80165092817108 0.5423194497428666 8.03030461616728
Ga Ru 0.2578219744589477 3.544928114623945 0.39785633607489146 7.351092495668922 0.30945117016464474 18.08545003675591
Pt Po 0.6306116830472298 7.388909579582019 0.3094340635931425 35.17435322698587 0.08321399114133136 2.7829091625056397
Cu Yb 0.46986358937263867 7.5891592824148075 0.2769335385194985 19.401319055225624 0.2134858043827707 3.7003392881883483
Fe Sr 0.08148627078130534 42.811529418462 0.5015950379548113 11.257567632146579 0.4079101264123545 3.957685554847241
Li I 0.2999042552322372 6.4119287024342135 0.3282055798799996 17.047717871020062 0.335629984231739 2.963153909741067
P Ni 0.5341531773402681 4.127675258471431 26430539.761168644 561.2150536727041 0.41997807203520954 12.64661505690596
Be Ru 0.17813484416826714 3.982189151961519 0.39074737928803976 3.9823355024498186 0.3962900316521432 14.927282140467637
Cu Po 0.27552743874933683 3.727055538053289 0.2144286150754549 56.36519993300339 0.5779044256090011 10.189798358460013
K Ag 0.5471802326637595 10.535037388597345 0.06233890336349532 28.98010834100842 0.3480695769576606 3.4603611934543093
Xe Ra 0.5847277380940837 9.412664531240287 0.192472005703623 3.114299453106708 0.2187150631526552 34.55457213984698
Na Ar 0.5706429410257068 7.6040565986247595 0.1424637247776712 31.835665319401087 0.31607525583290297 2.7869733367776113
N Eu 0.42339336344468137 10.308489689210345 0.43437167611380123 4.098626108792223 0.1458154420910858 38.427345096153545
Eu Gd 0.2665161000267349 25.161995190068737 0.13025230770357382 3.4451640720927674 0.5695041787902315 7.233672461115129
Sn W 0.1684323685090513 3.3272658476177432 0.5441447691231832 8.02960388411265 0.2583429562971591 25.836588180973802
Ga Tc 0.21889405413690052 21.018742720417475 0.42380258314572317 8.966335252432117 0.32672750155793506 3.7725096650871865
Be Ra 0.24412571134439212 2.7845455376876624 0.3781862912160622 7.438114215609151 0.3185433552425902 16.62463017385592
Gd Ta 0.5408239658607307 8.319388046633676 0.228194023370955 31.043148951035498 0.2077290357081093 3.9119812804601204
La Eu 0.14699134562999047 2.992749935917033 0.5210111488361088 7.270597862830992 0.3054404771948489 23.402680202066012
Kr Xe 0.4722951282163442 7.261812066676507 0.17457119277301097 2.854243187247729 0.31874176062607357 19.41432440682617
S Rb 0.1725178039198493 24.37187382477522 0.57654843866691 7.535237296464829 0.22715854425724102 2.7940314814493195
Ge Th 0.24225756295445874 3.5464341399459367 0.17360073558594688 27.181199035972003 0.5603582594525934 9.733946109722291
Mn Co 0.11159540738550335 27.13499630658158 0.5802317513602061 4.6160981803998595 0.3046648022246868 13.179970583894818
Na Ca 0.5889082968868826 7.689523563296679 0.15045296992488838 35.360444683085404 0.2992205572664908 2.79024346909333
O Al 0.7104722018731233 4.012059934106623 0.26608311755754965 15.47507462436748 6.359641265333482e-05 4.007018155018119
Ti Zn 0.5208052241125616 7.220230422621561 0.22435139631445933 23.942039188265696 0.25347587067677113 3.3778528309949882
Br Fr 0.6017987574535856 10.098142883977422 0.16156657470631838 42.951700739122366 0.2392444457262576 3.4627963461646005
Ge Gd 0.5390175982981504 7.774522628117885 0.23068203175153848 22.190349280840255 0.19308881932889554 3.459331293763659
I I 0.20916868084816254 82.73371393596835 0.6098555818936474 12.320863226809841 0.3030665052547393 3.3833945034404818
Br Ta 0.2810092971308852 3.9027577465978665 0.5170847451586721 9.439184148637258 0.21112333122059804 35.24484415338225
Eu Th 0.2886193437567511 24.377137791883484 0.09299238145675488 2.765823669782473 0.5875263777867156 7.392632182642601
Cu Cd 0.37868735384890384 7.903354603818316 0.2992896978539698 17.441981535753204 0.27914516116842414 3.49247191156131
Sn Hg 0.5760911017468545 8.462768386905923 0.1677143097946491 3.169338567919431 0.2440132377988111 29.393818863991733
Gd Fr 0.6423668197319005 9.064839384655391 0.1713673838415005 3.4246597343586958 0.31411674792951344 56.50365893171307
N Gd 0.08921994003154456 38.119244428412834 0.4715531349015453 4.2799231624553 0.42197826264212107 11.491005931442523
Nd Ra 0.1139933900525924 2.864384091954168 0.6055079797510005 7.8241873934612105 0.2920602686284254 32.136354262370745
K Zr 0.13822698816395923 31.764667712692113 0.5894372415640131 8.495389459121796 0.2591657157344371 3.0194236214830372
Cu Bi 0.20846528257398686 52.70973674713551 0.5772660347844629 10.008235299945385 0.2702098596643977 3.7174040838321427
Th Th 0.11403854228726779 2.7999508354809906 0.6117986192462408 8.122560895490842 0.21691775893952983 20.057941136378357
Sc Ni 0.19886286695031954 24.526489898563018 0.4946986107790488 4.26005215440947 0.3098923538309367 9.626652364313397
Be Tc 0.4065791625908509 14.51397392301272 0.5577790606308917 3.9062826208072488 4.2222303571452584e-09 3.8823542377465357
Mg Sr 0.5809979462855684 5.131462856412028 0.06507551670689594 1.7391201669915202 0.3260854440350932 16.978835056594736
Cu Ir 0.2886174737870516 3.965856597344761 0.5346851859199768 9.615064680041906 0.20626624957308332 42.4356248458878
Ga Ra 0.5938045560699935 10.550103807666309 0.19368019993812827 59.01342725960394 0.26946884593631626 3.661733426396961
Li Xe 0.4208928207755736 5.03245449828863 0.1779972621318571 2.2820011498342145 0.36247578728623586 16.308641316278134
N Th 0.36167880086014714 3.5659761136335377 0.28108933921255747 15.537060553329272 0.2976368949978376 9.941007012517947
Pt Bi 0.31171518124915587 34.692856718493694 0.0786243524563763 2.7445134427804403 0.6314351800279019 7.29601517337238
I Pa 0.2189329916818796 26.623814569203994 0.552479288171707 9.372939598395979 0.20425107258776368 3.3432828725121815
K In 0.30550649420865567 3.2523832966862436 0.5512063945384142 9.72469176040874 0.10270286751104171 25.095261838192346
Nd Tl 0.3026219636101375 30.0587554728335 0.5907508427061638 7.548993912451205 0.11422138033178585 3.0249636712717702
Xe Rn 0.18267898225741028 3.0800161384348397 0.2284500339249536 34.20185096970557 0.5880683557714644 9.173576256858386
O Mn 0.6988167945306065 4.647736683863144 0.15547906626880822 81.42634441335912 0.263269539715873 15.510476977113603
Na S 0.47054934057869624 3.357109802134748 0.44007312327845943 9.124551358274857 0.1078063467471498 26.97941811737449
Ga Re 0.2911955194959312 4.008292615251297 0.20798657461787107 38.47502070398049 0.5210125319467874 9.546325997890968
Kr Sm 0.5487704201992972 7.193813192061208 0.2831584926114267 23.32143068930483 0.14399989079733413 2.991573162357397
Cd In 0.5476713736577399 10.411662066207224 0.1545002603160389 30.255960566086802 0.2797320939690291 3.3663016761192477
Ga Tl 0.19747240304379096 44.71858361599049 0.2586498638794649 3.731487880175139 0.5731623348660285 9.701147419206269
Fe Kr 0.11439616626411044 32.143721889148125 0.5203636795954583 9.836419084369277 0.35103969142336516 3.72044486804038
Ra U 0.12721872183640345 3.106471393664203 0.3450795425666275 49.539495589995596 0.6432092531811796 8.593399510964234
P Fe 0.5165244982234468 4.009794851021771 8579619.217428248 526.9006656531852 0.4380687493464589 12.164442341184197
Sc Sc 0.3930717138045675 7.073956111254096 0.2904518092460613 17.62750144933779 0.3193376873691656 3.2842055222697786
Mg Ga 0.21791773686881724 3.0371511484245635 0.4453898152838256 5.892837203007968 0.31012368393393436 15.883612282731889
Ge Te 0.4130929762704464 8.110954504161182 0.2877694266956095 18.810551053899385 0.25973268255440085 3.4176170874747975
I Tb 0.5676203528068158 8.361021074232099 0.24096712856046199 27.980298042176255 0.17199496511776743 3.1779967672462353
Nd Re 0.1158716567622516 3.25082399109913 0.31692187397194105 25.75233800011285 0.5501146402033524 7.0604711016330075
Br Rh 0.44159214597067986 6.889896823367035 0.332491770005719 18.455645454235192 0.19480676706391434 3.18485966690537
Xe Hf 0.15314908255445916 3.1557878491582834 0.5433549545718711 7.834574184462094 0.27527822159432136 25.375260176386217
Be Tl 0.22847297073211717 74.54117886913251 0.31697546397300697 3.317587705083953 0.5752313992416761 10.514014973511596
Cd Pb 0.1757194676634465 3.162253133301931 0.2390143026687657 27.924017506122187 0.563099487909171 8.467171157859452
Na Cu 6974321.860297787 516.5574397922202 0.4897209284602929 10.451208827035742 0.4470389045253781 3.741881452054643
N Te 0.45695897468825036 3.5940742510930233 0.07823591359901183 30.288864129832355 0.43699832416301504 11.644867000146139
Ti Y 0.13164824724744822 29.543396039703136 0.3140828820149029 3.4398809247245445 0.5365319203108683 9.187004680519818
K Os 0.19713181261755539 31.926137141235856 0.5463978807410137 8.593442916795842 0.24745598734180863 3.541803336477019
K Pb 0.1868454106488716 34.466848292280616 0.18864949114358942 2.9762701010079473 0.6184325722517782 8.45696619965979
Be Re 0.3772532533670243 3.8742759201576344 0.1741218372448174 59.55036528600341 0.5068553701815666 10.573419285868216
Li Sm 0.12116611807948738 2.2846863229880716 0.21865017436908513 24.283853484656994 0.6325208870650199 6.252003643664512
P K 0.16349140862277864 55.084544919270705 0.3500426793872193 2.9124748404316967 0.5866385356010863 9.261377306368585
Sn Ac 0.23290341662361883 24.8468779201439 0.18325477087311812 3.127643946972756 0.5534119996903935 8.839377095398577
Cu Nb 0.4085228482905056 4.017205738670723 0.5025205241623775 11.713860661397675 0.08696015265236076 46.18479728788191
Cd Os 0.1692387630427136 3.3079402982053807 0.2530564306345385 25.927302321949337 0.5472104531824319 8.038514755650928
Br Mo 0.36648012481767134 17.390106003155182 0.12983666978418174 2.809196907116361 0.47256283323793713 6.09023338076231
Xe Re 0.26848375768051264 25.945382025468984 0.1518582950593623 3.1261299382033925 0.5514123407146061 7.943613947837552
Ge Cs 0.3093637396620515 19.961932855910398 0.18960382168403353 3.1435517366868027 0.46919967378865696 7.093361439991618
I Sm 0.18709342715737035 3.1792275296334624 0.22895389234410843 28.503172115914754 0.5663355894107841 8.665078349661059
Nd Hf 0.09148340419609147 3.062144838088053 0.5517806193271773 6.654235875164802 0.3336809935771472 24.07682693078917
Kr Pa 0.5773004564799483 10.004249432950608 0.17166852820424053 31.24347702277088 0.241428650092641 3.6075145326649585
Sc Fe 0.12623677065896372 25.828948862867218 0.5928196946835698 4.526559437746052 0.2837452522936274 13.281590414767543
Mg Kr 0.3397497432813404 16.33392897859119 0.06937407351082353 1.8721759818394192 0.5635278918841994 5.034047673223838
Cu Au 0.2586005828144782 3.7514095962289837 0.20397676538156495 42.59365969088814 0.5635409213277183 9.386651658320154
Fe Ga 0.20248918520312445 23.578704738146065 0.4847818304360301 7.903488313159781 0.3010779360085447 3.688006838032355
Ga Rn 0.2572495371328889 3.6192908384035363 0.5946228089757317 10.166853781241663 0.1854775098604856 51.97320409329249
P Sc 0.5514740561082544 9.968623796713063 0.23347256156231316 71.40846065945345 0.39237172219183103 3.2189544944761046
Kr Tb 0.5542804852652257 7.7094234394690915 0.257072466666107 26.157887077126702 0.17276975449761078 3.2481025761158744
Ga Hf 0.5128575577358392 9.013738855668654 0.22078901777944634 33.14518661045899 0.2743160236412068 3.9218761063325083
Xe Tl 0.24453807027673483 30.522537129418936 0.16870966836819642 3.10202675369382 0.5772012939791458 8.644956810232225
O Ti 0.2802876193099862 16.968204325030207 0.7054129938042483 4.4415822886488225 0.001134969360291311 4.442417516155211
Na Na 0.34436525897604564 2.9176211202562596 0.4978113892151584 6.593344535337046 0.16907580118674717 18.6154546967205
Ho Pa 0.12926067389986343 3.409257356066608 0.29577724351256435 22.783442599587424 0.5332946057187503 7.56384052870553
Pt Au 0.06475966652130873 2.6357990956283155 0.3256655490040485 34.94094238461365 0.6381844715112115 7.016639114196592
Nd Rn 0.602988780974746 8.43663782468484 0.0005803848262290108 1.1593701598040775e-09 0.15351828688724947 3.269783254603405
Li Tb 0.6437333166462248 6.667547588024317 0.19702672046815292 26.239912996558424 0.13242105637109045 2.461304998900463
Cu Pd 0.190345413874621 20.809707952605397 0.34818705340561346 3.7993751037119408 0.4238534820970885 9.662443094832305
Cd Lu 0.5756855450425087 10.213020760076164 0.2730462167246748 3.8228870762076075 0.18398066954085912 50.97064167692015
Gd Ac 0.6471607615082093 9.625834505307582 0.19678208447404516 3.589820983866747 0.25876437249803247 58.53432916252541
Be Hf 0.15540862415224613 46.70268336969046 0.3341707450487408 3.6689893965036675 0.5308404187080107 9.59855018172834
K At 0.19701669621317208 35.23016591807339 0.1667953837581428 2.7788955792353147 0.6361501024995453 8.301735326545364
S Y 0.2326321447064732 2.8794219084666968 0.5478021302337199 7.464141270575636 0.18660615247752113 21.335233647008927
K Lu 0.5628035151229993 6.149664096316048 0.3203377674016666 18.33881895259917 0.08203788458064402 2.46894955531238
Mn Cu 0.4712941534000766 4.217719627307068 0.13817173569663613 29.474726596446178 0.38951472277938565 10.552917654140272
N Cs 0.18302535303007114 27.919548784689905 0.43062938574336734 8.618116832678755 0.37445857108893665 3.468807875791722
Br Ac 0.26318204058024064 21.913753763782996 0.5291500895695015 8.310200836216977 0.1792372179443008 3.1514748339637295
Li Pa 0.45874021553601807 4.028305181246982 0.48207525551750646 14.535201799939468 0.002088096752300071 1.9599467713670855e-12
Cd At 0.22186591089128727 29.93400390376283 0.5714447913353657 8.861772471674925 0.1870279830456758 3.179885547214861
Be Rn 0.41839618186205285 6.952386353987509 0.3198239292616058 16.686932880605116 0.20303413193129338 2.604336867565705
Ce At 0.6009839616925311 7.734332516695644 0.1143766764404753 2.849246097419596 0.29427628257010585 31.078076360026163
Be Fe 0.5722478396413214 4.16320363997506 0.15086325630002165 35.857522365685284 0.30365051622515377 8.760650531914287
Li Ga 0.6381797077131067 7.480094413183328 0.2595356988841323 2.854063632705462 0.17642967056020556 53.36653121534003
Mn Ac 0.2677031954551116 3.564710787255595 0.6069347581331667 10.255767990034926 0.20841019222380153 57.1586090700675
Bi Rn 0.3443597102585416 41.66943335668912 0.6436925321837655 7.775117443847021 0.0941512174708748 2.7371721502912836
O In 0.45804806757671296 3.7226668100039677 0.1285624889576386 24.20252930862521 0.38447409538868044 10.604191115341472
K Mn 0.4028454746497631 6.9170199467966 0.324952250123239 3.570859198154173 0.271755803211968 19.510425842803254
Po Pa 0.25541617174817305 34.50595570123618 0.6330245500221937 8.467859642762983 0.12746767401715345 3.156108771101052
Ce Lu 0.050562925340204 2.507894474597611 0.5226711419173152 5.933613866016646 0.365070237426534 17.882342610542587
Y Pd 0.43918983715260507 8.063856642306881 0.24775093957848546 3.3466079959588932 0.28643121174374586 20.46625841499136
W Ac 0.2963184807477605 23.403505972658937 0.07254049107376162 2.678020448121571 0.589942650597916 7.053183493452658
Ir Pa 0.26420561178442853 24.91677066794844 0.5752833913902053 7.769554347715887 0.11936641746136312 3.3123824160113915
Ru Tl 0.21509024937223895 36.50579486300081 0.20953449145035719 3.431353120854918 0.5828809184731473 9.11570635688948
Yb Rn 0.2266717572081954 46.243997900791776 0.1807008291980228 3.5450806323800768 0.6269484811128371 9.25723085107278
Er Au 0.07357776429449217 2.9003767670051355 0.5986398711423803 6.876777307871256 0.31672968680211405 27.947732026012574
O Pb 0.5377193820418842 11.377982713211232 0.37002932649821924 3.721631376720201 33859103.871796355 564.7184354325863
P Re 0.17916837729529494 37.95912784098468 0.5308227836186603 9.298610084100149 0.2992909710233533 3.732763242362833
Fr Ac 0.10526113805916482 2.7403825867617537 0.279961003741961 39.77177499856441 0.6597535948749697 8.147187714399704
Fe Tb 0.25067786516686213 24.74853898845244 0.2511150507481335 3.890139171828163 0.4812246955054 7.863694273315809
Ag Te 0.1360638782411425 38.08348170894515 0.5683933049578995 11.096965547008326 0.29241571568365027 3.405119580320138
Mg Sm 0.18867061494710383 28.385054261077656 0.21431403302228902 3.085147834062966 0.5836370674644571 7.85472266569347
Be K 0.20082335636260526 19.50104559137994 0.2540417748527989 2.3159834387326 0.5331322903716571 5.556509581602542
Sc Hf 0.557184981807821 8.16054356590559 0.2107933190395489 30.178368013806214 0.22147579987026858 3.5112116291025575
Zr Rh 0.4497180163374941 8.707181599506278 0.27771219924814594 3.4816250192532694 0.25121392792017533 22.389993226388796
P Tl 0.25079798201302567 3.3882679623040297 0.5634766878548221 8.839426449494411 0.18434327114635352 35.09109112247615
Fe Pa 0.5503834859235802 11.689270235224058 0.47546752490264593 94.5546783839007 0.3527736869780063 4.188814650926008
Sc Rn 0.17034012548492874 2.854638171306942 0.19319126873905187 36.201812561899196 0.6361238076311586 8.452642343547119
Y Au 0.5518746585440178 9.245523774811193 0.20161793564839273 32.21115634576468 0.23386952953391935 3.5582271583423246
S Te 0.08345273224141059 41.183336457781095 0.573466689035942 10.275235060932971 0.3226912847351617 3.248679421880564
Ru Re 0.2512866210772495 3.7862166876205268 0.5150372842314536 9.116745624872104 0.20499112348869422 28.878940625899194
Mn Mo 3.006296302837902e-07 4.222795501436811 0.468325792749911 4.229974007398774 0.4796110305563313 13.187601990712116
Yb Hf 0.13836127183349697 3.554399020374922 0.5747234671464038 7.614698158106152 0.25880407964815805 27.844382278842307
O Os 0.4565708413126266 4.34302393860391 0.44953811952404 12.22307799221411 2.2511555086549677 140.2256989902221
Na Rh 0.17578378295006486 25.028410605799518 0.4894020358840457 7.9044001133732795 0.31074496041018934 3.3167199456361756
Tc Sm 0.5460573122411781 8.718816689805623 0.22864090136970536 31.342636845416212 0.22473379930894066 3.5496522043664
Ti Cs 0.2839445163127268 19.234807898442718 0.18423087303115102 2.9208787801744895 0.49751763696369583 6.978873792700017
Ce Os 0.3096560434270936 25.879648632125726 0.12556592934489325 3.232791190499328 0.5475166368759159 7.229476517155037
Y Nb 0.3372903417870098 19.08188007286236 0.1751298804066576 2.9767077548215277 0.46463988767173386 6.756204703951077
Zr Ac 0.5513570780658721 7.532887654284745 0.12651506762186954 2.7569482470794795 0.3052293177730842 22.70871169920145
K Ti 0.4658233029733875 7.5882617787709785 0.3084747471030866 3.137573748891548 0.22765259569041185 20.12006322100859
Ge Y 0.17854423729781566 3.134795742291672 0.43566659624074366 6.340240521604805 0.3532287913082494 16.861196118731776
Na Ac 0.548179818648208 7.658273407455773 0.19436129217559162 2.9070875767055036 0.23098152809480074 24.685288070395856
Li Kr 0.3313220169952509 2.7444875840510505 0.5963820023255513 9.211261872724219 0.6287475647884214 110.87796293736567
Ce Pb 0.11056301411958808 2.8786517085057666 0.5946827507261614 7.5370277329557265 0.3032860873787872 29.963534591181794
Be Sc 0.3917322691585657 6.835023030515648 0.43216622246758185 3.195754973544574 0.17251771587724848 23.312763144814394
Yb Re 0.13963458026217074 3.579954663979373 0.2547321871891117 27.254572205257304 0.5718977110054356 7.6599733079206525
N Y 0.5339130097679535 4.053632709691571 0.39316362068324995 14.898919884706125 0.03973474373727834 4.053314049705775
O Lu 0.44831135415098167 11.874574414415378 0.13472275614189808 68.81976337070999 0.4652996850462607 4.3415595093854575
Na Mo 0.2574363983527286 20.04356616688573 0.5536050261855374 6.0415930251731575 0.16218710871535152 2.7091262574552575
Tc Tb 0.2268888013507731 31.83591628363299 0.5510830297769302 8.659455509538503 0.21976267617740985 3.6014939439383133
Ti Te 0.247430716201753 3.097484478034902 0.2812740329368123 16.68688631414733 0.42453442264543123 7.887996747871617
S Cs 0.19359309453610873 25.450693844981604 0.19280207740481023 2.7039080847724466 0.5878895674514298 7.5563626024982735
Ru Hf 0.19416419202134177 32.39398935255424 0.5104651897666013 9.604257410440585 0.27932610664351 3.9363097822559676
Mn Rh 0.06379463647841606 58.972308100418736 0.4219652419418226 4.03896529557838 0.5046742217192816 12.12956154625318
Mg Pa 0.3056361358708236 19.265466788323877 0.16600312428267516 2.9993467685059967 0.4891713186557534 6.884266266937802
Kr Kr 0.5177595005918693 4.72085506986884 0.01351950424642293 0.897127290384363 0.44495423959434943 15.8556206894464
Sc Tl 0.19989282250863757 3.185308179789911 0.19985855256928617 35.18661510547799 0.6032787210516986 8.504857068222464
P Rn 0.19167900946072283 33.0892312740693 0.616140789731321 8.22457169851058 0.18113310040347022 2.831524216653826
Mg Tb 0.18626948756468614 30.34321902120052 0.5907801616767673 8.017055739373921 0.21523009350423528 3.18682745550445
Sc Re 0.2873343613063329 3.8412921933778423 0.2050866212525086 35.285093340202 0.5156177988469269 9.022824155697213
Zr Mo 0.4587054237352965 8.969684764506844 0.23210615906606225 23.720314840848978 0.2939057636806415 3.5361818034525174
P Hf 0.16857006870582847 38.883402868284705 0.29414237426395673 3.676301898014079 0.545177192274621 9.33592023396327
Fe Sm 0.41640532490497617 8.330225523631114 0.2495978312844207 22.957016702948994 0.310254514486521 4.0570784358525795
Ag Cs 0.526726853691533 9.380562901744586 0.25167329431181085 3.345286078963644 0.21728669082949817 29.697889275816014
Yb Tl 0.20802692472456744 36.22178422331922 0.5898380155793728 8.925244754679703 0.19252375326333743 3.7536616539883796
O At 0.3620569011861925 3.6143698975991474 26180843.861973047 563.7605061901679 0.5480107440371633 11.541806891047791
Tc Pa 0.23821398701594126 3.675101144897779 0.21334462575431667 30.764771822971156 0.549263722303671 9.693088235814349
Ru Rn 0.21272886670053295 34.45317149002455 0.5892566244822651 9.115807782110995 0.1952632728438009 3.237474912680241
N Zn 0.3842278331844109 11.893607386068718 0.5576579594476845 4.162133786446353 0.820391945649227 116.6915385436806
O Pt 0.4923949056119585 11.454440812428105 897489.2345486914 466.0550136206489 0.41007551476533205 4.067120051830055
Er Bi 0.3085134154497297 31.215527164343033 0.09494498208470263 2.9981302801849377 0.6055436423290506 7.360991852747267
Sc Ra 0.1792934777342271 2.9005895919963454 0.18524783071418754 37.98450462557065 0.6363862426346932 8.686049244334162
Y Ir 0.2956879740256032 3.9333534923273055 0.18579444534724723 36.804387415823676 0.518719936186407 10.170797243491192
Fr Fr 0.6525315803765732 7.847448057721773 0.09286133887679751 2.59536454656614 0.38708612993553365 46.47860295929249
Hg Th 0.28886194631114004 29.08269676545901 0.09019336310849127 2.7394900409408263 0.6222813104161954 7.614781695664186
Be Cl 6.04460336775255e-11 2.879878746506992 0.6395718442538239 3.455143334792348 0.3376015436694612 13.528879191564267
Y Bi 0.23441555606921005 3.492688917246234 0.18598369116410127 37.90370601993582 0.5826191148057132 9.766043346016732
Yb Ra 0.24505433040790203 49.7552368727115 0.17534274992555374 3.482296882899208 0.6356821392611848 9.28554883798553
Er Ir 0.5946667763825708 6.696265854789759 0.32426997836404714 26.78615406775136 0.06588940925807758 2.8998012984161576
Zr Hg 0.2143651285882755 36.31229901854018 0.5799149898509706 9.109076261205782 0.21677190319817616 3.465684795267098
Y Cd 0.3095607609779484 19.87294071878937 0.2072923585840622 3.1198152008059687 0.45471305316530186 7.5363396343759215
Ta Th 0.5851660237167775 7.1326229513709 0.2954583771913513 23.50195523628839 0.0791134907072133 2.7562442509583773
W Fr 0.08944697341515148 2.8504501691068764 0.6198738482908434 7.458545246838814 0.30490635618488127 33.43344205298948
Tc I 0.20699910876007918 26.623772836316952 0.5269651391150977 9.383560270222691 0.24827708030721893 3.243887858366982
Ti Gd 0.38014258508579474 6.389848415710609 0.36710336036950203 15.82251207426511 0.20830820660249114 3.7232661279153763
Bi Ra 0.6406035614762335 7.82305319661263 0.09617133964084275 2.7421100152830395 0.3363909395553676 40.9047189496091
Na W 0.5314844119007796 9.668369619111179 0.2130178092730806 52.20626130486524 0.32439183089746026 3.7693992610562472
O Ag 0.1886714902327822 20.17779565053927 0.4884404416531586 3.8832128053597508 0.29262117893810524 10.178048355943698
Ru Ru 0.32563677415106457 3.6461479402159505 0.16527483942907925 30.552751810644768 0.5035119581925233 10.524408570770628
Mn Ta 0.20300459222580097 35.10280980316169 0.46943387170074075 9.477836672288158 0.3344922497835522 4.209259403660167
S Eu 0.5755220899111595 8.231842219802196 0.17850112970532173 29.131681758865653 0.22747394820147945 3.2581465508630956
Ti Th 0.18649019253586818 32.41106174143661 0.20060791896425517 3.1082061604031335 0.6112770025507854 8.954378995577473
Na Hg 0.18959436381616096 31.047298030738148 0.22723649797026413 3.1949300292296074 0.5674419378273923 8.181009792047789
Mn Fr 0.37233702876766767 78.72847683927867 0.614782734886234 9.986714104688465 0.25328450578559425 3.4632485419594903
Sc Tc 0.09970055993099763 61.01155662039096 0.40698236157298906 3.825293921879889 0.5124132312848839 11.41456220033458
Zr W 0.19198192712910742 36.334210563872055 0.29452955265524616 3.9790295665805533 0.5122251487812749 9.79818311949115
Mg I 0.0969670779445117 34.29144124196183 0.537863640005282 10.173717630185719 0.34392577701570004 3.2494989457034493
Be Ni 0.5436035864576056 4.1380669404832355 0.15633608071023178 46.654962442902395 0.35432229301084084 9.275012664691543
Fe Xe 0.221885910984486 6.574952209378985 0.45136965593853157 14.237689617259372 0.2741236194366934 3.394587062623116
Ag Eu 0.20590452056205497 3.4196026979145167 0.22753499864016338 31.167584149580286 0.5616155974228797 8.688462483012076
P Ru 0.49698531629457715 9.649693545328338 0.10663516666767224 29.393460585321677 0.3669325200002313 3.5546318684876153
Er Yb 0.11881127440292812 3.349345028127598 0.5697796109916652 7.375569544602196 0.26882051087127024 24.18175805154353
Ru Ra 0.19961484249963807 3.2386450299211873 0.2057134874748242 33.454582246186085 0.5844003628155646 9.244604121210335
Be Ne 0.6221927466891681 3.4707987147999892 2.7585497993021246e-17 3.160503516946633 0.349617739667514 10.727383171358355
Y Po 0.18206972866058468 36.34958614797013 0.22748041073291062 3.441315132072104 0.5860707392122746 9.698020063217744
Kr Sr 0.4453243660895201 15.935400036877569 0.012922795952023775 0.8182149649254268 0.5149480664563004 4.730592155118974
Y Yb 0.23873511787319024 3.651988228454576 0.16099498527338785 33.31663527758411 0.5801572047323685 9.438188998307563
P Ra 0.19171092339689583 32.48440032778491 0.6208071396736456 8.16092506913323 0.1727163787873811 2.755805005549684
N Rb 0.10039231758301694 3.890654137656776 0.42113720265759635 13.954016665847154 0.4442695932763844 3.8904536762463375
Er Po 0.09827769357656779 3.0068325285754973 0.3054300937687298 31.787989743248346 0.6070012730073857 7.452090392086155
Fe I 0.3815091129904997 9.783060359727116 0.3358743988226445 3.587827490019113 0.23343620695569625 17.08779418572734
Ag Gd 0.34709015260104387 72.85364221739438 0.6050748333837062 10.106080247465963 0.25632362241032397 3.7068309645456825
P Tc 0.5033110300429436 9.227966013486338 0.34845851956118107 3.4765976426247285 0.11978693439607986 28.1414289702817
W W 0.3291274196965724 29.43226375217336 0.08288787105383379 3.2230610394185804 0.5908035657901026 6.7657650909876175
Li Sr 0.02456399876505919 1.1280967169977933 0.48989746562754277 11.583008450125547 0.43913708109603866 3.4938439769735834
Sc Ru 0.5184116425573398 11.642912066803088 0.40808134525803047 3.8223098021150137 0.08914583674460409 67.9526092200199
Zr Ta 0.2855021224618109 3.92921803141726 0.5150729415342055 9.60112753262607 0.19497507396256364 35.19220831262298
Mg Xe 0.32355158812232265 3.1198556502824326 0.10422851887074738 33.801638502839914 0.5526206004578195 9.948929513979548
Ge Rb 0.12697789119935055 28.730399897117152 0.3451054616815462 3.7010182611529086 0.5120670408470492 10.204812937307878
Mn Hg 0.592910237730342 9.124837460069228 0.20946438719213786 46.53821705818144 0.23706191981068295 3.564680543833113
S Th 0.220081257086092 29.608919181529508 0.6224308623000194 7.936976999134564 0.15482251615219433 2.6651210150384603
Na Fr 0.1898976407046446 2.8636468765793337 0.21830054689786282 26.433075961739743 0.5620196716167462 7.6561022871399365
Mn W 0.3281784459409339 4.173983986932521 0.20160094639341458 36.86179315066722 0.4816877032342335 9.51838403759822
S Gd 0.2021449929301106 20.180186199427073 0.23264207318447092 3.3677214680118572 0.524424363410124 7.9758770512336135
Tc Xe 0.2452007622824325 3.2099270629312056 0.20090385181100495 27.0755181256951 0.53509234660006 9.453927347058942
Ti Eu 0.4640131931950826 7.743520116633832 0.25353981303254264 3.7387359759785666 0.25443022028934864 22.161125834075392
Na Ta 0.534307188037884 9.47555205936414 0.19797280118206106 47.91371841026306 0.31618527163739224 3.742144894252752
O Zr 1184094.8214614524 517.3059156072784 0.3808898673515394 14.88157695986558 0.5785296907785288 4.15952784677974
Ag Th 0.5665613471703936 9.122505957756793 0.2321738933358571 28.391506953336414 0.1949061368012525 3.189733356287603
W Hg 0.07210748884490711 2.8618770474809545 0.6141552117096317 6.97258469916699 0.3176144377702966 30.519925093233287
Ce Pt 0.5643963682892852 7.2716065073565685 0.11598167680753264 3.084800370805181 0.3042935747721214 26.60807201615334
Zr Fr 0.578449362341061 8.048217189139164 0.14799703505570627 2.90682629673746 0.24303888235149623 26.24476905963169
Ga Ta 0.21352881027803527 35.008748415877925 0.5157106609672383 9.240674352298026 0.2823341465708923 3.962803393223954
Kr Gd 0.5782848813954456 9.108177150353047 0.16013268850671938 32.14433966553285 0.23995253141830486 3.582917581245539
Nd Fr 0.11077231358957738 2.823605041533178 0.6083488635426447 7.7810092732898894 0.29317306454959086 32.087280816779405
Pt Pt 0.0669577555693019 2.7156548827305076 0.6350110673604176 7.009031482638362 0.3257637471341262 34.65187759341581
Xe Hg 0.2505332388338959 29.663705403181453 0.5740166527243353 8.478272829699927 0.16374416205809572 3.08970569797958
Ho Th 0.07683166913148003 2.683408300667269 0.2977019523492121 23.564887688647335 0.5887723024011423 7.137577382380426
O V 0.06494276932193546 52.89860281462585 0.6983769102210475 4.509708005249479 0.2626836053825753 15.501908470776845
I Eu 0.5675303879470553 8.567131735324207 0.18199051256599552 3.1799396255458445 0.23293215133294032 28.46727443100552
Ge Xe 0.23723060129919996 3.2603047199454487 0.4402875687222615 8.029756841737367 0.2834597116665653 19.194204224872788
Nd Ta 0.10193528026497589 3.155431717213312 0.3270507309544919 24.61152304766095 0.5494360197953622 6.805734683209523
Xe W 0.27205392103926657 25.442923038557307 0.15057204708615807 3.1282219122118784 0.5474604808795561 7.868454948061976
Br Tc 0.3327303938205607 18.423125380096124 0.462459821405357 6.692931361454018 0.17510216092783282 3.072789070326718
Ga Fr 0.1814606018729463 52.753113931852326 0.25903100876581 3.607250368646272 0.5956032817445387 10.268203643863584
Fe Zn 0.45529592975379957 7.842416003629929 0.21496917096826776 22.483989855118388 0.3179637787948282 3.7603110920946543
Cu Pt 0.27442289829341837 3.8662378607497514 0.20721748502896375 43.217957302251186 0.5494416647715076 9.513352102577663
P Ca 0.5762400044038796 9.513768602754542 0.17192233966838946 58.13782067895875 0.3637306322579297 3.025490459451159
Sc Co 0.1618333066057695 25.156551066621482 0.57315152621932 4.49259977632683 0.26859922612201215 11.964715802642788
Kr Th 0.2875653934199802 21.14121720623964 0.15565443871524748 2.969091153358556 0.5276620698935975 7.9408449157365135
Mg Rb 0.573243601296436 5.09990188767414 0.3314662301278909 16.7489590169909 0.06814725528795092 1.7981442105874075
N Xe 0.4779360771325731 12.027925881091042 0.04644612336260256 31.6073983332907 0.4402323815788393 3.4551145247604715
Br Ra 0.24260856952186607 3.479377966322703 0.6016081470033342 10.222751545875045 0.15583132959005258 43.16344120688816
K Yb 0.053801476644685174 2.072055746056005 0.34616627845869796 17.175909945578148 0.5604163141090788 5.897367501630356
S Sr 0.18700671192353116 21.428869729651755 0.21690967294559008 2.756527532172049 0.5630392571661073 7.31227595738979
Mn Ni 0.12860493836742082 28.22010626067134 0.3319013801588511 11.770356314924246 0.5371874942095486 4.479618893631307
Be Fr 0.37331674609855603 15.56866528939981 0.37152682675700155 6.398045106350409 0.19463083062516015 2.552396011595745
Li Th 0.3512735904771679 3.1621837079492425 0.564745661821401 12.051076834419915 0.2337043905532452 94.05999732928767
Cd Po 0.22587120882083037 28.92093256989314 0.18564707306897116 3.1918825750617392 0.5661857787431704 8.757588410052303
Be Ta 0.15805795315348253 50.66225038477336 0.5189943851735621 9.97674845854262 0.3534631982605434 3.7611122772468772
Gd Ra 0.6416918467548987 9.207248452551063 0.3707647029278724 63.07052110287177 0.17818613822090382 3.475559832918818
Li Gd 0.6119783882965794 6.803818041844758 0.16460118009096114 2.711245456704535 0.19593395751273643 25.18061022937422
Cd Yb 0.2889468499504987 3.9176132221599462 0.5935633588152122 11.044239620148797 0.31495343282137633 83.2646372678856
Cu Ag 0.2997909353438179 17.481169824187642 0.3733540606202007 7.869082065969656 0.2849599632592954 3.5492888309588
K Po 0.1956245384639082 35.38264950730042 0.17639755579586644 2.868364125797414 0.6286026417507744 8.378478213177873
Mg Zn 0.29741840379670054 15.80010089978613 0.2486696592199511 3.12910005900725 0.42653426125015464 6.172205612992874
Cd Cd 0.16632340868845422 29.032832954415287 0.2794397941377467 3.349745464860098 0.5370358547036892 10.236323111608307
Fe Rb 0.09686893274227275 37.437637255369644 0.5146682878688673 10.519701904586777 0.37761674863269096 3.8238886602166002
Ga Hg 0.25114774065195705 3.705238144976396 0.5731712814281333 9.484148676761237 0.20132277242880814 42.45010222178363
P Co 0.5294567731563875 4.092108270909743 29266262.305424437 560.2572394116729 0.4250354287782838 12.472807401122962
Xe Ta 0.15013360578013552 3.1325348007346183 0.2755875221479583 25.371718044056518 0.5457095953819465 7.822663920239883
Br Ru 0.18915275799611117 3.14852103355213 0.3288411187102613 18.599146232484795 0.45226689050103774 6.855770986116304
I Gd 0.6242575585571807 10.124523472077275 0.27254429307100164 66.99065261420832 0.23501679454317284 3.5214564571236
Ge I 0.24953852033183874 3.3475579725296303 0.28736106837711894 18.850361395988237 0.42340318545022493 8.07515458737361
Nd W 0.5491608519050635 6.9346419460180195 0.32161580037950244 25.14317915301421 0.10947502497104176 3.212794739565267
Xe Fr 0.2260578908810211 34.173234750421905 0.5867958684603319 9.23180099526232 0.18482883433528058 3.069065247130241
O Cr 0.15239149944379696 4.650210635484616 0.5679389668538873 4.650263601804521 0.27267529784986366 18.152796312096505
Na Cl 0.1114339370322074 33.00966096144028 0.48832576786156245 8.668901825099216 0.42262358341399875 3.2022729014795175
I Th 0.20724859476323415 27.329669386138796 0.5679221847707627 9.410666392817163 0.1981048378761417 3.1615104936728344
K Cd 0.5482389427650081 9.99766960934276 0.08785728852701458 25.64750742037042 0.3217934898582089 3.332534460750884
Nd Hg 0.11225809280709574 3.0305306604828317 0.30670510775111803 29.632496300226528 0.5880381971916729 7.459431536311799
Kr Eu 0.15499939218840691 3.0890048443560887 0.27122394550405027 24.32264131285126 0.5519815553984413 7.397195118365837
Ga W 0.5185301576670682 9.42116549377466 0.2105381109691755 36.99884804492075 0.2879834040919157 3.9918919734327387
K Bi 0.6226623740597176 8.437396018393652 0.18409004754868316 2.9393422853716458 0.19567727565378595 35.59931558016463
P Ar 0.14170277836452824 49.25863649767485 0.5883945712075649 9.111727885981582 0.34679757429998886 2.8602218758658307
Li Eu 0.6351893663220137 6.416369783926095 0.20986812106645744 24.94381351164797 0.12733938503559097 2.36531108413132
Cd Ir 0.2571663796228085 25.60740520968038 0.5510486337667575 7.940084239783513 0.160284033403109 3.2269889281875943
Sn Ra 0.5792749297058458 9.161988747418759 0.19008044300336402 3.1587242524276333 0.21327630900524164 31.564272655497053
Cu Zr 0.5064864590952309 11.565920558562757 0.09027192750319842 46.60362679662985 0.4039915544619692 3.9873023223093025
Be W 0.5113768979514125 10.302882153161748 0.36754794512861727 3.82797487367832 0.16541741544846011 55.301340616536265
Cd Bi 0.22963951832024293 28.78763037889975 0.5661435438405144 8.678952542479871 0.183147880517896 3.191508732018491
Be Hg 0.21095003451237665 69.02611402487395 0.31408478102011134 3.3385478172972696 0.5739671645526738 10.345964689770978
K Ir 0.25895601874931173 3.5803150690931114 0.5434331373361111 8.826959434467728 0.19162059527294045 33.375680452920136
N I 0.46415939925739824 11.959734382708525 0.054992280495588436 33.16046299638053 0.4494180274614864 3.528741164804573
Na Ni 0.4709249649698841 10.458592508480143 1.725635320425349 132.3213234022718 0.46314534604965396 3.833783385440742
Ti Sr 0.16212802483245492 25.083618054052877 0.2583306323067921 3.167864534660125 0.5559781021375804 8.244852859128368
Br Hf 0.5098172050567628 9.29047804220442 0.2143999058334152 33.40167563463802 0.27936596209648906 3.89276846266949
Ge Tb 0.553851358985805 7.408368321008729 0.26735510115276784 25.05630456553779 0.16373883921987062 3.296423387542582
Gd Rn 0.17624233600093667 3.4761610678120083 0.2976421001940381 54.3453738353979 0.6357626789591656 9.083072595937766
Eu Pa 0.5020917180678762 8.377895251515392 0.2696519064067975 24.22082111923607 0.19331770201228154 3.7677923208212225
Cu In 0.30914712377183373 17.175238805921417 0.2797929475631589 3.502507525774421 0.36710542812851815 7.864469909632231
Sn Tl 0.5757965386319687 8.643591088771583 0.17532519787593398 3.202540716794997 0.23594941030827488 29.894456139395086
Gd Hf 0.5464102032062583 8.090878489579119 0.23461246118454143 29.891991309132383 0.1929050625483874 3.8323608245776177
Be Ac 0.14776660726159055 66.5258256183119 0.5684456036234872 11.4196538829144 0.33422929355860925 3.1490093309299696
Kr Cs 0.13221709100458826 2.67693353883174 0.32955914491235616 20.24743953443892 0.5100230515420179 6.649649972360421
La Sm 0.5152106064206081 7.3325518347670515 0.3046700699604917 23.278058286372005 0.15347633606398317 3.0040266773756614
Eu Tb 0.5913603258628396 6.241896755230392 0.34292626870191845 23.557042432581717 0.04430969158971261 2.472265861412256
Ga Mo 0.39843329122965265 7.907782387089728 0.280281778782403 18.65504746549585 0.28845848229963983 3.631338626898597
Sn Re 0.16123573877161465 3.272866529742683 0.546090371640932 7.942173265168815 0.2617676089930748 25.442539802348133
Na Sc 0.5748608277194224 7.903164129690702 0.31523425678924455 2.941343965100478 0.1513934849751537 36.859812153652875
O Mg 0.7032116552493187 4.075311122763393 0.2649422974399661 15.823662819982474 0.016272692557031607 2.142008041518458
Br Rn 0.16704389795109487 42.79750694720518 0.5984058182230074 10.036560647161057 0.24022738264946034 3.4914727425658594
Ti Ga 0.5437446472443235 7.271441448752627 0.2382522385236597 3.2691295143343826 0.21501742100135218 24.580251608251334
S Kr 0.19912564097137206 23.649751232224684 0.2197900518481129 2.7975342006801345 0.5636605530583135 7.239098722309065
Mn Fe 0.0161023904414364 4.760820682615824 0.6130042974879394 4.760966116239362 0.3618302841099949 17.10288236153974
Ge Pa 0.5710833118447053 10.73749273480037 0.1299736786441905 35.070320519066584 0.2837194494026731 3.8567453585499125
Ga Ac 0.2533331036677763 3.594109735846028 0.5744217043465203 10.008660788449502 0.1540791264352712 30.61864507919434
Cu Os 0.2948333486574819 4.012028475331926 0.20758030168421818 40.98841530826851 0.5245761082067596 9.591438485024426
Li Cs 0.16257671861868717 2.164546426386304 0.27256811865735314 20.199997839463204 0.5343184270517889 5.771957366678237
Sc Cu 0.42850459799949037 8.027396945684748 0.3601312803696327 3.780945388686408 0.21368871388985453 24.43686649789039
Mg Y 0.07807638808251868 1.931140566799105 0.581726284089645 5.295744833799029 0.313058623629079 17.575077463378346
Be Mo 0.00196050219922184 3.810687641446423 0.42043170631332216 14.03671863766029 0.5411137810600222 3.811389125763943
Pt Pb 0.635981309973238 7.185843894241931 0.07125576374059733 2.642464307913792 0.31574323444795954 34.615442663902655
N Pa 0.4559056488987642 4.189672901456261 0.08043210133667364 23.264041209421887 0.41305039794583087 13.049197888307122
Nd Ac 0.10054821498396817 2.754347757700768 0.5837001208919748 7.471235370135091 0.28718181116313335 24.367751528001687
K Nb 0.1139228907173583 31.891087080406034 0.29237030019188764 3.1915720981798334 0.5712322069651191 9.036729497867258
N Tb 0.14874744359368444 42.90036600373019 0.4439437630121402 10.358792604947825 0.42204703010438693 4.1165647558931555
Cu Pb 0.2646553245685862 3.697484876430949 0.5756778986231285 9.8113980183236 0.20672689898386962 49.504282551639115
Th Pa 0.10417323363548248 2.9408075149708317 0.4863442703554701 7.3633150546311965 0.33962140495899207 15.462997297751127
K Au 0.19283895832977496 33.37829095376746 0.5813599150670697 8.543737669109792 0.21895198978290248 3.273081977023533
S Ga 0.42342767445283847 6.801584727362992 0.26222281106410644 19.186010944655525 0.29785704707529875 3.459703669136658
Na Fe 0.49076665977195844 9.799924290436742 0.43553042823861915 3.693755520392891 0.29222459194680894 78.2180297482009
O P 0.24530796349729597 17.383735812940074 6.822376872201426e-07 4.225266617481778 0.7396636446617643 4.211748735695025
Ti Kr 0.5872416077190631 7.521357189493084 0.20641978417574486 2.9088245524652208 0.18670795623340394 24.31689942979296
Br Tl 0.25899628963271204 3.6893252753647445 0.5755703320859058 9.951182665228192 0.19395367193272384 44.59327239808148
Ga Rh 0.4121565927822086 7.016768300742055 0.32368133219305106 17.842976576723125 0.22849598731018606 3.4162432657914374
Sn Hf 0.17336457529915741 3.353815117261801 0.2566900550801599 25.86084895066783 0.5410429843456981 8.057176072666268
Gd Re 0.5425022575164631 8.668083661319312 0.220690014186945 33.92319809058529 0.222819585756522 3.980114648380648
Kr Te 0.2007710074056666 3.046633281321953 0.3100411583982122 19.3939934625001 0.4553515639137358 7.516885178369383
La Tb 0.5336144055880403 7.112880899497889 0.30899532050019096 23.633562515425393 0.13149124807631654 2.9430277798472084
P S 0.43344366435444964 3.21363125447056 0.5259656920570274 10.11362274991843 0.09954611419791873 53.28629430577722
Cd Au 0.15444673923035965 3.0961096738842344 0.2524023198524391 25.980881934485335 0.5613282382643077 7.983851847110704
Sn Rn 0.17886550359243816 3.112067750320749 0.22285396123045392 30.217137670752944 0.5795649541265185 8.890216438842645
Gd Tl 0.603459289443499 9.056327753620373 0.2565387886414582 47.33665822583354 0.19973591688675146 3.722970110765167
La Pa 0.21330741332255168 30.343940977188932 0.21251077297095536 3.3836068590276263 0.557997746070464 9.30209450449853
I Cs 0.2563892845580051 3.2740521230913346 0.18988498577017163 29.502029879357213 0.5391896785916999 10.005593687362124
Ge Sm 0.5468170243189211 7.240877151151401 0.27516127943217483 23.599686423645515 0.15724753001209946 3.1791080035057684
Br Re 0.27927667704062165 3.8932731896637627 0.5299747626785866 9.611715657024854 0.2080115165894423 37.935628947500206
Cu At 0.2787200794403703 3.7261302762539716 0.2168988645376593 59.688247359377506 0.5805106765691612 10.334031344522403
Xe Ac 0.18610141003940342 26.936467894878916 0.5736400447323489 9.443075505997264 0.1964121847570577 3.137294586920762
N Sm 0.1490824435280405 37.163840757481914 0.41662593246317564 10.216408791232288 0.43672904776951854 4.07186997595267
Na K 0.14641691266134682 34.21137336904424 0.31334195977191115 2.7941408383254913 0.5758459376041625 7.746778898795751
K Pd 0.05216848513875184 28.86794749571719 0.36801086869098854 3.564999309386983 0.5348612677275792 10.816149973287864
Pt At 0.08458713639038078 2.77647471146816 0.6298222803532763 7.43660044721379 0.3058310678378482 34.938697631795485
Be Rh 0.3936150210357263 15.098758789160833 1.4985117859009188e-11 12.011105623002486 0.5712068800915938 3.9990017015346795
Fe Y 0.07579484172099749 51.827500839622395 0.49038656598809655 11.90926504021107 0.432338769406639 4.079967724319413
Cu Lu 0.2860149730978919 3.9771281900678157 0.234836861342101 21.459257449958063 0.4463184112699708 8.537364517035313
P Cu 0.4268145294705781 12.581013465339609 15653488.444268396 549.5129262866026 0.5257980898005274 4.091695435557929
Li Te 0.3619506101394258 3.10726929660183 0.32702562239999877 17.006424727153696 0.2757799977093399 6.615612683059037
P Ac 0.2132823846920217 29.909827627315824 0.6174059187308614 7.995384507957464 0.16502136647450627 2.7175716678428548
Y Lu 0.49742900216006325 5.787583958491985 0.3795077680968822 16.576986511494678 0.06429362968348655 2.573242851948537
Kr Y 0.019181907434462016 1.164602371135528 0.5154074334768458 4.856146202582027 0.43719873621497646 16.081944255832106
Er At 0.3044114856286752 32.678337559085165 0.6106732620001887 7.539808405099053 0.10017328076967395 2.9929103734176765
N Kr 0.4391939692609885 12.275180313823753 26767143.8549908 563.2416883031756 0.5063829186402479 3.7516959198348676
Ru Ac 0.5512199509613499 8.388809763317472 0.16994929255658214 3.071525889145243 0.26829184472972734 25.179236107217903
Er Lu 0.3205249495395108 21.62353188977182 0.040222868742806096 2.5262536647705747 0.590499052146416 6.180813897421229
Be Na 0.029227709438889728 3.037338593929308 0.4985667093633454 3.0378426890762236 0.4415244991267017 9.71375706644801
Y At 0.21991467414640414 3.3806583311891685 0.18264350941517368 35.854007161377325 0.5912708721519607 9.629295193441138
Ti Sm 0.25401150360352787 21.923628935737447 0.2675590948181166 3.7600802487028457 0.4500877982912058 7.871180160549841
Tc Cs 0.22262578533834662 3.2551352596901584 0.5112886363078738 8.39747735324426 0.25458800351490973 25.920881933283237
Na Hf 0.3031276426488565 3.6845264159959834 0.5418270499118558 9.238946561337855 0.1948848583379653 45.253326818658216
O Nb 80497.82504083727 485.47502083032606 0.5932915204987218 4.244523064469622 0.3699839244781099 15.534028499676257
Mn Re 0.32080501894951163 4.127406694760596 0.4953393039800436 9.560088856678362 0.20224235062234316 39.05137478314189
S Tb 0.2371071380524329 3.366361800072492 0.5741184340207524 8.421886810850944 0.1735003986184644 30.885378703217768
Zr Rn 0.15996609811490936 3.014395207793595 0.5860123850709057 8.312758221107364 0.22896273452324714 27.99383574480335
Ce Au 0.5743411770285343 7.274852622854092 0.30284458554552585 27.046545884607706 0.10934217669252747 2.9811307619844047
Ag Pa 0.204642894691834 32.65032014219718 0.5719075465880408 9.789546816927654 0.22625022712331652 3.543732681689852
W Tl 0.6132254993807711 7.1066702488527165 0.3128920359145807 30.985878844453175 0.0787727588869698 2.923149741873512
Zr Hf 0.5204698366761776 9.443711959949729 0.19564590171361965 34.48212576120232 0.2765249685151695 3.8753840875706773
Sc Rh 0.40332853225700255 3.797944248294569 0.5249131818569348 11.692402435826283 0.06004974876317287 61.16871772706591
Mg Cs 0.5586891680834889 7.959568704729372 0.244657378192962 2.8973055592065964 0.1813426086477839 27.926033816272504
Ag Tb 0.19645286630090622 3.424894076207659 0.23245811137632078 30.157852184645144 0.5611240588311511 8.490473640239282
Fe Te 0.36222120437526917 3.685012557662822 0.057669080037188444 41.92712561028309 0.5506048489107321 11.726919772090989
Li Y 0.4526086175947126 3.3052336995478884 0.003931068413483587 0.8801877520693574 0.49682110647662997 11.662762562873864
W Re 0.5948354635879068 6.790613208815788 0.3252907586679428 29.390249030841332 0.08007837147561314 3.1663346958275733
P Mo 0.1366522070016305 26.182193378667336 0.5154823845353101 8.724178320242874 0.31953196955837715 3.340201217655708
Na Rn 0.1918058097332967 2.8996281718761794 0.5612695379992653 7.64537106500548 0.21803149413005946 26.59607561777524
Mn Tl 0.23150976034773404 3.5093150426046256 0.2078032856105307 46.542562366319956 0.5980760239679067 9.097853924092353
Ge Kr 0.10273203278887658 38.53545073765193 0.5311404839192871 10.875301265903571 0.3650174378054172 3.7683752330598193
S Pa 0.20430566667792102 31.689126100679438 0.2137284762076762 3.2509850912007305 0.581709286312424 8.549363902722195
Hg Pa 0.11168436316921986 3.1271959808834686 0.6149970042363502 7.971647070151739 0.27074514361011776 29.610964833957823
Be S 2.0495393571881463e-10 4.066574493070263 0.6630388776476376 3.5626909241751408 0.31622659605667747 14.105491855835597
Y Pb 0.5803414113349595 9.66232694061167 0.19097075768625327 37.45942287967815 0.23272435321578913 3.4763875580937835
Er Os 0.3292049956381678 26.261703592681773 0.5951998181479058 6.577149601935012 0.058821600222690736 2.834663982539023
Yb Ac 0.1572835579187814 34.47601730923259 0.17369038141754867 3.467950834282805 0.6412314004079527 9.308319044476649
Er Pb 0.08710981822989816 2.939247484422294 0.3134541726969119 30.405207174723166 0.6056693643238004 7.206580985525897
O Au 0.5142146465675288 11.226536935378231 0.38816525521576195 3.9210573767441432 8778712.238513269 524.8345058226903
N Ga 1.0294100842037296e-06 4.308764651449302 0.6051479429066271 4.312673474578151 0.3656759285041412 14.208031436481397
Y Os 0.5063587488836653 10.401517064385505 0.31270653518250463 4.024265860080774 0.18184237659062052 37.435313563292134
Sc Ac 0.17071794761836653 2.8609524313616643 0.6218532057018791 8.426774816982963 0.2022119156511866 30.066509846459866
Mn Rn 0.620657312079315 9.766788516581322 0.24344149164475432 3.440471270584074 0.288381937438588 69.7291267754702
Ti Pa 0.313739246894923 3.9332535524250574 0.1562387742213854 45.43109448068252 0.5534955524559287 10.700512897534853
Na Tl 0.2158689633660801 3.1372889266445623 0.20877032661273934 27.739905484046822 0.5535563074357105 7.907030406967114
Ag Sm 0.22603801991630929 31.42726996232264 0.5614866423841218 8.760786700506209 0.2092764069399029 3.405974365083081
Fe Cs 0.25668730661162675 18.983662175045122 0.3568275469162094 8.931271077716254 0.3468340194175571 3.813494203718291
P Rh 0.4938680139189174 9.84169968738246 0.37342381030218563 3.5819962944409665 0.10076834179073164 29.291914231118394
Zr Re 0.5173497892928527 9.844847193580945 0.19067716319908498 36.93064520343685 0.2921769632230642 3.963894033288943
Sc Mo 0.37610642908154146 3.669569151963317 0.12948584270477528 60.158794996762886 0.5338325926345573 10.770376884781824
Be Cu 0.49232169371395207 8.382486755015666 0.1760854593797297 52.22609383803035 0.4082237991813662 3.6069096773432805
Mg Te 0.09742207676113306 36.45341165097751 0.3559969279539814 3.332516863653786 0.5284073235455747 10.2336946271488
W Rn 0.30227671292369374 32.8926876487353 0.08987050137675062 2.886505423600738 0.6182207935410733 7.446539572284897
Zr Tl 0.2092463766447355 3.417410846744961 0.21535395215222755 36.32858338721171 0.5863284804093039 9.057420562551862
Y In 0.30236335627397365 20.25112449603117 0.4647428820643131 7.620285927838528 0.204790166143778 3.099718629952341
Ta Pa 0.26751114563678324 24.44512194723659 0.1421420732595413 3.5278030191665843 0.5485563962131951 7.889182328655432
Mn Hf 0.20624415689082476 33.178887377084266 0.46503981961939933 9.310068330226656 0.33055113035326955 4.195703516797634
Ru Rh 0.195879494029238 25.743485983295844 0.307880583218712 3.5791623412365463 0.4785645441403101 9.884116938377558
S Sm 0.18245868727390424 27.98443488199002 0.5739721300926784 8.119504496110668 0.22281224112159945 3.2015204987450745
Ti Tb 0.21827662230094017 3.6330185514290525 0.2543952971720531 22.73796411415389 0.4999194847965848 7.4836778857801916
Tc Te 0.25156759029267634 3.2730588358987727 0.21272626312401996 25.976126255946923 0.5169372141666455 9.302472726832727
Na Re 0.33335790289075967 3.7928616177115715 0.5293192747536913 9.898876980319129 0.23600081745657328 58.183448286035116
O Pd 0.20596975631782335 18.717523845007758 0.5331618422534619 4.062297969706028 0.22903128572382753 11.036999107588215
Bi Ac 0.6369523992345325 7.850760508719332 0.28041470833286936 32.47702759773287 0.09853030873545628 2.7735041070214344
Na Ra 0.5584689287031369 7.891170805426702 0.20790598056711657 27.257884972078898 0.2035610903456855 2.9409466213282855
Ge Sr 0.17407664299735037 3.076801034595519 0.3529405418511486 16.794820990858263 0.44116369398926797 6.311905971450026
Ce Bi 0.11128065965331721 2.869895304556078 0.3004119101306567 30.088450057019596 0.5957802201195562 7.586180796937046
Be Ca 0.2877475774956882 2.5520463229297414 0.18623192766462376 21.584739997693536 0.5191221024865453 5.887244442508952
Li Rb 0.4166531431699176 3.6562473153929567 0.48929568990182654 11.369050622071406 0.047193060875011926 1.4458867949973482
Y Zr 0.4859967665990411 6.299897487867327 0.3549718773216546 18.523758495907938 0.13593573882307372 2.733024615231692
Zr Ra 0.5791806112908379 8.239814328036509 0.23470837389937435 26.736616668380396 0.15550418409829933 2.9578935302111264
Ce Ir 0.5533773694472308 7.289898114337316 0.3064898299933821 26.287203076278523 0.12435484608793526 3.1956480115480717
K V 0.4418833268814362 6.809650105191205 0.2821883982346296 3.195360448566672 0.275410321474015 18.668679363221216
P Ta 0.3003064237523686 3.7211680319540275 0.175483032234766 39.9223868150554 0.5389087264280018 9.396398243245805
Ag Xe 0.13696574314530213 40.79080811611157 0.2852495707752457 3.361942306613915 0.5791989543572067 11.13983031296887
Fe Eu 0.2917770139645288 4.0131888080294456 0.43901934111866825 8.18855974782617 0.24879360231287329 23.749167012155418
Mg Gd 0.35881150891500596 15.428687175342302 0.051823312434082426 2.0337053854085467 0.5461594696158816 5.465829597402538
Zr Tc 0.2228500672497929 23.998207299106294 0.30479774802888177 3.6115594368352317 0.4553768902434613 9.221337721936777
Sc W 0.26398204601550795 3.7372326266571436 0.5281922151657722 8.671132765830036 0.209874007339408 33.298205556651894
Ru Fr 0.20036152933068896 3.234563915012731 0.5822940284106738 9.20147086972428 0.20738762849009154 33.305224373470324
O Po 0.5455131201234651 11.474955474630075 0.3639299088985883 3.6474770360582314 27315269.11743355 563.9546446888477
Yb Hg 0.18719312621477424 3.7405045727627697 0.20865864157771102 33.743016411327545 0.5849500699233261 8.738815685532263
Tc Th 0.1631179879080387 3.026481837667834 0.2738657452895022 24.736197865572187 0.5505598528003498 8.266585193705687
S Xe 0.29316903141464523 3.060792765604868 0.0957880441949423 42.42337682599027 0.5963587977867583 9.972468162145349
Mn Ru 0.06639826687011609 64.74646172306042 0.49704532538006924 12.278849248015389 0.4329771649118564 4.093585751430896
Ru Ta 0.27235440866135535 3.8944686943223306 0.19363370655123388 32.228535749463916 0.5163356520542994 9.536174752173265
O Yb 0.4843296827512169 11.214584372949567 0.11572742540464515 49.554964153660336 0.4124468666694017 4.145272777629744
Na Tc 0.20885476215255147 2.937039748419768 0.2311486015389434 21.526698596740314 0.5337387070140753 6.5294934384094505
N Sr 0.05416101104643008 3.9411507888790496 0.4997499806054026 3.9408855503223865 0.41028009664485254 14.177885824907742
Yb W 0.25959351699179484 27.169584898398515 0.5751402580141494 7.565263594648962 0.13301885366797656 3.534565953727905
Ti I 0.23466966183223592 3.015797071237425 0.4537054175112715 7.8952626743979435 0.2682518842387981 17.54103753072634
Tc Gd 0.5851944516697293 10.07024312707636 0.27393792098562897 3.836039102358084 0.3028942715338172 66.75594261760536
P Fr 0.6193080113947529 8.269637253648217 0.1804647824242916 2.8062957205966828 0.18428228269784028 32.72227642545317
Mg Th 0.17822061167976852 2.7951645076216356 0.2583299945461245 22.021755181154692 0.5334674698119849 7.533309235092169
Sc Hg 0.5918415789927753 8.607316986079574 0.20089413595610825 35.3896563270922 0.21291238748420452 3.27322814519499
Kr Rb 0.44394796985193563 15.79535256953832 0.5138059925448695 4.7622981867801535 0.015478168032981 0.9664522191648073
Po Th 0.10056489278073595 2.774152265124445 0.27794957974068296 32.90205391993096 0.6378628376428874 7.9226300348106475
K Cr 0.42469236200686056 6.850530963218317 0.27507829721362037 19.124777144466314 0.3000912826135842 3.367604155741305
O Cd 0.15723741632472216 22.14764339543602 0.3387344266531995 10.40713938509106 0.4750587775142956 3.812800976607507
Bi Fr 0.34354476209113577 41.06854493654563 0.6417511615025355 7.720389715979024 0.09241398416987823 2.6981965093097875
W Ra 0.29954576665540866 33.37226017392217 0.09696574697750257 2.929947019727652 0.6149411066815408 7.571964140619066
Y Ag 0.4458378195539771 7.756634163375098 0.3009032313034887 20.084022923979738 0.22579343104578312 3.223757525682966
Ce Yb 0.03409627260486407 2.0882425791695955 0.38466261293723686 17.050793803155756 0.5183666617650204 5.86602544518874
Li Zn 0.2196137043261893 2.717413940088841 0.16263952191432202 45.018511084805155 0.6659589087822734 6.975076165049129
Ce Po 0.29658808848343726 30.566970648758144 0.5978600818399544 7.673482318838452 0.11378331146726768 2.8687084981371465
Be Co 0.31786171883634096 8.985527526761642 0.5666837779393274 4.210044499915519 0.15215824834718378 39.74678156659801
Mn Ra 0.6095378292090494 10.047461488624243 0.25835271445753877 3.509820359301372 0.35066140031361587 77.36127207588765
Y Pt 0.19382930136622303 35.106411333563656 0.5417667848215246 9.656927281092733 0.2603415529619432 3.7213370430289663
Sc Fr 0.1860903195508805 37.39306909685116 0.639700778292078 8.576897099403176 0.17355967763345598 2.84757466501902
P Hg 0.5662901070619203 8.53678499038159 0.23634501734577013 3.3383153051773125 0.19073245399099964 32.69368650015536
Fe Th 0.6038360182806316 10.818654842276159 0.2888331920588795 3.6995271548481017 0.2609133222849684 72.80702207998524
O Ir 12.49953862641281 185.49848276692518 0.4357658070610642 4.224708906412759 0.47027615104017356 11.956881827808928
Na Ru 0.20058700279568614 23.460085231900994 0.5108017372661207 7.211356357542356 0.2635951387861228 3.1509123478807464
Yb Ta 0.1343812264951583 3.5371043438173775 0.5756874871217513 7.575057714561564 0.2592386886561325 27.453414660329532
Ti Xe 0.25897994270736446 18.210236465715912 0.47460028726189707 7.908871799882532 0.22461981078203203 2.936453511999703
Tc Eu 0.5491459729819956 8.66579453903356 0.2208631919972598 3.5588157519370838 0.2291188400901856 31.49987738846206
S I 0.5841464672963198 10.122658957915094 0.3081610942687896 3.1594013303165394 0.09068260556740775 41.55089030277871
Mn Tc 0.49056083561224345 12.344765246853635 0.0745782300036887 69.18505150722308 0.4406559333927726 4.131380201652726
Ru W 0.19754723063119686 30.81487058861773 0.2639493583631847 3.8480301566349153 0.5162923867486995 9.376666051196821
O Bi 0.36693679369301907 3.685224744228042 23074708.8079306 557.5604729231237 0.5421988576685325 11.432837346230984
Er Pt 0.07217120793797842 2.931583199753076 0.5960772240178996 6.813349512452066 0.3190552038529824 27.527073837702627
Yb Fr 0.2329346206956673 47.50597819813652 0.637197117497113 9.20881602297464 0.17134153173391636 3.4417401808307204
Ir Th 0.28680036355154487 24.188988555252042 0.07748694273276335 2.683878744536707 0.5960504959996762 7.221328373964872
Ru Hg 0.21642960539736777 34.48496387013793 0.2099465419872293 3.4382704540751687 0.57410255551757 8.99397515677573
Be Ar 0.2258708126440599 17.41128548302232 0.48008882941267955 5.38735472008767 0.27863956683567914 2.408013695264653
Mg Eu 0.18552573563345356 29.596493361224425 0.5860810908214024 7.9777584036150095 0.21845317815065055 3.1390995866822626
Zr Ru 0.2361473303667603 23.160805487642044 0.45101382004708795 9.006758757606855 0.29366045377887684 3.5524061392440824
Sc Ta 0.24144246052066196 3.623834086170222 0.21073610992845954 31.59655186281034 0.5432955177637449 8.390399842025044
Fr Ra 0.37476394566905075 45.9346357621206 0.6514980448455066 7.877735963648435 0.09406893073299728 2.631288509033483
P W 0.17669176923390342 37.94811402414245 0.29750992140726423 3.7215179020550377 0.5343927448998324 9.285990155676174
Ag I 0.5756320571435971 11.205274626614052 0.1324478551691874 40.31017396969133 0.2912111394703336 3.399436263428643
Fe Gd 0.344469221264011 7.252950682914736 0.2847591014518421 4.118719270467016 0.32415135188655325 16.81047208599473
Rb Gd 0.15621309835216024 38.106402092070944 0.25073682682747034 3.63007497236227 0.5851288263972572 9.42644855571168
Zn Ta 0.2852681674046557 3.9740000475612933 0.5133138812188295 9.222335101910721 0.2120696740489976 35.027259768153876
Dy Th 0.5887903426170877 7.198832213595609 0.2956433484997813 23.80308566010056 0.08066508755563855 2.711600743141553
Ne Ne 0.6385120764882225 3.983869419431846 0.025659508586908745 0.8646450577491497 0.35429092359055125 16.618837381894764
F V 0.6305280991651834 4.34054689955915 0.3186844745327915 14.831309530181812 0.02512643529090249 4.340645189882018
Cs Hg 0.29661186046497784 28.485264256859114 0.13967561966845962 3.068863177834148 0.5645099657244789 7.676711706700043
Pm Fr 0.10916539834739394 2.83949300620423 0.6103873164182758 7.768418865193902 0.2953064396465639 32.4907255347057
Cs W 0.5399843038339616 7.002412073042564 0.31596394174905995 23.98813695966145 0.11870120372285294 3.0615492814759353
Se Tc 0.44959970186166 7.322091266702839 0.2979597418151075 19.29374745322572 0.22327475669725802 3.3379264135193436
H Ra 0.4876912333523653 101.27500238944212 0.5761941545201943 11.664565630957199 0.3344222867123594 2.969760911229171
Pm Ta 0.3293538849843337 24.68649249297713 0.09450546845063937 3.12573292751766 0.5550518082040337 6.735833438568271
Te Eu 0.5677580108274991 8.5591571398754 0.2333764754649293 28.91961744471457 0.18403167062139045 3.2086884903746813
As Xe 0.22469811737261636 3.1976709588187058 0.2939808710692971 19.145302333171863 0.44313792259340884 7.852053366452278
Al Rb 0.5787064253887155 5.669379851845083 0.2894615993140654 18.883664496806123 0.10871874269248442 2.1310027992640497
Rb Th 0.14536992104523397 2.876294658329498 0.5269682774623028 7.778077480386353 0.29893760996340313 20.93393084379033
Ca Co 0.5207912909795185 4.275443899126598 0.19417326737179902 23.554092457015525 0.28754110803060445 10.167734090028128
Si Ca 0.3357115251823248 2.89787552314628 0.1183710608318503 51.427859708986894 0.586884867311235 8.946883786789167
Co Zn 0.4552967294949574 7.962793462306909 0.21301827377378132 22.629214590088523 0.32067767496629973 3.7727872300400622
Zn Fr 0.593834231129286 10.414504733840978 0.2684181582360638 3.6310336287642837 0.20805877792104624 60.41334850412777
Ni Pt 0.2039721009654193 41.8040975971883 0.5473815114891095 9.391061164080247 0.2729909957257663 3.880126200884685
Cr Ni 0.5174414701804276 4.416111510232258 0.3211408118735312 10.707555998759227 0.1651843478961924 27.355846681912563
H Tc 7.10336593624623e-05 4.034237285861394 0.3589578531194456 16.719372565012822 0.6225366612247181 4.036942475335843
Ar Yb 0.0406370629901701 1.8088813800553802 0.5462564254836807 5.622249515858097 0.37335673322840635 16.367307522868916
Cl Sr 0.5885033668199355 7.426868808449707 0.20765896080432633 2.6935274604537827 0.1767785463549736 23.645777918718615
Se Ra 0.15919454796961627 45.35343337148253 0.24371100920877192 3.5233948198470024 0.60340940122257 10.204296617693899
C Xe 0.44191750945307634 10.196907731314866 0.12796091265960197 24.731070976583055 0.40052939324625014 3.240329201080958
In Po 0.2262390985515667 29.279131549821305 0.18203157012648105 3.1781644423827795 0.5709223473844109 8.772514584317811
He Th 0.35051116715412994 3.0255193252254435 0.6237772912654478 109.53983043386351 0.5594591778418846 11.973738529500139
B Fr 0.3210810109079604 3.1609749067840034 14.095795440173086 187.87153711499363 0.5814058765395423 11.105062469404507
In Yb 0.5982749783977683 11.040924811977028 0.21581582297514829 72.85462348389049 0.28358022678305517 3.8902139481902043
Ni Ag 0.361037121615934 7.452097804590283 0.2744223313617023 3.550421296267827 0.3206497409447869 16.792141899434554
He Gd 0.153294676446393 2.57537030573069 0.2062480037500021 25.623271138692044 0.6173892503369367 6.5557092040744305
Tb Ra 0.1043629499288297 2.9172926868123423 0.6128541112834991 7.7034551897416454 0.29798557150557625 33.030235166574506
B Ta 0.4005241726352937 4.015992554516727 0.4838614486721118 10.735175508473533 0.23384103359662747 65.84456035135736
Ar Po 0.19293151186412696 35.31874325703363 0.1810361823065094 2.8797282243309543 0.6259449790862737 8.408379918331029
Si Co 0.43445389609201335 12.323948468272727 7121192.431086229 535.0267404550626 0.5172542157795452 4.0202758501496225
Zn Hg 0.5755698075102564 9.395101382668551 0.2479853848051408 3.6789543995717167 0.20348620009569032 42.61185360619556
Co Rb 0.5047772268593999 11.158351438839329 0.4025401990149585 3.9455405491482036 0.08744472756835929 42.59945178944019
Al Zn 0.42859733840929065 5.560019217515579 0.33401200015169913 15.143648857320683 0.204576748423502 3.077379994359931
Ca Ca 0.4793928530934429 6.97559059483928 0.26645164583717423 17.65901568829528 0.2570464675463853 2.765304262181707
Pm W 0.5535651332026027 6.869322120375125 0.10312749797030632 3.1958564111793435 0.3238736311999423 25.193181909561787
Te Gd 0.6222962939264304 10.172821929808382 0.23996442603441773 3.558966375405756 0.32968195635807945 73.23087574617762
As I 0.2948463442517064 18.978565245145454 0.23574866576149955 3.2803298063320616 0.43100263862496074 7.89969870232216
Cs Ta 0.5421542557378525 6.81986415781553 0.10689587638718041 2.969923562329446 0.3236540938557456 23.387356519403507
Se Ru 0.443661361315349 7.379861170925647 0.29934652171565895 19.284265184749223 0.2273688588459577 3.3597622467394186
Pm Hg 0.3088821517410675 29.7036349380664 0.10847225735668874 3.0309728245714687 0.5900444740744991 7.4098941690308875
Ar Cd 0.5522156350300729 10.047171699537474 0.08114560706983721 28.474689626022457 0.32722686815486807 3.3396123898937393
Te Th 0.22259237055262174 26.663092248713628 0.5587408334167981 9.231765100328934 0.19598209863444574 3.1664956863998848
Ne Cl 0.10422252443169537 35.237809151062166 0.4711770358161843 3.3793088228595844 0.42352413519560805 9.030105310427237
F Cr 0.3173427372434313 15.481925122285167 0.09833455708296676 4.432840387689318 0.5655073883451377 4.432905515348836
Cs Fr 0.27597529241703594 32.76242077801798 0.1477302930908044 2.947618445435384 0.5864507216958895 8.145265593524718
Zn W 0.28666013138936774 3.9841141263082824 0.5184695951900145 9.334247415108768 0.2087373091272125 36.54707542882873
Rb Eu 0.27854825952107204 24.099893093332856 0.5518523378185303 7.303514284217198 0.14767351634386097 3.0450086359187307
Ar Bi 0.18676635808405082 2.9379434677873837 0.19173412600734385 34.97594749537176 0.6200637670294501 8.42934317864626
B W 0.28745264941359283 74.4299498267303 0.41153448724059116 4.067912630787521 0.47824578035910936 11.046221596694243
In Ir 0.5543503920684797 7.907484125877744 0.15432301607194254 3.1883911449446276 0.26006853609667296 25.53726627648101
Ni Zr 0.421914067253846 4.076105149928443 0.4953352600837633 11.841351861835237 0.08631181539471765 50.76890904150813
Sb Ra 0.19624282516427619 3.1677984430703012 0.57083609227063 9.256532382252523 0.21637031749198363 31.19728082945585
Si Ar 0.12219806559511323 51.87359236457869 0.5924226889655786 8.633385419515283 0.32636886315084745 2.7679007023808984
He Eu 0.6541469558730516 6.198917501545985 0.2196740734066145 27.017761622318975 0.11101823892102229 2.1473517619957283
B Hg 0.5421028672639916 10.956581418933903 0.6944488512423472 103.3343160747393 0.3541756192603257 3.6033580661220643
In Bi 0.5709591909800504 8.725712813303554 0.18104435958990758 3.1945422255264444 0.22725731528283613 29.18106981750007
N F 0.8092639081611332 4.516329082992567 0.1661142693597367 20.854083930278016 0.016610992838314794 4.516412490201605
V Sr 0.1349617783378832 28.214606164909824 0.3039123403246848 3.421826695769995 0.5403538816815405 9.011324405714479
C I 0.43341593000059614 10.553480834713538 0.4236719340085224 3.381341980438681 0.11886443778512126 27.485833458712666
Ne Ni 0.4303223617885493 11.459904686909459 2.014698058743696 140.60653173860243 0.514402877038645 4.011513338824874
H Ru 0.34609219300040717 17.584634053880926 0.6383527335502704 4.144251122451805 1.4224346508048174e-07 17.79936579317186
Ar Ir 0.19163642927560073 34.14610529031194 0.24923002852568737 3.4959591153009066 0.5572582865232496 8.750738209364279
Te Te 0.6026244142733963 12.278073843781133 0.30831318909988586 3.4203886490138733 0.17917550535201918 75.21563477931292
As Tb 0.5594828294797567 7.56004746217436 0.2588938561619501 26.229659074737487 0.16831285169474997 3.3015977515378876
Se Hf 0.22392458279607055 33.8134566520308 0.5296832548451628 8.903131834678499 0.2548598831718084 3.8311595841229433
Sb Tl 0.234160964240008 31.011112631073477 0.5743871667108864 8.802911618546778 0.1828567565273224 3.2189813628328805
Ni In 0.27949744444837143 3.5044304786314684 0.27699752026513413 17.905593827244804 0.400366630546867 8.098206489703506
Sm Pa 0.19632061015576163 3.762692503028261 0.4978496192203706 8.396642854458486 0.27131735185995826 24.064391391733423
Tb Rn 0.6120187466361522 7.646137921327216 0.10334556425295488 2.9341811562060154 0.29962910377190033 32.68364888019457
Zn Mo 0.0909960638371759 35.1856371801491 0.499539343278084 11.363809331322786 0.3918216995452835 3.9645657472255995
Sb Re 0.16263282302408927 3.2413656030824667 0.5523878794813593 8.034520204507094 0.2574095109721666 26.410539616596427
Sm Tb 0.5850108840085233 6.221939702279328 0.0460781007051929 2.4992073849172103 0.3455050101592693 23.11324869982104
Rb Cs 0.5190322718336873 6.556461422434563 0.12071131425798151 2.5834829526758765 0.334025869021633 20.45924973199314
Ba Sm 0.34223978894494606 21.599361565314478 0.10588970882108105 2.956083437204805 0.5218951753741912 6.533655692434008
B Ac 0.6299737984325604 115.90906598623707 0.3556188215706495 3.3470095390579315 0.5593658431841577 11.883717516430321
Tb Hf 0.053543553320078825 2.7695622275549407 0.5806007207353965 6.330071398621835 0.34195043314343904 24.1730692686297
As Pa 0.5734759507535137 10.557883866203497 0.27328916820452526 3.8088955431912095 0.14223193623335872 34.2779485066674
Cr Fe 0.24519126197727284 13.511002945163293 0.6089850581054194 4.700528131215441 0.14641301274910976 24.710889517570536
Cl Kr 0.19623907319187597 24.947292355564837 0.20111304977012884 2.6887154725411966 0.5895152922175987 7.224843701139776
V Ga 0.2595242980300808 3.41488456195398 0.2112988045730432 24.506455193140013 0.5244467780466663 7.466776265728511
Se Rn 0.16877194394009273 43.73434161439168 0.24090761610101208 3.5256232372342944 0.5991868229260483 10.006544419746323
F Mg 0.32104085987281805 6.007815837659984 0.4551820122024762 3.448993545803234 0.20979750554131574 18.16957269179847
Ne Sc 0.4128652079437787 3.321053922997451 0.10675370349522087 43.524305626379125 0.49877265766663403 8.946497056948138
Al Y 0.1496766777813177 2.438111259498218 0.2533218290533005 21.360303068157336 0.5792274445814926 6.230369145933416
B Mo 0.3984949325615504 14.92558263904383 0.5689719897223968 3.9964218067024144 3.705990035678282e-09 3.9818987343788446
Ca Cu 0.44310241907503417 7.7098135356328985 0.22141178842674356 23.59376888121696 0.33623018162585916 3.6541852122738345
He Cs 0.21841143277236363 2.390142642653899 0.26532346350413244 21.77982307438691 0.4941630002642758 6.073124401425623
Zn Ac 0.587463904937007 10.72902481375493 0.12750814213027944 39.052835435034424 0.28160145214133275 3.706145917443018
Ni Os 0.3034238731735975 4.075032286573286 0.5136634361745138 9.57779747641032 0.2038359804214505 39.81214772748935
C Pa 0.45579152083454166 4.119351125802031 2321043.6436869786 517.804280383066 0.4778102529951486 13.965271764288355
H Rn 0.20022474726488548 66.76954088692943 0.5853116302044251 10.838109428335061 0.3088135007270393 2.9222659857632425
Au Pb 0.31583632123708305 35.72346587758025 0.0732202711479411 2.6333528141773277 0.6388846553213514 7.241265257939887
C Tb 0.37965273806370164 3.905977947362213 0.47201177988974163 9.555058211711618 0.16571765894827042 40.69753134123299
Ar Nb 0.13672701426343506 23.81769687546564 0.2660298588382465 3.052809167286287 0.5592733277897594 8.373076524873444
Pm Ac 0.585937899300759 7.425650756962606 0.09682680264553462 2.7486094919069988 0.288836104540001 24.427284313000683
H Hf 0.13932605276035978 42.030301272403946 0.4383641493844493 10.519266829825357 0.4292411255593968 4.010756974202263
Pa Pa 0.3488867875736513 14.880857362954652 0.1805106086546938 3.7019735808757934 0.3995377448641405 8.12601544539903
Ni Pb 0.254868217851001 3.6646541806755146 0.20946503735227215 49.135409208820036 0.5826411287813771 9.606338579896988
Se Tl 0.1980210716566593 46.11140669130214 0.5751870400432205 9.957792271663786 0.2615775934698323 3.7324822536603626
V Kr 0.17288983938224173 25.836795351075533 0.5719568947233379 7.949710066779638 0.23821609114683737 3.123190333618362
F P 0.27634862760612433 15.269724075165882 8.747254851240915e-08 5.551470096385658 0.702212371935839 4.111133199598178
Ne Fe 0.4816007212243578 3.855829272586172 0.3602377485344509 90.84278823179028 0.4516763396456837 10.428127657417
Ar Au 0.5828651794124002 8.573369680508273 0.22186739547891507 3.267789702533959 0.19367591937468726 34.03069663273218
Cl Ga 0.2414441688750973 20.72034251887324 0.4817653867290606 6.879599227956455 0.26377358995564515 3.296035660178022
Rb Te 0.19064510777081145 2.980114158276865 0.4654580859756131 7.44677556261061 0.31142430649235725 19.635146494657224
Ba Tb 0.33271230113646155 22.210492976841415 0.5203314444135295 6.71994636334253 0.11698440644808047 3.116316551909151
Tb Re 0.32572480036309587 25.975772003573116 0.5773005299317228 6.725187204933212 0.07981178891745853 3.071163264688537
Zn Rh 0.3867393597536188 7.743562048412366 0.2939400785259579 18.16769997437994 0.2822049465286931 3.6152610860663916
Sb Hf 0.5437397532372794 8.04052390556108 0.2590535504780506 26.231697605733668 0.1704406500220314 3.3100320080069054
Sm Sm 0.0658274135455449 2.794223017131341 0.3391186518407884 23.382351696083916 0.5749356617597565 6.364590972844109
N N 4.335134388059447e-06 40.8717669170364 0.12983095226294658 43.28322158327762 0.9097688720623779 4.905784404080523
Ba Pa 0.49123051899127773 8.598818094320471 0.20864610682585072 3.5738343411255364 0.2678874717343109 23.37237398139904
Tb Tl 0.10463757528822287 3.0947430060517096 0.5959965051188681 7.411600718653553 0.30690898354832197 30.534931098987077
In Au 0.2532768715016421 26.17814897265229 0.15209861634514601 3.0888300295747597 0.5641730090634498 8.010232051154754
Sb Rn 0.22062909077181114 30.585921704748976 0.5725713704429921 9.089688334302961 0.18956410287383554 3.1461349011916524
Si S 0.4334929211156338 3.2234070039289593 0.1080190607237169 60.141473995600876 0.5009231834926793 9.67793519634677
Se Re 0.21587850448927176 39.49609817163425 0.27431733693136895 3.906232303297797 0.5357616007704569 9.490794195735473
Te Cs 0.18959888063145627 30.115434290038493 0.5376813672686231 10.02943877889822 0.26065569974676844 3.3059718415811408
As Sm 0.2667698959046076 24.344053332206478 0.5482982145328995 7.427984872505016 0.16529185400106525 3.2026786810498695
Ni At 0.22940322629421028 60.470038755887046 0.2715295916545684 3.6973198671245897 0.585008683643801 10.169854730326795
Ar Pd 0.06513649912035664 30.425274155486147 0.3596463846513362 3.5083150949540793 0.535653632748656 10.489127319635092
H Re 0.399190691511025 12.650649716427424 0.5013263910311596 4.339027940148473 0.11958744596811971 53.59564575080248
C Sm 0.16695147877965485 34.938655977853664 0.3862467598456734 3.8350600305598266 0.4491896340958443 9.241118782103447
Ne K 0.10089086625211993 35.383106788364685 0.3694634979813632 3.0318673400516434 0.5278564023540556 8.249273402298488
Cs Ac 0.5632075563853742 8.05546834110788 0.26752147635431756 25.338599224369208 0.14741021977447258 2.9623428981302173
H Tl 0.17272762192630176 64.96748308470116 0.5146507727202463 11.47003452925885 0.3854360954059138 3.641354086373045
Au At 0.3088373790884308 35.90407703672263 0.0847105545777227 2.7480294169404686 0.6328014023679528 7.466157305658805
Si Cu 0.4375513650658334 12.462334099008771 0.5128806350370283 4.010165209744382 6590142.491590003 534.2792780022851
He Te 0.2982146161015077 17.906485569943204 0.49221379170202134 3.473170181345082 0.1787902018962009 8.906285805529036
Co Y 0.49015864489281635 12.107716000969031 0.07452928192271926 53.374332771592485 0.43549959344805483 4.10808434833312
Ni Lu 0.2691074610011734 20.189043952427653 0.27116377297686717 3.9794440635411306 0.42651726613707286 7.9418383125189855
B Rh 0.5964056002987788 4.168563368090393 4.015204060310824e-15 4.447334868748381 0.37288148240098673 16.12715750511814
Sr Lu 0.3884327092696562 16.746922192899536 0.04496282161504906 2.233866870114227 0.513278552419033 5.603997045639375
Rb Y 0.023662676323475237 1.292095915524271 0.5138744977049845 4.913115884153618 0.43593038366117903 16.30864295716867
Si Ac 0.2256329291782759 32.11700199343249 0.6053198007550056 8.191983754418438 0.1780972589558913 2.790383655907972
Li O 0.09204733010405484 6.9811249165375235 0.3532492246929308 78.8146505400545 0.8314564580314113 4.452624406849989
Tm At 0.6127851652196762 7.492960811190694 0.09627398901880971 2.9552242524847525 0.3053214965997264 32.59708824714592
C Kr 19381280.735054094 550.621437607454 0.4664191650888697 3.509515261701956 0.4757617302991384 11.495041976638195
H Sc 0.2532293607005343 21.762288568151313 0.006970769189369562 3.817136229046529 0.7516220291173759 3.8172831666732305
Tm Lu 0.05676484016165763 2.7833963285653978 0.5959452666025193 6.424450398948004 0.3045712023511191 23.189101028176715
Rh Ac 0.2564003395852555 26.023022343336407 0.5550297667526729 8.619040759642932 0.1790974620639377 3.1232796655530137
Sr At 0.1822533000824249 35.04930537910682 0.5930445215709916 9.513029936978866 0.21535460289884914 3.344879317591192
B Na 0.3779650102195159 11.071058724032659 0.0951037340875919 3.353526592000284 0.5002867126630681 3.353490757016189
Cl Tb 0.5668718827782934 8.173684782890481 0.18811213069051103 28.16093647444226 0.2246945807760044 3.3368086455461072
H B 0.48110277340145774 4.002407892946193 0.47711737766337875 4.002391796030887 9.117198956393736e-06 4.119684252933352
Cr Re 0.1965653032781648 36.95909867267122 0.49029875659508365 9.61722933089809 0.3229638299613067 4.0947213434247285
F Nb 0.30813740329908046 11.47665561983428 0.13539603424244173 24.436958345157098 0.5321596226049516 4.058602091613776
Ne Hf 0.5304911739048676 9.88302205818477 0.24431700644703805 60.34190504175428 0.3385065124381611 3.8243077508756675
V Sm 0.29436603270396144 3.9306704867805875 0.25537499708004024 22.43831506980662 0.4255201059586011 8.090128642035307
Mo Cs 0.2635783488803706 25.206348679411242 0.2076278781461666 3.158763048636612 0.5165420612986944 8.160975220214205
Re Tl 0.31251829717889956 31.518817728715128 0.6178709715397958 7.118733559877542 0.07668098385125226 2.882293648229769
Pd Pa 0.23160447978828844 3.597369386520945 0.5630405595416851 9.791146458868397 0.20860909231783395 32.024403508956155
Nb Rn 0.2250455625312748 28.905295271598803 0.16624939036753944 3.053146794733326 0.5867260961286277 8.458358466681299
Pr Au 0.5775685930003522 7.254986153885333 0.3040728598962438 27.37876272108918 0.1066733293194526 2.9923813736536777
Re Re 0.3260788478009537 30.25648259734427 0.07950915600207917 3.1296999650744217 0.6001913836213683 6.834295814809752
He Y 0.44567810206169967 3.1569356868259497 0.0011086316160792125 2.2390776264952098e-12 0.5088437191715938 11.435715553564764
Si Mo 0.15714912475014967 28.20886097440091 0.5186467024650253 8.458864129975648 0.3075073948761123 3.2870834594249416
Pd Tb 0.22864926333781554 30.754477346984885 0.20936706370497674 3.520879164608093 0.5539467245169564 8.617087908035023
Co Te 0.550649655550305 12.084321991020026 0.08720174630320848 64.60170092937703 0.3728348714259384 3.7626730630166327
Al Cs 0.18665932777496827 26.010931331028335 0.22123360504863404 2.7973879720655037 0.5664219303315445 7.723730399218693
Nb Hf 0.18558971408380012 34.73419582477592 0.29157802334905064 3.954105334551505 0.5117868002699915 9.741873945708244
Ca Rh 0.3922630371862296 3.7047755537114675 0.03365201589700613 41.05395909825632 0.5320086891690204 11.416265270120165
Cl Pa 0.5869237053409397 8.705654479552024 0.21572453416838114 3.269851986350964 0.1989125053712221 32.50328112032981
As Kr 0.36003603831331715 3.7423846573546418 0.5341788988438823 10.857760424498533 0.10638269265910225 38.350864216008375
Cr Tl 0.20456201832726087 45.67761222584293 0.2309269509715093 3.4697599093902713 0.5996945590757328 9.14318811340311
Ne Rn 0.5686344752032714 10.75636398367403 0.318054909252991 3.410302214660525 1.7815044346266606 130.32744050984832
Rn Rn 0.6491455940355135 7.8784470219268075 0.09574923460611545 2.694832023494878 0.3888013076523345 46.054068325787185
Sr Pb 0.5845944350231581 9.618370396847647 0.1928434889869269 38.3496530324786 0.2306037036125031 3.4577225128748847
B S 0.6970419681730938 3.7874794082813943 0.28599573600870704 15.630520532678274 9.660604991767494e-09 3.819689932669231
Tl Pa 0.11104920732087607 3.101926591990913 0.6203330865003669 8.021173779760105 0.2691367319719829 30.269228555328887
Tm Os 0.33233363148290535 26.19226877210438 0.6017256015901066 6.4885444039710585 0.04913227401570622 2.674260556881452
Lu Ac 0.633826260706031 9.642817709828593 0.14957780645911037 44.01660870397232 0.20880345701445943 3.685183568970004
H Fe 1.5260144002913073e-28 0.9440586038615941 0.8378358677449126 4.735163138911833 0.20910332196844014 35.02744739377775
F Au 0.3688476315451734 3.830582341782774 0.5290947681249155 11.01327591762154 33.988981558517594 206.812299630412
Tm Pb 0.08378667039474298 2.907691060424434 0.3143750017233447 30.415065606811826 0.6077131829796281 7.168429047841278
C Ga 0.43191799862139646 10.970642011897423 1.2228596952471056 124.6693859526396 0.5052821765044254 3.9196104355621966
Sr Os 0.19042969253195474 37.60122934355737 0.30095270883938907 3.9618034333292926 0.5149063528169083 10.160410894413248
Ca Ac 0.1520535612542665 2.6818787191730693 0.2132370900316627 28.847021181643385 0.6283881100998145 8.116909828845369
Ne Tl 0.32340431809537884 3.5371632879876427 1.1193048243817776 114.90696792660707 0.5673153769133392 10.552208897796062
V Pa 0.16348214649128792 51.56952444018527 0.5458129257389724 11.170473631331813 0.3340893635753548 4.060729098031652
Cr Rn 0.21089825634544002 49.77376616650549 0.6230009329690406 9.35756773539978 0.21829361876620512 3.2697811160756456
B Cu 0.2348071447924892 70.67730192767091 0.5257928599971788 4.02052407168144 0.3974059650892852 10.287871741260753
Al Te 0.5469540521388326 10.421453494815216 0.11762150502681491 52.01629046741279 0.3499457409113023 3.3197444562082823
Nb Re 0.28817721026702275 3.9493531925715653 0.5168642258811851 9.778975973981465 0.18840430643367057 35.63133445095451
Ca Mo 0.35086936641241623 3.5010512610328655 0.09635875993851398 46.52666200953722 0.5503829230388492 10.274557939946487
Si Rh 0.4924144687629123 9.6811820128858 0.12174664231172494 32.075234975123706 0.36779784977432006 3.5451507779018967
Pd Sm 0.5554265250071686 8.86587888310668 0.22038684887053364 3.4909945710850336 0.22427219118770136 32.19485769209271
Co Cs 0.388843283902192 10.039726352188195 0.19881327665980972 21.3791426359981 0.3763713148039331 3.9369025756802842
Hf Pa 0.2670752938706737 24.466359404462455 0.5441427431419208 7.9339070960935345 0.14722507616663288 3.5562486445595036
Sr In 0.46275673139243534 7.368030054274048 0.3139990896295744 19.67759236061531 0.19341416279599197 3.0361467435134895
Nb Tl 0.5856212079192855 9.147636029335183 0.21858151282821334 37.73247015417218 0.21327588989483165 3.446658901912824
Re Rn 0.08720159991873298 2.8455198317991153 0.30271940645994755 32.978898744998766 0.6205563147032851 7.431126027398486
F Pd 0.3737760054111605 9.97572724466628 0.14154780568481903 24.748184137654306 0.454762153390734 3.7919829561761174
Ne Re 0.3484596851098787 3.849920053083435 0.3412562982623494 74.09318524042548 0.5289825359673803 10.270613583863577
Pb Ac 0.09190558912000096 2.716412455846313 0.6349809328062914 7.706677707222565 0.2877038620089677 31.47300294745883
V Tb 0.21963615672000583 3.7007229253165126 0.49302073095781174 7.434348948038831 0.26337049163292303 22.873346103739987
Mo Te 0.23558819478784107 3.210452628844497 0.244637014008802 23.621391024208155 0.4974942590352091 8.735268473356063
Cl Sm 0.21899171303357592 3.203259349009364 0.18599094633736526 27.683176113240687 0.5734262075445856 8.084610580155028
H K 0.6003496169905563 3.1417612341841523 0.04309108167251001 3.141756642578024 0.3447034553231742 14.391435853507819
H He 0.7756319148047403 5.303240713535044 0.0663942849362949 5.3030451066446425 0.1812959730700395 1.459419301964563
Cr Hf 0.3136312542165628 4.099153003330502 0.21231581985732173 30.532393289687995 0.4682831533617847 9.045629380859483
Rh Rh 0.30219878543772183 3.540582447288854 0.19583301168176345 26.272675120107966 0.486612870460751 9.870565788172547
As Sr 0.4651312747792134 5.89005895502044 0.3744048001629582 16.567094714912493 0.12919766464713092 2.8210372784660516
Ne Ra 0.31712471321821695 3.384522989971925 17743.800298221584 368.03010450042615 0.5784057126277481 10.81647083037604
He Rb 0.6052523179916334 9.12204115372291 13.900077656875272 189.4475080664795 0.32406484001565045 2.597869824672912
B Ca 0.3509664618294685 7.76426517783606 0.49089315469435635 3.34172569677546 0.15493272032303804 24.111983175359107
Pr Bi 0.5977259287618928 7.589260135908714 0.11056292506998897 2.896777170493109 0.30124520470301314 30.503976521654103
Nb Ra 0.23217656013912658 27.271941171605942 0.5783957997779857 8.353667860181575 0.1608062078576599 2.9923927146385796
Sr Zr 0.09991267454649981 2.4404082547445083 0.36890920215749784 18.136542157261324 0.507561739979671 5.929623223316861
Pr Ir 0.3079843445050109 26.594919369374853 0.12068781372898657 3.201631894549449 0.5572670343023817 7.25734273034064
H Ne 0.007421255689754357 5.191206148302427e-20 21216038.46633956 536.0810028478134 0.9259893335121857 4.694529407250156
Ar V 0.5159332081010839 10.95104781525601 0.2728951899131322 79.6523011505065 0.4309334087453089 3.5494446810621683
Nb Tc 0.19024303610505977 26.923675375913753 0.47524115630194214 9.911239470410528 0.32311601358517184 3.675351329881584
Ca W 0.21644340654367553 30.479483273254164 0.5526514829108257 8.17737946296483 0.2248822524303869 3.4893156379184593
Al Gd 0.06334053885757819 2.1889822084837687 0.349651068845522 15.49512999077016 0.5373604287812905 5.607167253276121
Pd Xe 0.5707950749189423 10.875692782151187 0.14513295955194358 37.380361659628 0.28138341359186214 3.358749219999642
Co Eu 0.45111671944216225 8.018485053483005 0.2734566066396014 3.940068653861082 0.2550342451262585 23.576863509307717
Si Ta 0.17579401227935937 29.485674136845276 0.5383386115225841 8.772803397250565 0.26557248698942926 3.5613056470534383
Mo Th 0.5634790711703012 8.444343605720512 0.1660747945368749 3.0292378040424013 0.26084344141998367 25.917115181787263
F Po 0.5486964215528939 11.414822216216965 0.35882974188958944 3.6475816785253676 49833719.657417364 573.5304784832946
Lu Hg 0.5934945344088562 8.350275220203422 0.21614630000709922 35.40464022784227 0.1775384575456629 3.676579444189885
Rh Fr 0.19920452972034333 35.0769795397533 0.583492553630966 9.462184360143052 0.21024817344911834 3.28405558749877
V I 0.2377400597320762 3.0877528254262963 0.316458249077964 16.20386123603429 0.3987224623867493 7.573300477400484
Mo Gd 0.26265088246966556 3.7723607965644033 0.21845847350936085 50.74190307070815 0.5821301529761633 9.806059627820456
Ne Tc 0.33653070412601127 3.4063041313760722 0.4534527569155975 7.892817039718732 0.19208965324959906 25.293686094808823
Li C 0.8869076785771183 4.136958929978372 0.013362469049023887 1.0746000087154957 0.20958499835293495 48.28539999850918
F Yb 0.121442735713819 49.78376662589258 0.38649886265158073 4.027762803622067 0.5090631974858945 10.923252164426957
Lu W 0.25039454340628853 29.993244863677244 0.18094753130239008 3.865052593631212 0.5452068573793649 7.73466982942174
C Sr 0.1947455329847495 13.708103291064573 0.233938467920775 13.707935654321027 0.5355971272479132 3.7917377876678633
Cr Ru 0.41388316256784746 3.9652755401415125 0.511116579890203 11.875127268765532 0.2199149146389902 88.12815768078477
Rh Ta 0.20395495568101793 30.590141764148452 0.5208265159696692 9.245769034522956 0.25435691654653514 3.8109009474600173
Cl Xe 0.2782055456255143 2.9985347058022644 0.6001485046927798 9.756062694779645 0.10044873542101501 36.81970850905452
Rb Rb 0.5148336290262902 4.688040423406678 0.44959456598278275 15.974741824808934 0.01139429855194241 0.6895021474935751
Ca Hg 0.19482947094038616 33.724582882469015 0.5939318187863717 8.519512955578389 0.2076904851171898 3.201253405648074
Al Th 0.5882289674143444 8.267086768378126 0.19235155754704286 2.863325881075107 0.22031778331927254 30.68739591951133
Si Fr 0.21207264116835128 32.37967592698988 0.18151468645535407 2.802929625546383 0.6028391851201556 8.200501034982961
F Cd 0.12001143616490789 26.43189057299323 0.43046891423967226 10.071220247261891 0.42120498460763844 3.5914438761979874
Pb Fr 0.34298146467616997 39.76213836198611 0.6415724414208767 7.60671612389403 0.08667567512122026 2.636903315824616
H Cl 0.0001902518691943318 4.218672485713213 0.18633917460998767 24.222473936501853 0.820294523811997 4.229090364745961
Ar Cr 0.43834537239495724 7.498970495101745 0.2386961108215292 20.32183390966656 0.32577353516261326 3.348603194624649
At Th 0.2743401183755589 33.87267457215532 0.1014532419726117 2.7600924487769802 0.6426304085551762 7.978673344287895
Sr Ag 0.44232694698719793 7.3944807452880745 0.3181336129302086 19.376619481413993 0.21021655944446205 3.152519396826193
Pr Yb 0.036378998918900105 2.1752189547489063 0.37660846696100786 17.285897698878962 0.5238230545535081 5.940672231919143
Re Ra 0.6167139857642604 7.585398720350578 0.2987176568993591 33.597568104196306 0.09630074094335876 2.9143833374805053
B Co 0.24276051417225744 12.716984464820017 0.6793303182976124 4.562657604891216 0.12167387686474919 48.954573410273596
Pr Po 0.5990693561570898 7.625317485316211 0.29887030064356823 30.586746835466307 0.11050984628889561 2.8749571861484
He Zn 0.1973813561402453 2.636421360778934 0.16369895197095324 47.34475433241077 0.690119025934408 6.647089136834532
Cr Ra 0.20535440597233015 51.658830815767 0.6121620627971411 9.69584147523694 0.2361747463045162 3.364387215424104
Co Th 0.3009658581715152 3.7789966072784624 0.18871403957417202 74.6462862090534 0.6034964768210502 11.176831407997476
Si Hg 0.2177440877442833 26.902029400866127 0.2135886929979394 3.2155929932826535 0.5489699204386109 8.058252986762106
Sr Pt 0.25241018859277 3.6750246176509047 0.5453726668119304 9.481606625836811 0.19777601262253977 34.39426800377558
Ca Fr 0.18917094193441952 36.6085465804177 0.6473533844469702 8.406887280914958 0.1621846870564925 2.7208332364379637
Cr Tc 0.5006793586767646 12.015438291887836 0.42617821059287975 4.02669083776312 0.22408148552309115 89.64822785901745
Rh W 0.5237187342170189 9.078226815966206 0.24409132912693213 3.753791104366725 0.20970680673787487 29.82662427255516
Cl I 0.09084672922413142 38.89745147575863 0.2970892725282708 3.1150348258186855 0.5912940134350124 10.030008049483367
H Ni 0.8502308134588129 5.019576728141308 5.732422393116638e-25 0.4220024132094796 0.21106628041962605 39.346936373047356
V Xe 0.23849683323668558 3.053473986721586 0.2742107836786174 17.475378558907167 0.44279021686445447 7.983034835222287
Mo Eu 0.22545054875532597 31.8268644953848 0.22439240883858552 3.5610868423950035 0.550565022583387 8.760668963359247
Ne Ru 0.46185968554598444 8.264395364967905 0.3465408521375645 3.416805206988967 0.17335608020674187 26.95060979601057
F Ir 0.6519878939399606 100.373876084163 0.4939985836359045 11.285549346774323 0.399680217947266 4.057306898336842
Lu Ta 0.2536103067339121 29.98943764262886 0.18125749826293494 3.8586590153507343 0.5432117317762251 7.698582467770388
Rh Hg 0.5676956516794179 8.499285743657321 0.18578878130830132 3.297734746693505 0.2296616189017654 29.500407435931383
Os Th 0.07921287912987915 2.7222472710805574 0.287194382394709 24.13199913291122 0.5939456748508032 7.225280216396441
Tm Pt 0.5997447661933534 6.761155342142603 0.06684691204948119 2.8669621079575847 0.3198500150133434 27.485384110229916
F Bi 46418411.058894105 570.6926269395296 0.35665478482061397 3.653826299206459 0.5501812103601217 11.33033350264146
Lu Fr 0.624379997561846 8.95723824776654 0.18280149932911446 3.54962824711763 0.2685089854821024 52.23461757455536
Pd I 0.28387557542513797 3.3797617289521713 0.1453857134369325 35.96410005706385 0.5654614687904091 10.82646215927153
Co Gd 0.3005557547984659 17.68880887131253 0.38094639187083373 7.4572526706113935 0.27375466495233897 4.054293333686839
Rn Ra 0.35539036891625136 44.38629002629074 0.647315267552428 7.92133626015357 0.097833359809106 2.699076689403569
Si W 0.2739300139845385 3.6136922004592673 0.527944149260464 8.839836657080932 0.17976901918116833 29.55778585525949
Nb Ru 0.2979691881296812 3.56087983850465 0.22754373321139712 23.745427168137677 0.45631238656009415 9.208596165332944
Ca Ta 0.5677247000047717 7.925878568894649 0.22136903917462192 29.722772374523057 0.20298527961615792 3.366470497565932
B Ar 0.4382891144052656 3.0202619817304712 0.1743350289785818 20.390574094652536 0.3746051202873705 6.966035583246638
Al Eu 0.5879997118108009 6.898249852856868 0.2318627554498685 22.276310750774865 0.14491952204240113 2.76404798108469
Sb Fr 0.5646645112466315 9.133956479913774 0.22174298019419555 30.074841263083023 0.19429270877600707 3.15303057213622
In Pt 0.5593617128828581 7.950005654638477 0.15274938150061626 3.1325021329918528 0.2560395046454243 25.763246530210292
Si Cl 0.5413116696663245 9.243012260451572 0.12243585838831933 58.714922793777646 0.38774384690369595 3.0413224736283677
Ba Th 0.5710562207679468 7.999874642338645 0.13932779817195187 2.937528721215853 0.26739834422781056 25.573351135727094
Tb Hg 0.5966072838532307 7.25026044559744 0.09620716921047547 3.0351880519058474 0.313445542896762 29.8412901640799
As Eu 0.2637348465878738 25.044693820518447 0.553427402543534 7.468815500283757 0.16556102536888614 3.2328166671983656
Te Xe 0.3014562630414321 3.3765696987406693 0.1557379418496047 72.90229073107062 0.6073371402871106 12.261453844361927
Se W 0.21594082776587223 37.407872530344385 0.5310705022335864 9.339588184364555 0.2716018588560207 3.9018534027214007
Cl Zn 0.43566930226706646 7.115382099117339 0.3111320531624047 3.5107275822127937 0.2401805276438378 20.447194354135515
Ar Pt 0.23839376580242722 3.400684008743639 0.5671934338210927 8.687691947042987 0.19090285721412528 33.687809346814184
V Rb 0.2617192045537632 3.228002519897378 0.1601127790497822 26.063910041925034 0.5579678289023376 8.305376540117045
Se Hg 0.5703596400026693 9.8188496812288 0.20425373540434028 44.756910787603786 0.2609543649135379 3.7476331555597957
F Si 0.2714430721666343 15.403792994679451 0.7033364041237052 4.068149073242755 1.5766601344515915e-06 15.302257838708753
Ne Co 0.49923880725396813 3.9420989511507183 0.6557897269813274 108.79750102269153 0.44026546052966303 10.94690645703698
Sb Ta 0.5463840866846051 8.028216637433783 0.1678045113636469 3.296865270146219 0.2587410376219904 26.30728312630999
Zn Ru 0.2053100410690968 21.02162436283156 0.41767533786754935 9.324312831642697 0.34389879195075823 3.8282676071901123
Sm Eu 0.5809732646763875 6.291906137865875 0.3414963728971674 23.291459870562207 0.056141415439701164 2.668299866143796
Ba Gd 0.28902294256879285 19.691901366757882 0.13990061463214784 3.283446241130642 0.5131620763177805 7.062223713098712
Rb I 0.17920493237327445 2.8949862325321725 0.31435159991870143 19.69285213498209 0.47404752045612025 7.352230679975964
Tb W 0.33177074201421913 25.242712076473516 0.578495812055569 6.57112653954831 0.0696232282170284 2.973231516716177
Au Po 0.6341364694405738 7.4159204704983885 0.31310200039034825 36.2463744590792 0.0829942320803517 2.747526240610801
H Hg 0.1586179382784135 61.143078353929404 0.49783742481349186 11.520817475495974 0.40025003498659834 3.7599042546149786
B Ru 0.5934674230971007 4.1501211776241576 0.3757635679859691 15.899752180037753 1.6386307312055462e-09 14.717548896457007
He I 0.2973305691406832 6.836707562882429 0.30529868423605117 18.656402440558175 0.36948800582387487 3.0049198426111
Si Ni 11245272.008652063 548.7383267071144 0.5222749198269455 4.053935367657262 0.4301450584075825 12.556057839283358
Ni Yb 0.46004836842356084 7.221151454632101 0.19876068772375802 3.6895749414038104 0.2995169285425712 18.448303683151853
Co Sr 0.4983819425166305 11.614524893741555 0.07952078041299544 46.43586398136505 0.41817573903826866 4.015375099823239
Ni Po 0.5822753058405686 10.041362275730652 0.222328022740155 57.153108762428566 0.26973990016420507 3.7093149998309833
Ne Ar 0.3652695010490879 2.98130405426141 0.5180907660634797 7.953340631882102 0.10907648800688965 31.64091088249848
C Eu 0.16678256406086855 36.95104767853671 0.3855350073405989 3.869141972637986 0.4557961317008025 9.358721985417127
Cs Ra 0.15646003066090286 3.0131109019612357 0.5839722049331239 8.350468507403173 0.26551795283294505 32.81624350588856
Ar Ag 0.5457625159816858 10.279488520597539 0.3428574032288036 3.4184082606291155 0.07087888456806955 29.19858022219128
H W 0.12190506995836281 48.61810182655023 0.40974665276476785 11.942190406939435 0.4806783479654646 4.241286302053486
Ba Eu 0.3400647048656709 21.72834813858922 0.520409699160428 6.584261001389051 0.10931736155513813 3.015589076552288
Rb Xe 0.1621464445150122 2.772312882541545 0.32637596571859495 19.464305386866222 0.47831709042842835 7.116707821134365
Tb Ta 0.06263348636054256 2.8938409669882175 0.3364763020545073 24.7760228445789 0.5793546292583923 6.462171858161985
B Ra 0.5692516406115908 11.419125335015968 1198864.5501419532 474.2766580428822 0.3363942904270473 3.242937448602927
Sb W 0.549170549773024 8.019170358682514 0.1648911680919744 3.2720553692790313 0.25860492183524225 26.33682829719769
Zn Tc 0.38214964014334263 3.947773857919493 0.48343575808102074 10.908776866717695 0.11188283997681917 30.00996922999652
Sm Gd 0.5585243025581943 6.890468972871751 0.2854242408567679 22.33208134068643 0.11064444066610243 3.3107999478162626
Se Fr 0.23540819844903638 3.480927535396675 0.16082710242949666 41.462847203725275 0.6016462231646564 9.952015331136703
V Zn 0.21526838744376053 24.571860227278815 0.5006092510634335 7.546166282169033 0.28297554471417347 3.5345037854571846
F Al 0.2807309995396052 14.790926359300062 0.1675012479392965 3.973748771132819 0.5251687699727979 3.974492613946546
Ne Ca 0.5199454991162674 8.551982902496112 0.10704762647601414 40.38553558286235 0.3864789629929435 3.139661764413759
Cr Co 0.1546009478493897 26.28075476863267 0.5727304956065108 4.594511576198457 0.2745813009608413 12.088587863774347
As Th 0.2205022456131993 3.4318483356867753 0.20554713884071496 24.498266910413495 0.5470685466780565 9.215280381916902
Cl Rb 0.20043568035940515 2.6529937691821237 0.1849652914799483 25.771323021603234 0.6003833929557914 7.365796533987682
Se Ta 0.26571784030928874 3.8810045322818487 0.5283982348616411 9.145060547337232 0.2198270651258633 35.608515792659
As Gd 0.5555195975874384 8.349300117333893 0.19699879489715955 26.13837653158188 0.2178669507023334 3.5562244428347864
Te I 0.18785930415836208 79.3874495311287 0.6068657533778067 12.297553727309449 0.305082808775617 3.4007971888964366
Tb Fr 0.1016318157104647 2.8827793652286715 0.6155682417629719 7.668982667250931 0.29873705049058646 33.002117395373055
Sb Hg 0.1766599220887061 3.192411543577434 0.24176409720306824 30.245649754881416 0.572261015318213 8.617008921474739
Ni Cd 0.34313886052850523 16.391560325939718 0.2366937100323717 3.3724651396880354 0.37513803688400066 6.965236187699558
Sm Th 0.097163321662013 2.7784999050300936 0.5858480916228056 7.450517068538005 0.2868322678857333 24.43804553742678
Ar Zr 0.1450785787495928 25.452598155371206 0.584541199974837 8.058733432799638 0.2397580983026516 2.9013933473039915
H Ta 0.12987010318779668 44.841023603728566 0.42242315002803904 11.218034019522753 0.4566139652573443 4.132101696036343
Pm Ra 0.6070166075474729 7.80400931328182 0.11216510926021253 2.8781832100048064 0.2929608761951854 32.29885674890898
C Gd 0.42684121706056943 4.074559660636006 0.12587025919733288 35.16111006351672 0.43702688887321206 10.21140053581407
Ni Bi 0.582755326821641 9.849063305792857 0.217920023371444 53.7913504386557 0.26333190006759954 3.6924824923454604
He Xe 0.33479058351693214 18.09502935340114 0.42114811645440137 5.383883442696244 0.2151343296512584 2.330286740979505
Ni Ir 0.5280664184062803 9.568698168844621 0.20661506635610138 41.81258444499671 0.29324731349363725 4.008958696760493
Zn Ra 0.2166521879049897 64.90129392831074 0.27752611249972764 3.6828488925116285 0.5906317604007714 10.657071405225228
B Tc 0.5841029241548609 4.091837661152878 0.38409139761318556 15.465911493370513 2920.068135372815 432.79177731812985
Al Sr 0.586876009468099 5.917091803326718 0.27140223909685524 20.176678740597797 0.12255028111597424 2.2184476184266098
Ca Ni 0.20878218294225032 23.604553577208332 0.46731562958931167 4.127453448158687 0.32582044769495205 9.071204421174134
Au Bi 0.07975761855832264 2.7269847219239884 0.6352128140871114 7.34312722059668 0.3142089553064694 36.006857837769736
H Fr 0.20164070645393317 66.82831651336674 0.30035529136340333 2.7961374137195136 0.5932694892321141 10.809009555264275
C Th 0.3770538498057089 3.536659484545766 4774202.307916568 527.5343125464564 0.5467932668819855 12.33683750291913
Ne S 0.3598503724476604 10.054573505004194 0.5390654472775874 3.593918442599381 0.09602471361113771 32.448184947600105
F Mn 0.6622508379222408 4.485139332722181 0.0016650200589737537 4.482808902121952 0.3159830374400763 15.452747394356232
Cs Rn 0.27733338097949156 30.79310440449827 0.1436953823480376 2.9491717533281263 0.5810648399571927 8.057422213421589
Pm Tl 0.5927051108499185 7.52086064005079 0.11183528378464316 3.037652397272345 0.30389225527894337 30.265075593277512
Ar In 0.31431816062567375 3.273319447416022 0.09416848460267324 28.59272651297134 0.5559549026269909 9.864102913030939
Te Pa 0.22226995821579698 25.66881858068571 0.544630756414288 9.287162649438466 0.20456209290141134 3.3571405304485493
B B 0.35346299568524725 6.337296883457535 0.5664869048029046 3.500014266969728 0.28969322831848154 66.15269983085255
Rb Sm 0.13796771517991807 2.953182866116722 0.29040385751724557 23.505294543689857 0.5500646319283586 7.127534550828937
Zn Re 0.5221516226809689 9.430127498092313 0.20738508296306352 37.87967755970573 0.2878326111223576 3.989527269691833
Al Ga 0.33506370098007393 15.333351638647997 0.471562042927097 5.367666412497602 0.16034048939385093 2.8939529148229624
Ca Sc 0.27854914109209705 17.373583270641458 0.4415170633026559 6.904865694278362 0.2761151907125967 2.989345492692636
Si Fe 0.5011902172058125 3.9295667797275518 3674508.367103706 514.7954186268406 0.44879955294597856 11.890936604939794
Ac U 0.20480431910836105 44.127839880070496 0.15341847013862944 3.30504580617953 0.6550801049277621 9.170022990337966
Co Kr 0.3786677699134682 3.8493458121808657 0.09973030520599357 36.259093224171686 0.5119025010177508 10.502412327573168
Zn Tl 0.5759558698363295 9.686013309942915 0.2017919050029955 46.404974836556455 0.2587701248169668 3.715599215786856
In In 0.5527075190801736 10.699583402894621 0.14440872125832777 32.12717152901656 0.28764902853497126 3.4106683796442594
Se Rh 0.29579625610657867 19.452975425131996 0.44075480808806927 7.502561055802618 0.23345319689274568 3.3826887760494433
Cs Hf 0.1071727706861816 2.9688466412061745 0.32444056342245736 23.458853994890006 0.5424499472226658 6.803305482226502
Pm Re 0.5550637097317176 6.983421727620204 0.3189753346764325 25.722485422759075 0.1083762625531776 3.224259750270485
As Te 0.4245254636554763 8.040986589503623 0.2885416752111014 19.043444386915986 0.24870041751272337 3.3603970824552087
Te Tb 0.56855082592063 8.400438377941724 0.23873618387701076 28.61072688241344 0.1760808435137946 3.218920075301248
In Pb 0.5717391940112097 8.701675174031877 0.18030345635176523 3.200467389049934 0.2296338160111504 29.320146033124658
N O 0.8754836495092159 4.771656220906186 0.12665808700889775 28.040448585821817 3.7917470189061194e-12 23.09016420075383
B Tl 0.812442505207975 109.2412988572508 0.35514195554978534 3.5756270215742094 0.5435519718454994 11.089829759835002
H Rh 0.637835801221283 4.228296594222561 0.3377349471256699 18.26148468134011 0.010999111887252984 4.228184600583135
Ar Os 0.19404278829518778 31.896136325031048 0.5570606111407511 8.526310150476709 0.23929792426232366 3.4648819051867648
V Y 0.10328675982884027 34.47424680576065 0.3605893856766304 3.6831196276697176 0.5203469090675704 10.120932741160631
Ne Cu 6.52175940179826 171.9831172901561 0.45076894200346174 11.425031968901543 0.4950416703871779 3.8916677920138256
C Te 0.44308668133931833 3.5051001711322822 0.4029145894741713 10.59252348813172 0.13121720198690623 26.33578519916716
Ar Pb 0.19241009548354202 2.9876341888244973 0.18844801908694392 34.39767826098773 0.615123588425546 8.454002634496739
Ni Nb 0.08487506291779995 51.88897539882539 0.4929713042884979 11.997040196137286 0.4257060911400624 4.1016431750340026
Sb Ac 0.2349668334236945 25.198939795480555 0.5481269973662275 8.965259284895009 0.1905437896848972 3.1469723516922556
In Os 0.2566445166202719 25.753722550674112 0.16271272512689847 3.2690700040130785 0.5499787945243567 7.989417678701636
He Sm 0.2237942141492254 26.354511202290546 0.11449641885001957 2.148270262480324 0.645257501547168 6.119524279345936
Si K 0.5970527031269948 8.682162596914164 0.12850967253478177 53.12775977464721 0.3212638117132459 2.7758359030906834
B Re 0.32533502254823315 79.7128520426586 0.420628578693081 4.113707905987167 0.4724671426474317 11.297266257126942
Pm Hf 0.3353769651693968 24.0287990755278 0.08378474356526722 3.0233848888285126 0.5569587176707776 6.58180219264286
H Ac 0.3542207752362141 3.0660414705389925 0.5643872197424791 12.182122293664492 3.671938872135967 160.12562653465466
As Cs 0.17911405310355255 3.0640825465916888 0.4824346340430547 7.088173354938934 0.30783001618739536 20.252493832936246
Te Sm 0.5683031623718479 8.718563465876121 0.22645454924374064 29.45384127647173 0.19146003124927766 3.219970469002228
Se Mo 0.21511048588703022 3.2910771792548097 0.4509413993433069 7.186390854883748 0.305332106576752 18.970599959537726
Cs Re 0.5375184118167318 7.0887771385506975 0.31302694471412373 24.178478855191496 0.12421808505347338 3.1016960450395685
Si Sc 0.559431715546884 9.490749586859888 0.14683723244512448 62.804541696342575 0.37126983043470996 3.1211627890777054
Ni Au 0.2051803128770707 42.44475268395191 0.2570298418138162 3.764532709519997 0.563659562230785 9.287171345977537
Zn Rn 0.20324908576635256 57.34132072230808 0.5906033916933379 10.30599762884459 0.2670163776830421 3.6520199719194477
Co Ga 0.30803973634717824 3.719565128782118 0.19795766691535413 23.882795873990375 0.48301596479574543 8.079629372583106
Al Kr 0.10555658367915122 2.155702984449847 0.5677260997646456 5.533166837558612 0.30222382614311305 18.058938129960616
Ca Fe 0.19020007570324096 23.061557245887624 0.5313325310823515 4.27597828417191 0.28095802392703584 10.495863859302823
Rb Pa 0.5699576297655535 9.722758160141092 0.23023126248013392 3.5504547715034858 0.1864346687354487 29.050322598090393
Zn Hf 0.5084866303193435 9.152738955084205 0.28547896876933826 3.9669561230888584 0.21487358404567902 34.00132497296999
Rb Tb 0.2590691719071916 25.717591272468997 0.5521578406643706 7.669276579102984 0.16954403569876864 3.2291403885018486
Au Au 0.3278058776056846 35.5693506265724 0.06503013896733098 2.5959673076954948 0.6402605442784649 7.048920214093716
Pm Rn 0.6069379362056864 7.69375938286172 0.29666262144628547 31.72891070663896 0.10784313660742585 2.8635959538873967
Ne Na 0.25815933372158745 15.88414810646665 0.5377770014960195 5.064038771355777 0.19066166790908123 2.4272734730343433
F Ti 0.3242928480745729 14.447459700005087 0.6401443336335124 4.230694446350172 0.007124486484145322 4.230419537496167
Dy Pa 0.31497442650112045 5.121372683778633 0.5328731079378494 12.013669006758857 0.04477172959865926 2.8650792240455734
Cs Tl 0.5699872841693991 7.59768832039951 0.13146851694809183 2.99741838853779 0.3001332483766619 28.602294988522598
B Hf 0.48978066799155157 10.434065739993752 0.21471304764054833 61.000961718319 0.3894518819082188 3.9637156269938396
Tb Ac 0.5884962761605921 7.169850822471638 0.29649735984381115 23.606301596224338 0.07976844256290981 2.68204038281018
Ni Pd 0.17379856715387001 20.918389247004786 0.4223372873000467 9.948389975696752 0.36443103261234133 3.88152968320033
In Lu 0.5819464719750298 10.427011950116043 0.2749423795842005 3.8343514133142884 0.20325959900062338 57.882214899743126
He Tb 0.11389449295761181 2.2134888291199957 0.6666982226416994 6.463909780504724 0.2079213193541948 29.00363657835344
Ar At 0.6331525847151684 8.325334003206626 0.19438190006033843 35.02637413994427 0.1712590011801629 2.7899950579955344
Se Ac 0.5402920077000417 8.580511216025942 0.1904111905227493 3.2553426461235047 0.24089249450386072 22.746585935764884
C Cs 0.47925431902745275 7.801156573125503 0.30966006072183433 3.126112011054093 0.19964158201169915 26.87040603732595
Cr Cu 0.39428963376641785 9.337130202386984 0.17829251956719674 26.84728368977795 0.4289903371669078 4.086489723517145
Cl Y 0.2210890826615243 2.810626616028645 0.17659411088322696 21.90554658969935 0.5673130803781038 7.507843345584679
H Mo 0.008989928387639318 3.9173096077868004 0.37383638756580123 15.837309315657226 0.5955774056493393 3.916848277827191
Ar Lu 0.06827896682932988 2.3034780241458592 0.5453614259879451 5.860296128844059 0.34625704199575125 16.92611094340002
B Rn 1.137880818140071 119.75310395134686 0.3140801364890958 3.1468647228417503 0.5833310137950618 10.87858581281359
In At 0.2258661436331607 29.593785985526477 0.18120524397230148 3.1497501184295795 0.5732517718009477 8.803764979270426
He Pa 0.40993110480715494 3.6229378434656 0.4777074892778449 106.1721042048985 0.5056037714037689 12.904555064963521
He Ga 0.25691720807754326 2.866086442963483 0.20384542082383514 59.34029626944357 0.6420888216113135 7.244496682715071
B Fe 0.05062764213657178 4.68691601198513 0.2424514062496693 18.384929285857883 0.6905488125843758 4.687014970261666
Pr At 0.29671840302944963 31.035243028229583 0.6018950643853099 7.682514308578318 0.110999449690778 2.8544998701221638
Cr Ac 0.6036251345728344 9.69898668611476 0.23900491657585915 3.3912883182821663 0.17516110556997358 38.86809857185254
H S 0.1904224971585155 21.03112888187091 0.8064588456101446 4.105078176025912 5.859440854772872e-11 4.536457792137629
At Pa 0.6384389140932166 8.488923523244736 0.2528938359217325 35.36622607277866 0.12607575167451707 3.125156580884385
Ar Mn 0.32305797566322875 3.4621605336487318 0.2535218939309264 20.11871086085957 0.4256862989347936 7.180061842882123
Pb Rn 0.0891789273013978 2.700468329974453 0.3402739501768829 40.17067468266428 0.6428475312427822 7.665676591624948
F In 0.0937109240306001 29.550802284337212 0.42451299927429365 3.57730600077681 0.4544334650138437 10.62474711683188
Re Ac 0.07527918084156891 2.701513160333212 0.2917526461049869 23.76594227551902 0.5925727485498945 7.122813154315058
Pr Lu 0.05167151225200995 2.5627722603685865 0.360552682514469 18.1128537753996 0.5264126255926241 5.970846011891329
Sr Pd 0.23345548990878184 3.2839331215393144 0.43486574261831473 7.703733546857244 0.3036503267221346 19.757186331021607
Lu Rn 0.1948731952317639 3.6495888009528095 0.6197734451657599 9.163916642200006 0.26668951745896424 54.19449534875833
F Pb 71116163.46705367 578.4945422239441 0.5534152030860346 11.070401336082446 0.35007618817790176 3.639942773793758
Tm Au 0.3178629214322239 28.02248197348332 0.06851768884071714 2.8351167982088037 0.602626073790014 6.829872061285483
Rh Tl 0.22230635775691804 31.426492528231257 0.18948702010717053 3.3120191992698382 0.5769411827611103 8.695020803606244
Os Pa 0.2657111373122085 24.737677329966896 0.5671523545234832 7.79639352520302 0.12583596711360215 3.3868952634350813
Ca Hf 0.1800946838081463 3.227914270034981 0.5813221312050346 7.659882177460221 0.22881609226775343 28.72788525032783
Nb Rh 0.2382381435079393 23.11796947492348 0.45584569502778854 8.997053174188057 0.2857849768817812 3.506759881848828
Al Sm 0.2286788396478109 22.333134274041033 0.15164066533290405 2.7693332239872044 0.5841794625161573 6.941750945356775
B K 0.16519937264952264 22.250284599054158 0.413098138776003 6.949454614806608 0.4137011796421038 3.004894730868504
Co Tb 0.4837380932392577 7.854070002160322 0.2536998430043865 24.744582623486675 0.24645694175156604 3.8675971299143455
Pd Te 0.151865482199862 32.70377327203391 0.5521991664243721 10.631315051104563 0.28397778952488717 3.3851053254012173
Si Re 0.18333026291222712 29.66578970170006 0.27895315535507176 3.6399432976437387 0.5208113871978648 8.876559648353448
Rn Ac 0.2767145806490139 37.78639427230334 0.652956414984368 8.143639874507521 0.10754742027754205 2.793296504124398
Ca Rn 0.19350747044990088 34.8778208373465 0.1607371403191567 2.7425206564306452 0.6414710318177613 8.297383360125478
Sr Au 0.23620328574816823 3.558893380618601 0.19919142394222053 33.69259769471187 0.5573901587499459 9.316789573155834
Co Pa 0.35185013950181343 4.188430185504287 0.7669796881085444 116.45717018343387 0.5605655273399864 11.857090513246654
Si Tl 0.22683677680686545 3.2613595644599966 0.21281918928968002 28.190549411278614 0.5434647410490371 8.298731960102705
Mo Sm 0.5482924068905289 8.812425310614792 0.22392758345604918 31.67331028589331 0.22779422779720593 3.5496965320419154
V Cs 0.2870892177459005 18.988125821524196 0.46719877450923364 7.161765692422808 0.20994725406587708 3.1274348913404006
Lu Hf 0.26098526339694383 28.799918888001905 0.1649544710858743 3.7631877294244345 0.548761062207596 7.476512342330197
Ne Rh 0.15150767114073949 29.80630595309412 0.36377787237901316 3.450183471941616 0.46841711123491714 8.806207756620488
F Os 0.4144850352298372 4.1537234896907815 0.5251501856490927 93.68281051285561 0.47891281990212625 11.404058540756074
Rh Re 0.2129105356074162 28.973227517776795 0.23903601659325086 3.721007417182136 0.5223800678067321 8.98238701865847
Cr Mo 0.2060290949545356 88.85483705885758 0.4995276880337257 12.01493580586943 0.42864226665138205 4.038639582469118
H Cu 2.6444258251875906e-16 5.513294992550843 0.20814735607547338 38.88637488136451 0.8496663730984363 5.097570599240315
Cl Te 0.5836360501246265 10.125378261473989 0.30769750056768663 3.182514104781046 0.08303030128117239 37.87372321377326
Pr Os 0.5502717615171975 7.182727642746909 0.31143825050735946 25.984446984372997 0.12150345148266502 3.2392473171044127
Nb Ac 0.29939397903680437 23.073206539627915 0.13438845314376396 2.8170721255265496 0.5501313721833527 7.677919592150912
Sr Nb 0.357328953498986 18.410852700783686 0.48813672149021187 6.24131582139274 0.12995230778010233 2.6859721572580884
H Na 99.35752928711752 241.96994829824723 0.5536705711192383 6.117281250770566 0.3896995548991878 3.294135488260264
Ar Ti 0.39658178899084456 3.334771013178243 0.1965980449223887 66.43804933511332 0.5445208993103327 10.368571505188697
Ne Ac 0.27179435291635734 3.2070614580460073 0.15682005979740987 23.438187848105205 0.5262002900260159 9.185662862397578
As Y 0.37516333552558623 16.62788687248838 0.4657563038881354 5.87417043540369 0.1269203244850609 2.843708881256777
B Sc 0.14151235024273778 24.468481697968517 0.20364307345025742 10.506810275017372 0.6503515878797956 3.927264162711356
Pr Pb 0.10831873575032881 2.8922120477607716 0.3043263355144069 30.083598785807695 0.5962152420615986 7.511740926432009
He Kr 0.29376655125996004 2.479945635089046 0.630557187799526 8.65341993242792 1.0121401135393613 118.86671658933618
F F 0.2228522249965157 19.62232794871904 0.23505122139440976 4.34506000026051 0.551382445348792 4.34506186455199
Rh Hf 0.2622831027442774 3.8549617410927026 0.5170168727915273 9.349888375261902 0.20180253558667602 31.124411291510025
Cr Rh 0.5197873432671195 11.769642968261834 0.40353279193561314 3.909088959868907 0.17964288531705294 81.9388801925829
Cl Cs 0.21547430866569806 23.09496035800625 0.5848414128246981 7.222474770937116 0.16982861335024224 2.581472582265778
Mo Tb 0.22251360034755596 32.345552995298135 0.22502506401985045 3.6117996359874276 0.5519478413894924 8.781900292933507
V Te 0.32125174768940107 15.828701781307245 0.2498054243249565 3.162466397621611 0.3800014646519304 7.61043588777434
C Y 0.5535827903793983 3.9039307164707155 0.412244379431602 14.248343322325663 3.1762727654495007e-08 3.8912945279827884
Lu Re 0.24653154222646567 29.577592873011515 0.1795664743029508 3.8619810130716874 0.5465754342445319 7.75450024620564
Ne Mo 0.451993471150204 7.740780625884192 0.19973729169995183 24.523268325910223 0.3307092690051728 3.382496794526284
Li N 0.36208411965966114 74.57416756797456 5.007515840636732e-16 4.722430219915916 0.9184608010566576 4.472472900098933
F Lu 0.4798166298640922 11.356301049586005 0.10524413907535914 53.63861875471747 0.42770287620555963 4.185982965515693
Si Rn 0.180867483222247 2.823870800342669 0.21618636842807668 31.25628040782249 0.5970211494819117 8.10470467630074
Ca Tl 0.19304038818441485 33.960502466741794 0.19618267376599907 3.1151240816815386 0.6058629073886831 8.445539781894919
Al Pa 0.5457537349315621 8.108436601847632 0.2100012798067779 3.1934554773948496 0.23323168655147838 27.325875411817506
Co Sm 0.2574741343591499 22.683046812363216 0.28994638819417734 3.9793181262984367 0.4285398686913561 8.116385097018915
Pd Cs 0.22359697956211055 28.641570824536046 0.518216050859202 9.219852910073529 0.2511860240314189 3.366164061901622
Si Hf 0.17556737243300283 29.384716906374273 0.5483588477566477 8.658284453746036 0.25529132081173866 3.49997242713521
Ca Re 0.5359447728283695 8.469474365048692 0.2093231181590532 31.025009492519786 0.2483013737409661 3.6042892114596277
Nb Mo 0.3190513671742864 3.6291738208817197 0.4732208923930785 9.774002802473593 0.19471773530372985 25.972521908060603
Al Tb 0.1378436524742077 2.777849061062465 0.23392830302189718 22.449459189215624 0.593966313962816 6.893829197339673
Rh Rn 0.20883354411713587 37.24341330222711 0.20587339649903416 3.2933876543096714 0.5912816259026169 9.39005554870931
Mo Pa 0.24273361908338867 3.68636956051519 0.2012198807817319 34.0436816443444 0.5643094502415544 9.958527812867162
Lu Tl 0.5997106910112336 8.273745426525835 0.16789196049556468 3.6073534451227385 0.21913730860640443 34.92228584520467
F At 0.3557531356891763 3.618059539454604 30710234.70809319 566.8470752858789 0.5524421482432444 11.38775928652724
C Zn 0.40057908095087136 90.7198796404944 0.49949290955391273 3.9131446673180994 0.4314882760798665 10.557473576646485
Tm Bi 0.309851960096968 31.225680426721848 0.6073516219634533 7.320237268679055 0.0916542513321607 2.9714021551718672
F Pt 0.5140274807607832 11.102053733338527 1.5812489369538658 126.5075027784933 0.38193285214688183 3.930202822277473
H Co 0.20857576656229088 37.50936454305629 3.304790735442462e-27 5.589822767067803 0.8458161460032096 4.891054335815251
Ca Ra 0.16419508504959188 2.752503875065761 0.18725556639481508 35.72442280723075 0.643434033065625 8.435965926784451
Sr Ir 0.2879343128996856 3.8901343150538565 0.19328476373636225 37.43261126212759 0.5253855415826441 10.010743850182088
Sr Bi 0.2310443650278133 3.4644283091768777 0.18623957232137028 37.83995201643229 0.5856554728280056 9.684613405934291
B Cl 0.3046490678728822 14.835635720033533 0.6749354082972153 3.7003342447857324 9.84433475924e-14 3.4066055890145504
Tl Th 0.0919239309525769 2.74827881950832 0.287302150144657 29.818980962817946 0.625680637360171 7.67098417917977
Rn Fr 0.3692296377052938 45.60057456056019 0.0989273693554489 2.7015344783383695 0.6487000052993447 7.946049434930793
Lu Ra 0.32287577181280414 61.722778185597946 0.6257711763939044 9.2867228090905 0.19534096570108309 3.6135863332635068
Tm Ir 0.3269642854587607 26.866816002014815 0.05870492878391873 2.799180888649794 0.6001017154309144 6.632509443095057
Re Fr 0.3025803407188901 33.71345212823185 0.6206858139521452 7.498511966893307 0.09073206987171976 2.8540349596187857
Hf Th 0.07906311613469456 2.759346549302038 0.298166820746514 23.39224271290745 0.5828772297784703 7.104243906692165
Sr Cd 0.4540361639780936 7.218242970248975 0.32460428595754176 19.322240502132786 0.19200452837117069 3.0412001427986097
Nb Hg 0.5801352760054985 9.22464076836019 0.21836836247435995 38.322430810819924 0.22152667691337039 3.4945549237204205
H Ar 2.4421405327652556e-13 3.3902367571586995 0.6551187047798768 3.2300402619072477 0.33367108485936325 14.443345498299868
Cl Eu 0.21967212094533217 3.244843127437385 0.5713456800294183 8.09429779339768 0.18939752063475457 27.939864750482958
H Li 0.9038062571590525 3.5542647632852553 0.1703249772775175 28.214932315191607 8.959589673295298e-07 3.5327988943435686
Cr Ta 0.20423817543342979 32.27344956156148 0.3266787583996806 4.144688613885061 0.4666208393661642 9.345620890859083
Pb Ra 0.33410414933397453 39.55344002230375 0.0914929190433131 2.706641392093116 0.6397678835447844 7.715347581164563
F Ag 0.396683630018917 10.19470139019327 0.446225566229361 3.726457870142646 0.12763712330962018 25.464836304714375
Ne W 0.524157020117787 10.19236093250855 0.29109045091066926 68.24837190904194 0.3506371869512092 3.8765360182668593
Mo I 0.23144253065632275 24.618057800738388 0.23493619161928034 3.1840252314021695 0.5130622378433457 8.928288779144827
V Gd 0.23431973324480201 3.8988710436342626 0.3553819025628994 6.5125715875246115 0.3657404038682592 15.930336972574395
Cr Fr 0.22742885609841543 3.2846197733734606 0.2164449611114745 53.818635195233426 0.6222948136347106 9.607192449181978
Ne Hg 0.6669200282039962 98.52029506232472 0.31495649170407064 3.5108245408959307 0.5714681918089448 10.342460538540973
V Th 0.6056450110586784 9.392874452168174 0.2235392685466095 3.281757614955417 0.17673142401103614 35.38508257497242
Si Ru 0.12948842439820896 30.728931965641504 0.3589395006458537 3.5130807103260935 0.4930166255032301 9.40256033809345
Co Xe 0.3308637156687873 3.599395300864439 0.3131018123431618 9.086562639858563 0.30693422168102474 16.241480896313853
Pd Eu 0.21837110888346334 3.5117371554097976 0.22495230293167204 32.066787104434574 0.5553505931783198 8.81740779079936
Al I 0.10845749560740567 48.38482407979128 0.5588108359525974 10.329471095178176 0.3359528692914622 3.225376930203163
B Ni 0.4686715172481546 4.6312695419455405 0.23676348856425397 4.631031976813242 0.27440949006112264 16.732792195614227
Ca Tc 0.5330965010336913 10.928093947502907 0.07895014555860151 52.32387811363042 0.38182888929029096 3.658496619646256
Nb W 0.5085101826290984 9.848377873285767 0.18665705650895867 35.33528617831674 0.29678446617855564 3.994959879314389
Rh Ra 0.2111690115962391 3.2988173763569733 0.20106977570574644 36.95175409405613 0.5886729490879539 9.563167862367791
Tm Yb 0.25319334912659797 27.089717368500928 0.1352721413441202 3.447207552759723 0.579789605143461 7.701302887371611
Sr Po 0.22536293445339003 3.418902001777984 0.5897119894985658 9.649583406770839 0.1822315365699023 36.891419269991566
B Ne 0.6184483458372422 16.06449429100539 0.44368106373007515 2.9527933970716744 8.704191167233252e-13 2.132335556507595
Si Ra 0.6058342879310227 8.253992282376528 0.1816556291313414 2.8016632505685988 0.21060563079172612 33.152255506223845
Rb Sr 0.014473604765164379 0.8664069603886418 0.4456741749554434 16.10860576654721 0.5144798332631764 4.7511232168256425
Sr Yb 0.21852497339070742 3.523270022315985 0.16618865190106452 30.213845221473793 0.5857765272662908 9.069597279746986
H Ca 0.7026145671487828 3.472715200759506 0.29114541760029883 17.554256705774776 0.004320495738366515 3.472582625293009
C Rb 0.46240040383266207 11.978772524404443 0.48290324780113925 3.57299460110374 27816225.095537417 562.826640114047
Li F 0.3383983770962901 4.238947490561003 0.15902928641800615 12.880045053026393 0.4678836085590763 4.239226540093213
Tm Po 0.6094450606298117 7.436144311594593 0.30682327735624204 32.11949438084584 0.09622332827645598 2.988462161746601
Al Xe 0.10099122580221666 44.88632644242586 0.31989972021419094 3.1141918519599594 0.571973942052633 10.195037052513706
Ca Ru 0.5293702393707811 11.327660881241068 0.3939832383360829 3.7123396475774695 0.053500705946834495 51.942759512964635
Nb Ta 0.2989011003995792 4.002745817874761 0.5053517086486252 9.843627569713151 0.18299229908443196 34.60008346299324
Si Tc 0.3358642670979057 3.4187340891463966 0.1444102675271012 29.34227090685758 0.502141481008254 8.906586881761879
He Sr 0.49265774867297935 11.355806824813595 0.059516366183223486 1.5703295802343127 0.4026314520671709 3.5869185734476448
Co I 0.5488977893677512 12.172918672085654 0.37332546438079 3.7587608828341863 0.05910009940787001 51.99434736045774
Pd Gd 0.5977542687619333 10.141559625420296 0.2640502780737236 3.7657706800756165 0.35299581460123003 72.97653585254393
Ne Fr 0.3206017153156577 3.4044163798544216 0.5717934508028071 10.884052256015226 19.11375315261885 195.90847549882687
Cl Th 0.15272376743850993 2.643039600302923 0.21589826408451554 30.683962354605224 0.6317345553726372 8.0436541850935
Cr Hg 0.20058491670673076 45.51105523146745 0.24060690505257493 3.5314411357040107 0.5919237841379198 9.222157642260214
As Rb 0.4405792389004677 7.216423274404734 0.3015453664602521 18.130249556982502 0.2291652438637894 3.2786181192893653
F Zr 0.09797344630520366 28.765013293966334 0.5285146045456376 4.004531270840314 0.3532202569203378 12.05914905468008
Ne Ta 0.34536895047174065 3.8584041280855845 0.25843685068138184 63.25408489459726 0.5260202639277719 10.031403142154039
Mo Xe 0.5220894684485748 8.94997601005275 0.2266879952503387 24.86217603690544 0.22922984261171508 3.1306487878840823
V Eu 0.44232388989211685 7.845433078563056 0.26013701623960994 22.446591070646424 0.2727805136904683 3.884391725374771
Cl Gd 0.21331598983166314 3.307298143248488 0.5085964767185782 7.574047245890596 0.23573561500620835 18.866515660015896
H Be 0.6589001580592527 3.8166142311122138 0.00042197761293852863 3.707796113605141 0.29871915922370157 3.8162890686749775
Cr W 0.47398618544467236 9.500863866241497 0.32824908594185037 4.138790485775577 0.19935591956767337 34.069327227234965
Pr Pt 0.11457112006058773 3.106761099726477 0.5678014961903161 7.271485226239458 0.30444439918567123 27.05578694743595
Nb Fr 0.15818559579348895 2.9736211357650624 0.23568035671807128 27.382286360903883 0.5792564288440658 8.259356761264181
Re Hg 0.07129507352439955 2.8337980443358766 0.3176136621169602 31.365473518201963 0.6192293114656905 7.003061467154458
Pd Th 0.18944643487693832 3.1697890930092143 0.5636327164428051 8.95349674795895 0.24153903584341627 27.80444743520116
Os At 0.3039250869777369 33.0753311952652 0.62220026791209 7.382124505764306 0.08476789430019034 2.8294771672145917
Lu U 0.2483832135806594 4.061892560297535 0.4192125543760827 73.26923953856499 0.5856746638927434 10.190829352603226
Mo Pb 0.5877938898293394 9.509278958371628 0.21050830563258568 39.93233807662959 0.22281327521832514 3.4413906973563635
Si Pm 0.5827618937347818 7.963340853570787 0.21143837064153825 3.059886510674694 0.17856531546967383 27.16686388016496
Co Lu 0.41222385984143844 8.041736349386927 0.2683189393627497 20.10929112838128 0.28713771542958966 4.055890600681818
Ni Y 0.4264431537436815 4.076626314295407 0.07416520836119797 49.142882911982184 0.49574675799989093 12.000441293347054
Pd Pd 0.21905719942111507 24.40488179095534 0.275810453636199 3.3897831003055576 0.48497695045877504 9.370165564562516
Al Os 0.29694056063644453 3.666386863264904 0.5190290678726303 9.251548823022198 0.1727878363194382 32.100395764046695
Ca Dy 0.2237939210058641 24.88758963274251 0.5681493930531594 7.497232486747538 0.18072305338837602 3.2597179690071987
Nb Sb 0.22760651904961618 3.1843090902376585 0.4856190111879897 8.350987805611588 0.2633352064031027 22.56927591835047
Zn Ge 0.4963510112476505 10.054208830817048 0.1305053757888075 32.0796137789068 0.3737626039960013 3.884600405882979
Co At 0.591041975436578 10.045045248335716 0.24866794913354529 62.93089512621785 0.2655111623854707 3.646822270755265
Al Pb 0.2216059747041107 26.315683862789356 0.5388154422149855 8.060402199587177 0.2172989119094601 3.160930248215117
Ca U 0.19588444016701426 55.22639960237295 0.5752711468023726 10.188641361022198 0.2835757606405106 3.71917279719054
Cl Pd 0.3711106731880115 3.565901311215553 0.0696687610212688 31.546344307018874 0.5220515569386078 10.468627654217283
Rh Pm 0.5487213658131859 8.891994178631142 0.22456507041626136 31.91013382098085 0.22730140945522342 3.5158623826910524
Cr Ba 0.4114414807809794 7.9599294841313375 0.26911428667541465 19.630937554662918 0.2842234568012716 3.5947278537891054
Ne Sb 0.511172505092546 10.940101217176432 0.3958436642851429 3.419279713552284 0.053326710110702516 36.5047489615773
F Sm 0.1410879595971879 39.14719101609085 0.4495008060501768 10.315177776531575 0.4130575990339613 3.9952659161080937
Mo Os 0.28103709382887654 3.9001837823939627 0.18716818679606448 38.32111390894275 0.5337731237410633 9.94735331324363
V Nb 0.41887961550825786 3.9602888061886885 0.13307484608990192 68.93158814836737 0.5020558320386832 11.562227525714977
Pr Pa 0.5042364328665754 8.613747221615773 0.2625188712626079 24.87985254791244 0.20408043056424693 3.701626315840141
Ca Pr 0.5233581946645995 7.153528621802942 0.2607452737515224 20.68195143801167 0.18289552291638597 3.039408734526021
Al In 0.11936061328999238 33.876078113778085 0.5280442613328579 9.541057913659664 0.33459693278015795 3.3167575686068718
B Ge 0.48570006720273556 10.082270566271104 2.1967220752751824 136.50379503798322 0.4454516385760458 3.6292592262668966
Pd Au 0.1583217713300023 3.1449508741921086 0.25454442505848734 24.346121770689763 0.5466186999255462 7.8407273311568435
He Mn 0.5925705852626784 5.181384791456082 0.22596796328906052 3.410899014992562 0.18602445014236382 26.528145467013815
Mo In 0.26420603830800193 22.5496420850685 0.4766836664849999 8.407012577536308 0.23715944347759157 3.2670573315123854
Pb U 0.11527312056735327 3.103538295927297 0.6301381100841552 8.197078079471197 0.30122489197038854 39.78310122733464
C P 0.26238125347558144 16.603609742550404 1.3546519910445009e-12 3.534673324879619 0.7224305888103316 3.972443674262892
Cr Tm 0.5817132943480077 6.998078482748075 0.26610342891003463 24.386578605545985 0.13317247046529845 3.16949223647954
Ar Ga 0.17294064828561836 2.8115450923612526 0.5741202434003524 6.4262083082493735 0.24385828810481655 21.683260792317256
At At 0.09632362839236976 2.741720614413446 0.6461335668288537 7.822518689009204 0.3845796231449199 45.104616512571376
Cl Au 0.24629731810946942 3.4118092562300775 0.568283720308395 8.83731626310746 0.1884459609908826 35.6221318579662
Pr Tb 0.5608341869326103 6.281516824137667 0.06326503999537242 2.7222639817194905 0.34812601437301927 22.211379449336224
Sr Te 0.3135586323554841 19.746175786937858 0.4679901123214937 7.421492820837482 0.18676653690001876 2.953845991354301
Ne Ba 0.33515857836105767 3.346048351069651 0.13802216174336687 31.12544003659684 0.5057359868241765 9.076870052832824
F Tb 0.3958936677533593 4.031838262970372 0.15493668063198823 45.094985099877356 0.47255483426862094 10.266422656569311
Mo Lu 0.24727710966349079 69.47325762566146 0.32200120839183166 4.06190954713633 0.5520488554587393 10.950920807977392
V Pd 0.5292904689345258 11.483061379695835 0.08950252589656084 57.364897791362885 0.3881617735532892 3.799389718829829
Os Os 0.32476645375623675 31.089351457656743 0.07723689310675995 3.0498208736116497 0.6076377414883323 6.900232185615545
Cl Nb 0.14356617298834068 22.72317640930601 0.5366966811517138 8.3760128077475 0.2815408486248163 3.1435743139565213
Rh Dy 0.2267227839835571 31.12497874593304 0.21699488842769146 3.600150685036522 0.5488873472664622 8.662856498603965
Cr Sb 0.4026756681525084 8.319248206575958 0.271800689122399 16.95449701725975 0.27880932938623504 3.3255546237943503
Al At 0.5722106272668798 8.452094993052551 0.2021285899244958 31.342147057401505 0.21682687481745214 3.0521301114863157
Si U 0.23571957764380672 3.3666398863807654 0.20015522417614431 33.61047491211358 0.5577088887736067 8.789408630317004
Co Pb 0.5898074398289223 9.519079705624119 0.21384311075871326 50.48027040395676 0.24898526147964772 3.612346161154149
Zn Br 0.08263577010910085 44.82780114087877 0.5028749763274748 11.698084749472132 0.41600266730867796 3.99115487493029
Al Lu 0.31684199012554654 17.30567640564949 0.5383692668254588 6.152289693262051 0.10177799066229395 2.6175480420218666
Ca Pm 0.2295075783651883 22.571248389665275 0.2179483168103887 3.3084906415644793 0.5215472185919773 7.712340023297292
Nb Ba 0.2666266613256444 25.31342236448983 0.19136099275214535 3.1128317338004328 0.5295409881470211 7.89744088450141
Si Dy 0.5909386016546756 8.197909178065165 0.17223470402370036 29.06197701241055 0.21343070832665248 3.2234867106097407
Co Os 0.20332107153292853 40.25535159471115 0.5101670303019343 9.596898368164595 0.3085615932491266 4.0928040010212445
F Pa 0.400696718669701 4.027661717927212 0.345358515485578 10.468729637072231 0.2029859802049288 19.081823759641416
Mo At 0.20790494143390498 35.13244387737658 0.19724571858796192 3.2672261633210744 0.5945399061555496 9.156627807304332
Os Pb 0.07413446538007754 2.7651512911596496 0.3146848341007063 32.409700461083155 0.623472083870337 7.1371736333731794
Rh U 0.25845743659325676 3.769127631270617 0.18928080662386587 44.18397298374726 0.5702136850849217 10.48485514303216
Pr Sm 0.07331495576207529 2.8305105428139097 0.553379129027024 6.301343854405761 0.34728818449141646 22.16679430736312
Sr Cs 0.5207775956235354 6.620283049645834 0.3312754769988484 20.637097705644592 0.1221024190606765 2.588058211861342
Rh Pr 0.2231152012202305 31.37882000473908 0.23389935824541114 3.482439788376455 0.5430066389172318 8.986351237611286
Ar Kr 0.20468564939152592 24.484065780596357 0.16479541314509114 2.4470586924117543 0.6173452669052154 6.966080682028346
V Au 0.20295998615009495 41.033340777561314 0.24114017047201627 3.542687259184132 0.5778135442100598 9.000288576482093
C Mg 0.003852157265370981 3.819671357895218e-12 0.30582084120759256 13.849774440337214 0.6707660403698811 3.7324677227567764
Ne Tm 0.3130973715289638 3.7065833075072168 0.5476925045960662 9.493647719454438 0.18120085781435105 47.65578895545669
Co In 0.22408171293946336 19.093324665793304 0.4248813694006882 8.90726981883631 0.30841023748506746 3.5833489001053076
Si Pr 0.20063260860963003 2.921896829144739 0.5792415660196402 7.692132317980897 0.1898436082825273 25.420645994072164
He Ti 0.23487469215331025 19.98502758005233 0.7021717521228178 4.276101557526541 0.0574040541869778 1.833363836176366
Nb Tm 0.5635580470945408 8.42108548366564 0.222424632486006 31.006222678416236 0.20294843946245625 3.5110185750466254
Hf Au 0.06821433103928243 2.8514792776060696 0.6057146847204884 6.812428074837375 0.3178002425553377 28.76123360087265
B Br 0.49765320794149714 3.6280854703745273 0.46262228342361456 12.337204786899166 0.0012756901045019163 3.627941163890818
Hf Po 0.309849576621265 31.649893988375563 0.6090578880663625 7.291688456119687 0.08985004832689851 2.9659841541295866
Pd Bi 0.22130294811206908 30.962752105990926 0.19158325620894057 3.247842769096962 0.5726796989785339 8.816119291640867
Mo Ag 0.4571187325830456 8.592346028710217 0.26159418742128127 22.123892408659295 0.258375402564762 3.3656203754629237
V Yb 0.5601008775264188 6.353539430711989 0.3193246085867177 18.673290378940667 0.0870533882399426 2.7623078382286064
F I 0.4939954087747835 12.459339323629548 0.021354780263698848 44.17244488657787 0.4468389873914644 3.5965731770259763
Ne Nd 0.4934889251152751 8.970250196080034 0.17442385601166527 31.370329164868092 0.3257464236335304 3.5408297986958392
Rh Sn 0.5108299575707049 9.393778900281568 0.21034211456242052 25.681552265912305 0.2585479183774047 3.3256393618557962
Cr Ho 0.17059093266016473 3.4856987042343373 0.2691784021725535 23.764709914326207 0.5407744713521879 7.141962973187995
Cl Ir 0.19111018809318261 34.2517831152334 0.5459610159996082 8.846846642083024 0.26316041748254954 3.5776097142459067
V Po 0.6179513067223752 8.939410462449521 0.20286570399755852 42.22428095580237 0.20624942056903647 3.2139802773419204
Cl Bi 0.2073053643808506 3.0780388875747464 0.1880727804795059 36.402911583233525 0.6076494108700669 8.643301556634993
Ca La 0.5323558201038866 7.996005007771647 0.21501514326595828 22.25099504430315 0.22099565404521726 2.825632446031465
Nb Nd 0.5456676338987855 8.297285276375858 0.2431336588977895 28.815958492522082 0.20616925059578306 3.36520025433808
Al Ag 0.13129812022457868 31.96793879254646 0.33299417915602614 3.3387149001408676 0.5187914315416711 9.22418328169896
Co Zr 0.4338701364545714 4.119020001144945 0.08315054695589107 53.62748342192268 0.48763487982045817 12.01787014347414
Pd Ir 0.1920168914582765 3.4349324124884486 0.23964182349952723 26.14659948041315 0.5352678147123571 8.288393381723894
Si Sn 0.5284497442595142 10.556610613342343 0.09027442708102387 40.93642274955356 0.36503264163754334 3.460945252638449
H As 0.16423028228361353 57.979356531179704 0.24160388129768293 12.700288457820982 0.6787385919060857 4.474284624288707
Cl Cd 0.35182040770942263 3.454012650327247 0.5398088949772593 10.383048879304708 0.07670413294030534 33.87785183202225
Cr Ce 0.3784785067430604 8.536489120843727 0.33311542550794576 3.9358996249822 0.2590604063030378 20.870378868825114
C Cr 0.24797606722358556 19.817314581705524 0.675834301161078 4.642689550027521 0.07314824054204545 4.642394821230913
Mo Pt 0.19414604906585486 38.56516581336568 0.562556648748479 9.599617454897073 0.24764741813506644 3.6722741732110826
Sr Eu 0.2769795807056067 25.122835254042457 0.1559986870633764 3.1077289212153913 0.5507309955924338 7.440646887037494
He Si 0.5996826676462188 3.141724685513135 0.3762979466352593 11.406103206263777 3.536632648665526e-13 2.5880195625204223
Pd Cd 0.5065717649286559 9.48051306161481 0.26601948803434855 3.3312606750525404 0.2062312802904132 25.478556125844804
Ni Rb 0.5044860593702788 11.440022640912396 0.408611926145354 3.9755793707011717 0.08095263968355688 43.78392952787937
Al Pt 0.1826621369518041 29.749466307392193 0.530074805108946 8.872695664099497 0.27004821796051603 3.4998951936479377
Tl Po 0.6403222187834384 7.659704455708107 0.09195900404323726 2.804002997141825 0.34016889961909985 39.80207640839669
Ca Er 0.5968168743399839 7.329021109803863 0.15240079025287226 3.073468854005108 0.22441821997200237 25.526899141292493
Co Ag 0.32060120972777184 3.684515234856198 0.2511101228092043 17.991331793485408 0.3844779540106369 8.639345376642622
Pd Yb 0.30618995614490263 4.031922921672117 0.32978253001997837 84.20467986199426 0.5771206842167852 11.150375807160318
Si La 0.12997057264787942 43.49943191314244 0.5584638117054199 9.91497624387164 0.3144176450366712 3.1317695615466175
Ca Sn 0.16717514265290137 20.4817630471031 0.2720918378605473 3.127343837938964 0.5183987236455527 8.869907835875784
Nb Ho 0.22636854140081147 31.8306198044352 0.21142370560278645 3.560262303295601 0.5583917613067219 8.503710556789168
Al Zr 0.22215075291553987 23.056847701612252 0.5636452198641762 6.792270759057223 0.19629736642713816 2.7228825762956297
Hf Ir 0.32617060746412263 28.117786978814184 0.5941995150465845 6.7191862587683735 0.07209500749804712 3.049617534374766
Cl Po 0.18836107167144683 35.86950913958784 0.6145960727776815 8.55610764262718 0.19743926096751865 2.995868299613366
V Bi 0.20797784907074954 3.2454119957662573 0.6145343525241674 8.898888126485037 0.20890880304727358 42.297134618461826
Se Se 0.12545376010463746 42.54645651825653 0.5218694782842839 10.945083723801874 0.3756145388051382 3.857664649069357
Rh La 0.4822137116778881 9.006453326724756 0.2526895954299202 25.86994544994147 0.25328644017467516 3.2627152798758137
Cr Nd 0.33623525857068004 4.044863178093349 0.2525450265562994 22.17021609657458 0.38662180231732474 8.58466136795971
Ar Sr 0.6101324921660289 7.103230445651712 0.17244686777857846 2.4834985261468963 0.19600856210107542 23.813195754424363
Cl Yb 0.05885561974708949 2.1818533418861596 0.5313847734906215 5.739343232594956 0.3688676483100846 16.257665440468887
V Ir 0.1963457851656492 41.049505279159305 0.2950703262682899 3.8976897433273847 0.5287185507726114 9.495908106236863
F Xe 0.5091797658509546 12.704710390211396 0.44076555616646274 3.5394084081383514 0.0011079680329828742 3.5392718487015444
Ne Ho 0.1694915221210702 43.504611351399916 0.31713781431131294 3.7205004901419962 0.5392630867899408 9.410464938375577
Pd Po 0.21309948131502077 32.63541969392875 0.5759311791202814 9.065469035198706 0.2004511348833566 3.2881426737279713
Hf Bi 0.31198840681396567 31.36722065134699 0.0872417977605151 2.955979550292162 0.6088753907297294 7.2243735341800726
Tl Bi 0.639127872148724 7.614982939393885 0.34474146939781103 39.72375103496654 0.09168264929001972 2.8234407193230733
Sr Th 0.5306222465049941 7.7320130588124005 0.13946915326468917 2.8145447495026836 0.30210896561207695 21.03189246999584
Nb Ce 0.5382987698191714 8.212114495098584 0.24969990168818798 27.473346056154767 0.20450228922981595 3.2817226486767614
Si Er 0.5866583286837107 8.399900845919229 0.16761272210512226 29.931486145280473 0.22385513490466202 3.305790662142916
He Al 0.5245731365083709 2.8527086895108202 1.292365559609373e-10 3.112982780935675 0.44783315476666763 9.753221192164997
Co Pt 0.27525490081210935 3.878834485653121 0.20522870165780832 42.968882662359796 0.5480503656290341 9.403931598480312
Ni Zn 0.31685599165552897 3.7421541556051916 0.46504541304430275 8.078847957481027 0.21000416915687917 23.116988549160915
Sr Gd 0.2181165490033689 52.48065416311818 0.588072777868037 9.646145313526427 0.2590573830964433 3.673452827459575
C V 0.2542007527377377 19.368713991715456 0.7429144305136183 4.522158948231263 1.3407063010564673e-17 4.349896945339976
Tm Th 0.2996547405900431 23.432169417412542 0.5919616708111984 7.055804679808269 0.06998951184360819 2.596353926150745
Ne Ce 0.48988333151239116 8.963969150058949 0.16947005696530684 30.433420930857157 0.3285020874266401 3.452155479454672
V Cd 0.5309031412740863 10.392485260602864 0.09120579401424928 26.988692347595435 0.33850334008369704 3.5581855764484915
Os Pt 0.6189924329371597 6.978574755445455 0.07424257666000424 2.927818438566188 0.3192555510705164 32.35084923551195
H Se 0.051044767843896915 4.617670533100161 0.6742762504671291 4.61786058186915 0.2569264039880133 18.26645013110768
Rh Er 0.23105499731522655 30.32024374913124 0.5495019442570594 8.50968366551327 0.20846128513959505 3.5812524487341095
As Cd 0.23000557883982714 3.3362242945719114 0.4339140109074021 7.5006238350654675 0.3022979874701926 19.022813828543757
Au Th 0.6078652321983342 7.313641254365862 0.27648699752276573 25.23799217033394 0.0781693466047943 2.6271456100561084
Cs Er 0.3203235571703683 23.06922780954421 0.11457534413638662 3.0270784652859355 0.5371323326468447 6.8680505118710755
C Bi 28706786.502835285 555.8808242314698 0.3687916721697888 3.62971372426698 0.5394077693405126 11.521693974652418
Dy Pt 0.31418066564972635 27.567260330534847 0.08442562129601003 3.0356222519160254 0.5886972668110396 6.946509888281728
Ni Gd 0.28007629588228633 18.50512324456552 0.25331278182452394 3.9301643215398903 0.42255828104337767 7.565032327933061
In I 0.5930469520132026 11.646414613637383 0.29543669273782547 3.4002401332681127 0.13529048707772134 52.09598885533129
He Ag 0.40351719919843804 14.947280430377514 0.5611460124295039 3.8113757460467204 0.0010805333366778356 5.420900299667539e-09
B Sn 0.22269591053170185 21.02821055501175 0.416402682177262 3.455890733368389 0.3333033094429139 8.539830920310878
Sb Ce 0.2125547503605606 3.2080157017780166 0.2113903073257943 31.239485515133616 0.5699823341331288 9.150968538671028
Ni Th 0.13932338897190097 65.197292063127 0.601494787083884 11.253630534877043 0.30230533499855067 3.800803793954819
Rb Pt 0.19564481853481475 37.20632187897973 0.5480170795181073 9.668831504915083 0.2618032343694792 3.7319420013452285
Ar I 0.11010601195142897 28.434517788952558 0.5895906318815886 9.407958970975368 0.2658690701148019 2.9645685979192944
H Nd 0.23448309748821047 2.8746553768559133 0.2549906281939822 23.557872291400358 0.495330076659639 6.2853848400723065
C Ir 0.44850837938027666 12.29477051814507 0.4592518853191635 4.282028372227478 1200.727648574313 298.70822288894544
Al Si 0.3953260196542764 3.0648259858227482 0.10517438829531894 33.805984749649575 0.5000005671818794 8.248582319882633
Ba Po 0.5858834322685914 7.78763439925569 0.12931324279648607 2.925993391575417 0.2909200197139818 30.403680271223266
Sm Bi 0.30541145585149476 30.900983996050392 0.6016955253096615 7.504302547298145 0.10404257937608692 2.9352206787555524
He Pt 0.3843441851924402 83.95042202444084 0.38087844675634536 3.772971748232986 0.5085105348640472 10.794077617742369
Se Nd 0.5378039556581375 7.256284576321747 0.15603358061012906 3.067294220428958 0.2815376110474118 22.712905307753946
Cs La 0.2751405754137531 24.978325756712714 0.4800848414619162 8.26487594284482 0.22710820729506248 3.158335136588871
As Ir 0.5406573850317662 9.59570383683103 0.20818176372754443 39.96596491218982 0.27474774299401067 3.893891588922625
Ne As 15161.664689929139 366.4834271535581 0.5019508400555515 3.8655027686443297 0.4374441633470968 12.611414987404443
C Cd 0.2695840931985337 8.2186928648645 0.4428349610230228 3.6553051052507954 0.26278400206126673 19.280608307354363
V V 0.6204268918364904 4.578521006121262 0.3791363798973427 16.688181359509617 7.672218935194427e-07 15.711354630748204
Cl Cr 0.4820945643948016 3.8047086537264425 3.164761779892342 152.8328324020151 0.4773274178248803 11.898506645649983
Cr Se 0.5308196892822287 8.234282680581648 0.17524148585374974 26.796861716718617 0.284355992289757 3.474115283630495
As Bi 0.1872592757871575 45.394587549483965 0.25715895033249514 3.6828746876340035 0.5804908868018716 9.948588358040634
Ba Yb 0.49782430677055234 5.687694006086411 0.0342024884568866 2.0664312097451427 0.4048887342160211 16.43131379714255
Rb Ag 0.43997047706886794 7.219233522628499 0.3252736331408316 18.94130773759528 0.20355252449359895 3.1369485438890004
Sm Ir 0.3113890603111473 26.99112266887886 0.10736208881105026 3.1911806082971403 0.5681677876774308 7.125091681648149
Sb Ho 0.24263955557889236 28.47819686856816 0.17267899107062 3.258972926380018 0.5672301442178216 8.275872978456265
Zn Sn 0.2474324365066075 3.391017865318856 0.3879747029118636 7.455034042841264 0.3217327037960988 17.35624189733257
F Sr 0.29008733980233964 8.824344404023682 0.2287830760623629 19.321243999925834 0.45609718601738125 3.7252225219549433
C Yb 0.30921623173764134 3.63393603878938 0.5545826437015202 9.324257344042163 0.15040558162246995 43.856679289829366
Ar Xe 0.5811873201854262 8.861229381114066 0.1415505341665723 24.760488846804 0.24008158623030082 2.816664837182283
H Ho 0.21731122085106866 27.137105438050266 0.14744333276224567 2.679604858253162 0.6223918102121302 6.564830386314024
Zn Er 0.5365419446814613 7.906975691865512 0.2075493382072332 3.595229760861694 0.24888914264886083 27.32249425388879
B La 0.34681710407951843 10.217709398487969 0.17797897602226528 24.71146749145027 0.4534158350265298 3.406535398387483
Ni Eu 0.24920532304917747 3.819385371936703 0.46858386225919485 7.8233183941846995 0.2607525281503612 23.30042647193453
In Xe 0.130326420369519 47.80516012434841 0.5929652410294255 11.510308981188246 0.2886634440736049 3.359378349852906
He Zr 0.4888407995208071 11.941546960912095 3.842076530491229e-21 3.351073687227875 0.468619674065984 3.2626930142317834
Se Ce 0.15281291007796574 2.9770151413367882 0.5278781046708807 7.127520817062552 0.29268345712427674 21.7470458448004
C Po 0.5518911068774041 11.428458859683047 21513211.449502897 548.9119108313797 0.3561286507600193 3.521183522086878
Te Pt 0.16346022167779778 3.166026477526962 0.24976293119728815 27.2879751754988 0.560114546509808 8.22666056100467
Pm Er 0.045276393587686474 2.412913606884161 0.34685572937738174 22.86937825691681 0.5813108717243959 6.240504045635929
Sm Yb 0.3497316008785184 18.13682140604684 0.04812395806408249 2.487315643363532 0.538596414247321 6.214892552396299
Sb Nd 0.22063810328979644 30.811096085049233 0.5700385496629613 8.917232977843133 0.20235899350652897 3.226042141392091
Zn La 0.27030804199408837 3.457007931881711 0.3872151530510986 17.089427352007842 0.30455296072373855 6.897842424499648
Tb Ho 0.6005621467393643 6.248530610129658 0.34197077554024335 24.219748897201594 0.03808124712545941 2.354538369486174
Ba Ir 0.30746005932095116 25.387205329335004 0.1290550171403283 3.157150464065172 0.5434449838826192 7.2507214139919265
Rb Zr 0.5174967109838109 5.707826458117192 0.07889687602339367 2.245597743205108 0.3777911550128057 17.672303479430454
Cl V 0.5014706130685422 11.33544738448356 0.6733695733708288 108.48875996283584 0.4542132164751549 3.6338060127462892
H Ce 0.28169807513839357 2.937851549285908 0.26790407219751966 22.311429397684794 0.43361794300985945 6.384329641118325
As Po 0.5853450545928737 9.977688917893746 0.18169779716341056 45.27474416967259 0.2537267417732013 3.646410414662438
Cr As 0.5220903023832593 8.036570092881059 0.28323326588375985 3.5055003029477168 0.18671569673919505 26.044897162431095
Ne Se 0.4999487534658648 3.8566893517427916 6401772.870549797 522.5955951702279 0.44227732847832396 12.450735574884058
V Cr 0.4540813396258063 4.6809161589612325 0.3606396980427562 17.35238301771389 0.18124130681537712 4.681099156995086
As Yb 0.18298948052092073 3.4708739439731815 0.26016434088447815 19.981385862615248 0.5128434332862377 7.68765245407355
Se Ho 0.24705617277268724 28.40660066329704 0.5628160520773988 7.86388522715078 0.18235164351486088 3.4087102905705313
Sm Po 0.10428424233158237 2.914282478035633 0.3029261961122909 31.12837740470284 0.6036283169183532 7.549162993380808
B Er 0.18176338248085375 40.03607579495171 0.2683125336645321 3.4307205272583365 0.5699030500583092 8.441139767313022
Al Al 0.11363492793940741 30.391869107383013 0.35415720759660974 2.89954234239881 0.5310065894510126 7.622230973591916
Ba Bi 0.1264700994284825 2.927513418670647 0.2956944818549542 29.744938789127573 0.582871731004582 7.689022181477431
Rb In 0.19456078908254051 3.0539173032290408 0.3158259334953932 19.4065611647713 0.458374975360647 7.318777291057053
He Pb 0.2742631205635146 73.82420792768448 0.31184763233138174 3.1627402401432247 0.5743267452984262 10.358029687542036
Sm Au 0.5849359717738097 7.185476086454915 0.30655009483927176 28.02453534160584 0.0991953748599267 3.0222962791785393
Sb Tm 0.5621308431811858 8.068691527124404 0.2517668638637497 27.267130867239764 0.16370590269548493 3.2318220120089802
C Pd 9.700047463050531e-09 4.180757516705305 0.5909393305493994 4.184719691194797 0.37953570437398276 15.998976868687276
H Sb 0.3194578364939043 17.00663565156366 0.06483847506529054 17.006273818068294 0.5941741028152603 3.8882151579544053
Ar Sm 0.21906337336209694 3.2090682409029254 0.179457006181152 28.364042253166055 0.578648226384415 8.18381575445696
Cs Pr 0.11883835459839209 2.862992330598268 0.5193113039077965 6.689195465719374 0.3350200016907811 21.793697539599584
As Au 0.20390948323133243 41.1970723314641 0.56066855206679 9.545484286506907 0.2583685735978602 3.7635600901150164
B Pm 0.507395387070748 7.964969985022311 0.29900108958617194 3.3946009325912248 0.18878874335599488 30.616245330599604
He Os 0.3873693935725291 3.833559588370206 0.4027196027099337 86.1191943051546 0.5036755420272341 10.764208680417992
Ni Cs 0.18073155099554727 23.535571235468645 0.37214858797133066 3.9246443451974233 0.41625905835525173 10.22678125187135
In Sm 0.20442438616015152 3.3525542951902203 0.21977232805256544 31.251437853350595 0.5688071028263438 8.852761553889042
Te At 0.1923840320587134 3.176332485727256 0.5829001467832844 9.240034160209602 0.2200464518539694 33.55910949125018
Cs U 0.5189586511253088 9.198642572838638 0.229039309212232 3.642796302973465 0.23488820143718223 30.476649568091105
F Ga 3205609.481673621 506.2483022597014 0.533477515491563 4.059335927050835 0.4167260017464919 12.304863477535033
Dy Pb 0.3119708765524434 30.509525505103333 0.09204030024731141 2.951288752715646 0.6041427718047253 7.282907176251725
C Au 0.40534064680269444 3.9364671258164154 0.4996773637822269 11.618979461749284 346451.08750506083 440.29405520125596
Sb Ba 0.20078351494821112 31.74374343674303 0.551141885470394 9.671303465984192 0.2442440119347426 3.2833740163930583
Zn Pm 0.5039816732140188 7.29181879174842 0.28258280830753524 21.992851599896657 0.18879331035277766 3.3799823672685476
Rb Os 0.28563992052199766 3.8881470608431896 0.19568266246479804 38.01286043597461 0.528897338230129 9.914693734610905
He In 0.3694521507797463 16.175599262933805 0.47666800159360756 4.512727534007674 0.12210022965813103 2.3879262877440275
Si Ge 0.38805742963006346 6.135146067634311 0.3075986582640083 16.623713704855035 0.27429544176613707 3.3856697834525753
Ca Br 0.19937856216127728 2.776976510812429 0.18659913884689042 24.997246223602122 0.5987506383176938 7.378218396620491
Rb Pb 0.23418171454236228 3.490084080267292 0.19015180696201223 38.76805783118186 0.583512155395008 9.64036074683699
Al Mn 0.8022938586623984 121.21106271393985 0.4901598643033273 10.67844928834951 0.4504412141737352 3.669494762409057
As Pd 0.43293672222725177 7.249296592244268 0.22308069459815133 3.3448451577650626 0.3109874351009874 18.74138364175961
Te Lu 0.5867145688183838 10.086577579449125 0.1637356819929332 44.907703118422 0.25277219393742717 3.6889409081127003
Pm Pm 0.3385248185353407 23.15670198757935 0.5625689274347457 6.419709819949602 0.07835560636013791 2.915650592354148
Se Sb 0.4394685912496985 8.049629570323578 0.28209120385052616 19.743196714752283 0.24390465621483703 3.3368176067502753
Cs Dy 0.31885898778268895 22.79759099559234 0.5185521943484676 6.991043628381272 0.13404501001670954 3.1768518851927627
Dy Os 0.3242478986417917 26.22561442089035 0.5826502701265109 6.73008831532587 0.0759326818378489 3.033261307726402
He Lu 0.21164090957819867 2.8959998608559943 0.16517309436815927 35.54324003380798 0.6184026866324169 7.869416614915163
Ni Te 0.5094478460288562 11.23889680774955 0.09376817076438765 26.80501823202163 0.358558755235125 3.742831053043822
In Tb 0.5665268676969946 8.683698923914415 0.22385594826550487 30.40333227800208 0.1975218030594611 3.4033669137395344
B Dy 0.2831168886928974 3.4828677990279377 0.17946511969873757 36.81036898439741 0.5475997141349572 8.370210717590401
U U 0.19104133471020074 3.7549859959103644 0.5977362948036763 9.422803705760005 0.38439996962802553 56.078235793052635
Ar Pa 0.1955681205425649 33.516114470463975 0.5932881830150593 8.839837650920957 0.216337900820227 3.2776408746208574
Se Tm 0.2396906938740704 30.12884942982249 0.5573016391030909 8.157554414396136 0.20092904234749234 3.528800125233302
H Ba 0.4856650781256831 3.391450687178714 0.20782940451361462 22.664576745480165 0.2862240377209656 10.155161632143686
Ar Tb 0.5750650466369659 7.98989456396389 0.20841007773526787 3.2676200730719835 0.19633892792964486 27.766472952808137
C Nb 0.39180830518764886 14.935110265997524 0.00539978391869173 4.067538782257006 0.5702065569252899 4.067442793573726
He At 0.3374320402427847 82.95066566177853 0.3197761955731214 3.0528942504210117 0.5730140006088464 10.849617697211311
Zn Pr 0.2017811555145557 3.3853586590191074 0.288610452684079 20.99173706036756 0.48045766246238386 7.302252621468
In Pa 0.21271751227489696 3.452259385642498 0.5690722550419455 9.562260862171714 0.20007344373643365 29.24668696837178
Tb Tm 0.5976962989726887 6.223607919904977 0.3443698106513828 23.957723407786126 0.03563849294954296 2.2739812208962515
B U 0.4774769411157266 13.77857388433322 29697374.18122193 570.6135423608573 0.44822631050073003 4.0619894691789
Ba Au 0.11693079266019427 2.974896397207941 0.5608606973681566 7.252071976473796 0.30469159176780086 26.07061261163418
Se Ba 0.3034720371016655 20.984333617644705 0.5080595898182758 7.051601850524299 0.1608104714988511 2.962056619414376
Cs Pm 0.5151739468009245 6.822825890128776 0.32881553849301326 22.01561102199025 0.12783628176647155 3.0050587715851376
Dy Lu 0.5713869302898197 5.912647042276846 0.027457171254758984 2.2366181144017787 0.3433508139746734 19.601139563040554
As Nb 0.25694413756379286 3.466368712742651 0.26751660901353624 19.984534428408434 0.4483399637227519 7.798895164973997
Te Os 0.15802184431818583 3.182946364655426 0.5552040137041309 8.03722261770199 0.2587885241979839 26.39627236451613
Pm Dy 0.34853532937371107 22.601086498039567 0.04564671921018656 2.4692096591352115 0.5789050244037873 6.192694036587398
Rb At 0.17676569971153475 35.97129243075822 0.2188427671782749 3.368178415645479 0.5951762526581085 9.574397864626194
Ca Ge 0.5791478455143051 7.161474425003075 0.21019873221126026 2.97076597287076 0.20852569052880765 25.343523267389845
B Pr 0.1897613056901158 28.506381990399408 0.4804125290778911 7.963255499771958 0.31746360669338636 3.368475552760164
Al Ti 0.14248691284080353 57.37327909721115 0.35938534422788015 3.129017011002013 0.56312283265291 9.161145359450984
Zn U 0.31117114525775974 3.987564127221657 0.7698217785429329 113.16978600665297 0.5769851112456441 11.291883893719328
Si Br 0.5081028739412252 6.141400238153571 0.1855156148700486 2.762989323783336 0.2788812211284724 18.270532261857067
Sr Y 0.5085201717480877 5.019100055666349 0.4322029731454851 16.528906090060946 0.033909504628378294 1.5669478112876454
Rb Lu 0.38348665726696524 16.9629770847128 0.5189335426262675 5.6639754803908655 0.047154205093093836 2.2879619039396264
Sb Sb 0.13125656112971515 60.51971782948525 0.5937533752537072 12.121292506255116 0.31077942074518095 3.4414600365167085
Zn Dy 0.191267540843336 3.4940541991120595 0.5368771644151387 7.628492065069443 0.25892952320210905 25.45195087714869
F Kr 0.5115332741681958 3.848280441998064 17835727.626825858 550.6943069689939 0.436326694907978 12.740396074685888
Dy At 0.30241566794279934 32.235067682555346 0.6093001528004114 7.56426473888752 0.1017042556546764 2.972124355308902
Te Pb 0.5764646778737129 8.868286261343048 0.23516115838325563 31.801960375142208 0.1829437771876044 3.179791729104275
H Tm 0.15497305057345917 2.718732694375132 0.2037382282944673 28.81282040737899 0.6305718798843003 6.89725281659531
Pm U 0.2413973144693697 3.9650834104582455 0.24851221549429114 34.496286914736075 0.5153219009498625 9.4521350730712
V Os 0.508564559057122 9.660240887983706 0.31484054226238123 4.0148562415018825 0.19028291010381082 39.612659613688024
F Cs 0.44916458117881713 9.569052942571199 0.39178522736154153 3.5397851094728052 0.14600210714941295 30.965010925264814
Ne Dy 0.5373003607245548 9.35578388084716 0.16696488858063604 41.751949699603145 0.31653761693720556 3.695081437356173
Cr Pm 0.2580045961106476 22.354889620644972 0.3200552679399401 4.0318260732822635 0.398513178774515 8.32769076341217
Rh Ba 0.5218872971117756 9.008320314909383 0.24375876902732146 3.4053143392629686 0.22808504914969235 28.781590763149413
Cl Lu 0.5257063052408867 6.1245125524946 0.33106825387903355 16.999165072205837 0.10136827335886958 2.6802772964256154
Ar Y 0.586363799805712 7.2622858500374425 0.19323314851633816 22.47013968340072 0.19213382736370033 2.6401806150315092
Nb U 0.5643177185959468 10.066410822857065 0.2488906956582219 3.7281255392377073 0.18016115840934377 37.42698124384558
Hf Pb 0.31521477469840603 31.014849009264967 0.08188480086709246 2.901684782400692 0.610415178827695 7.128262029748622
Pd At 0.20740023861000886 3.3093296483785073 0.20774131929999676 35.75710227787655 0.5844727225983203 9.338363965979251
Nb Dy 0.5585531131585042 8.452410087835315 0.20888091690364247 3.535611627507099 0.2294309228336715 31.543372293597724
Ca Sb 0.5427336753550812 9.137459255649519 0.27124885422266176 3.0852538597962402 0.1445990345788709 21.946061760915427
Hf Os 0.3281280393353412 28.060949829605978 0.07496127533059402 3.1289829485711462 0.5902081497062258 6.694166096557688
Al Nb 0.2349638808414878 2.936874613858467 0.5466600172841447 7.271965520778441 0.20259690596950078 24.8034761750487
Pd Lu 0.29366450809875805 73.97533173710083 0.5649156688835028 10.850305138145233 0.30632440937218647 3.997160315645374
Co Pd 0.4862217295850456 11.412842811133876 0.3974840738107304 3.9787162138482195 0.07933407914772418 28.782451564121537
Si Ba 0.1870480801105091 26.030147546417684 0.5776961811379326 7.707926102152531 0.207859146817428 2.795629360807039
Se Br 0.37541166477708343 3.821167651966961 0.11343607080685371 42.49859859027743 0.5275309008143062 11.159127897560854
V Pb 0.21056281418094605 43.63014556687209 0.6122785648784164 8.957329979523415 0.21402970833731716 3.288626420514567
Ne U 0.4007790542443531 9.243009347888378 0.19931893733780734 19.238918744835118 0.33451200771534717 3.7845607380091164
Cl At 0.18856140772045982 2.915985974301429 0.6216007193087197 8.489163212548842 0.19005982113528377 35.82667218205847
Sr Tb 0.26538239184916046 25.486033519391523 0.16637126663363344 3.223611074347408 0.5486768909352783 7.602388692463188
H Br 0.29080059488744536 93.2837285616605 0.6972319485262329 4.54686399087875 0.25384249270712206 15.426024503343589
Os Au 0.06872915745267023 2.8058047280235088 0.6222964936157818 6.9528832553433215 0.32002103373283386 32.065150024919014
Rh Tm 0.19930818912261025 3.5355721219874994 0.5494502733616462 8.351949959862965 0.23468157270724174 29.064682302295388
Tm Pa 0.5534122261792962 7.1739014312819025 0.09328380776661516 3.088993752821677 0.3088749813838541 22.208655291089944
Ne Pr 0.32715944428554616 3.499303445474848 0.17375654047738778 30.814326613482844 0.4902783863881452 8.95400111965129
C Ti 0.6052668838208655 4.384370010722663 0.1273675926645518 4.384367029517386 0.2636153848785196 18.599665953847257
V In 0.28155751558850434 3.3533225707365086 0.2616729640869897 16.888420312033784 0.4090313922244258 8.218127761666691
He Mg 0.4241989000350859 2.514889039828737 0.5411709517059081 8.24744733559174 0.002166119791098571 2.5140403198364485
Si Tm 0.17072536523051304 29.629701451693563 0.21953348174555515 3.2791816734882397 0.5877473645543259 8.36231066052783
Ni Ga 0.4812899443420633 8.651000270175917 0.17855255026469924 25.828861866226546 0.3336500147021329 3.7923840424483104
Co Au 0.25341710044212307 3.7331036038178937 0.5681395188965318 9.217768898423339 0.2074516241950076 43.15449901468775
Tl Pb 0.08271867564318519 2.740096005048246 0.6408983983175126 7.441224711946858 0.3548996740867094 38.945433259822366
Sr Pa 0.22262649001381998 3.5175388031277257 0.5645173843438467 9.53263757240521 0.19850469481187535 28.013373329424088
Nb Pr 0.2466459412719636 28.265390682578523 0.5423782845767705 8.258473002104433 0.20552367532238586 3.326884786882028
Cr U 0.4056142527442638 88.1116216186154 0.536513398387013 11.525196926839543 0.348232797182922 4.172525844412295
Cl Pb 0.19002136367447953 35.33366906220346 0.6001070900906632 8.579374233020161 0.2101858192009343 3.116974112209247
V At 0.6223743721439211 8.95837567665361 0.19984257021996968 42.33479077328593 0.2027687193595258 3.169533084613975
Pd Os 0.2087028796330214 3.5447137996817 0.5322184334698628 8.545613611602562 0.22985596849653384 27.320345903581384
Co Nb 0.0842479369429637 56.98848121895879 0.4350767673952099 4.134130191068963 0.48829877000495375 12.134351967933846
Si Sb 0.5441481134031568 10.550497968632664 0.09595867252784257 46.8040850168335 0.354146126808313 3.388441181852301
Nb Pm 0.5495990201501177 8.331853555965163 0.2404728187700445 29.503425507445847 0.20635400640669402 3.3986218768239533
Ca Ba 0.5430527345653862 6.7441114356334015 0.2746932255189419 19.614400890858875 0.1476516968352714 2.612957669296677
Al Pd 0.3447204494220927 3.4099524824002607 0.5075616568302711 9.278802414089393 0.13358428795424582 32.31252643080333
Pd Pb 0.5658877750398418 8.597289568875848 0.22885399648779955 28.981900668748814 0.1848491759043501 3.2117820528499075
Re U 0.26958285003180554 36.956358557114626 0.5699174931947656 8.677907897986021 0.17648279450646479 3.7381236624004246
Hf At 0.09391806883356717 2.980406803786827 0.30680944346099126 32.16938734448311 0.6096800917975095 7.390507118973882
Cr Dy 0.18805507056421691 3.591727119916044 0.2714141836924141 23.394250371541506 0.5206670279785321 7.207060789339163
Rh Sb 0.18102430093294183 28.459370354154093 0.5300049293346918 9.999834844770652 0.2726931842273337 3.3477433817273936
Cl Os 0.19038742733061226 33.54416462967097 0.2651382882595789 3.598154156414494 0.5428272078712354 8.82916302512785
V Lu 0.4987250533841917 7.229878559678636 0.19373421664492788 3.5475562429991068 0.28056720625812837 20.522340528104536
Mo Pd 0.23689403913416388 23.164250577889973 0.280772397259331 3.4733720298028827 0.46112815281712116 9.070534899626947
F Te 0.02649239061332826 42.44082425993065 0.44563076966554294 3.6009985608837254 0.4905324151066124 12.232755162100547
Ne Pm 0.3292829211016338 3.592609008345738 0.16681063162335388 32.93892221346382 0.4998676937170288 9.141020875539127
Tl At 0.09245101174994381 2.786682990801342 0.3359319654553841 39.754876188681855 0.6408040599468662 7.703400225037438
Al Au 0.20565009482330007 27.083191474719115 0.5381727820691744 8.283251209185405 0.23424558307688575 3.3047018362268545
Ca Tm 0.12369470183020997 2.828064913411393 0.6176001726941962 7.089723396948576 0.23358046324367127 25.356568479427402
Rn U 0.12593279347211944 3.122530375475284 0.32735896668184006 46.50415450615466 0.639273116939091 8.537497039437719
He P 0.6570383907683423 3.393528868727054 0.3273383813772967 13.217357962090205 8.492834905329939e-09 13.118251702403718
Pd In 0.2618198538753977 3.323249865577044 0.20329628983282996 25.801198012265058 0.5132093222086276 9.49717837040784
Ni Kr 0.5052010420567108 11.095112523441102 0.08788939196324447 40.06715288722523 0.39997092531966905 3.9438409977522486
C Mn 0.7144818119057678 4.735450414838118 0.0376010878215966 4.735269524509769 0.24162970345520557 19.80169132274305
Mo Au 0.23219827754855246 3.5617469357892992 0.5715650892786241 9.408071185308982 0.19845586917661995 37.360485047320715
Cl In 0.07852191188460397 34.57539753130583 0.34109368299127674 3.3958450796052215 0.5499803151295923 10.312517737631781
H Ge 0.15907182302860054 48.85356304121069 0.660415555463268 4.4184584170857395 0.24220228074558225 11.143752234119031
Cr Pr 0.34551454898716377 4.031065640156559 0.2499677768227493 21.755189722433126 0.3781749806741027 8.754816324715678
Sr Sm 0.2858257139145064 24.26757012811303 0.5484595732897725 7.283594964333571 0.1475429851605703 3.027457845954387
Si Ho 0.2183254038685102 3.2674666524605644 0.5884229044675784 8.288478145539807 0.1703956981932882 29.366980683356257
Co Ir 0.20742113575684343 42.281739497857785 0.5252958430486284 9.566874246356319 0.29706516493972274 4.020518157959921
Al Yb 0.366112790002335 16.020921293923994 0.5313594935483797 5.666264987111916 0.05852201813621767 2.0976089976044947
Nb La 0.30092963186524896 23.008082581137312 0.4871861383483096 7.663341641678859 0.1948120014887607 2.9726137709761686
Ca Nd 0.20150905648112608 3.18991333542176 0.2474469642866848 21.336101768709383 0.5182562053070127 7.410018494946549
Os Bi 0.31052488182131377 32.591198627600846 0.07817291171454506 2.797560959349119 0.6226280026993201 7.224990025103332
F Th 0.20281687034694884 18.456898865649826 0.42353983751861646 9.559423638567017 0.3208283558124884 3.45448538336909
Mo Po 0.20642962323482789 3.339960102018861 0.20823571214129447 36.611598493024275 0.5917753514495999 9.276210893223169
Cl Zr 0.2546590522388532 2.9975050315528944 0.1497885472189906 22.906729466313973 0.558209537086003 8.027301408854541
Os Ir 0.6105592652059604 6.958496425268537 0.07765322718332114 3.024488774627475 0.32078396260124126 31.369905728782495
Cr Sn 0.3976997495640504 7.513814429288494 0.306368937856094 16.67554320489542 0.2506301488634209 3.269532023254924
Rh Ho 0.2295814241708435 30.79675119378272 0.5492474990982052 8.58262983006592 0.21266586223416273 3.593869274754205
Ne La 0.4453356421636266 10.748791913864435 0.11711878627103568 26.33539154346501 0.4101305778884148 3.422532477612134
F Gd 0.0740580474300146 41.974176532105524 0.43920389097830065 4.1699193176005505 0.469419170157883 11.452645024359873
V Ag 0.36605257200938046 3.678456829772826 0.06853905128570176 42.89665753964636 0.5430718255903475 11.145416376116804
Mo Yb 0.5862701350857078 10.267183804048395 0.27249612636375925 3.8685216710226418 0.16930087389539994 51.284863681892325
Zn Se 0.1026780999455023 39.891195389173845 0.5021673825069791 10.966969585947162 0.3984859459978931 3.9776997215916743
Co Bi 0.590196048200897 9.687676481953659 0.21788048166673007 53.61611430201918 0.254328028566168 3.624431525860093
Al Po 0.23271659869845968 3.1777976906196446 0.19703963157138935 30.975253171545045 0.5591693662033496 8.591294683574386
Nb Er 0.22384192082348336 31.487534005997823 0.5587613537997979 8.492545324000647 0.21012709015528713 3.55765352664677
B Se 0.5260101304055593 3.8148753718575095 4.1869989366676186e-08 3.4274427022587703 0.4373284363841649 12.649823562525212
Hf Pt 0.6021798863059045 6.776265909978846 0.3204051544099117 28.624220737106533 0.06972832322807797 2.929844267007388
Co Cd 0.28288080118855624 17.468247257819517 0.2796009007808302 3.5004660443273683 0.3934137823878372 7.932767443484619
He V 0.6834635600109575 4.589581829719709 0.21429979332255408 22.075458616149298 0.10000230425698138 2.437179344386684
Si Ce 0.19324339339847918 2.8313657856177805 0.5822022648449517 7.56227597092137 0.19507664884428963 25.15641060888726
Sr Xe 0.1632935101852972 2.7729894622011995 0.3217296372718854 19.780993288932763 0.48289942624942184 7.197802127641211
Pr Eu 0.06997324596780034 2.8133875079597894 0.3484382746019157 22.03435021730476 0.5539542000146052 6.280143715318082
V Pt 0.26830766749998636 3.7247942899720723 0.19901213491264869 42.00750401555716 0.5557887792943247 9.271790520105908
Ne Er 0.17480787379523702 45.01443696559599 0.3162005779302134 3.7316076194773076 0.5412300235072395 9.434775820875737
C Al 0.4755256555265541 3.657580548580277 0.18551000280532406 3.6574989554257624 0.31460067421264554 13.635520011936775
Rh Ce 0.23688410473843025 3.462228275807331 0.2223653204945421 30.918838819048823 0.5395906358326353 9.022409771347787
Ar Rb 0.1891843372450941 25.971761255086932 0.17386735781317791 2.4824989062539893 0.6238600927225333 7.195953021293718
Al Bi 0.23539379562228654 3.2329122943865736 0.20672963309370326 29.16039787420998 0.5435051376150185 8.455857806186893
Co Po 0.2598881100957776 3.6357968225273942 0.22553520489379447 57.03952823166518 0.5900488601060649 9.858401711956295
Zn As 0.5002239390859677 10.55392631737094 0.11360651528144172 36.022067940602305 0.3879383304963053 3.9393723488886216
Ne Sn 0.5171242459058367 10.484860531304212 0.38286033592744473 3.390202497304862 0.06948110049416309 39.11550877499612
F Eu 0.14548066577964247 41.33474169195867 0.4569991996636376 10.318391027624838 0.40819453041065046 4.013463815639269
V Zr 0.5168255756795065 11.039821490838397 0.11272259092203753 57.953020109593915 0.39628904765470224 3.8454216969502153
Mo Ir 0.5438478877160361 9.779169436710582 0.191591423969787 37.99865342984861 0.2671560271484603 3.817970026327114
Cl Ag 0.06326886559723734 33.57699293344729 0.5315927397385634 10.62366318899097 0.36839344713061806 3.5387444954671805
Cr La 0.469306573595322 9.656628186373485 0.18183703698693185 23.74924506191131 0.32003644501974826 3.4793843264084985
Rh Nd 0.22375723652424445 31.48834967522903 0.5453132136937712 8.928675405257305 0.23038380740267558 3.499164513714533
Mo Bi 0.21727781027277376 3.414118283317179 0.20884644435847904 38.988576134332696 0.5902412124424485 9.45034401819366
Os Po 0.6228067491965912 7.312086189354919 0.30800032920191395 33.05381134033428 0.08193368589000899 2.8198082687087753
Al Ir 0.29096237731489727 3.623842692885411 0.1764646396967625 31.271051717707156 0.5192516377190665 9.167773223550896
Nb Sn 0.2593754084847568 22.82928603664937 0.2293548493668557 3.213737220184794 0.48877273164316587 8.363263226006545
Ca Ho 0.17061130617330086 3.202679289007086 0.2222408501588352 25.374747143524264 0.5805145819469931 7.454790462721312
Si Nd 0.1857255320595263 25.804630355658304 0.579175445397637 7.792195546939407 0.20484283800785022 2.988360082707654
Ni Sr 0.4184509462080542 4.021267880032199 0.07852666014833522 47.22017208373625 0.5004453648676979 11.759037970359781
Pd Ag 0.20987782760825144 24.645601205319444 0.2712945690247343 3.349528049755194 0.4960941084623211 9.46305558110876
Co Yb 0.17674045479155034 3.5916680727513457 0.47495199724809084 6.967430149008464 0.3070664156987218 18.259255586068626
Cr Er 0.2682053292704535 24.086246393100815 0.5620175402341498 7.059574445255646 0.15089613225201343 3.338772065527493
Cl Pt 0.5610467887694102 8.824691567301691 0.18935577736117282 35.10841060689938 0.251773434346815 3.475392086540011
Ar Zn 0.25615476021307626 20.7754351269698 0.19432603410448654 3.006765021805664 0.540352967621608 6.372995826411075
Mo Cd 0.26337580345459194 22.412736825243066 0.47022223405293145 8.460001918240836 0.2444856558120174 3.2966003377770474
C Si 2.4106566623149977e-12 6.255058988818907 0.27703396599514213 15.553066978535083 0.7049077826014373 3.8852540293909397
Sr I 0.4770853245866181 7.346176632156386 0.31537367697005914 19.87530074570352 0.17629065536558683 2.874215937192808
Pr Gd 0.09464477680534643 3.1686995344401567 0.3296516738545094 18.625054883573586 0.5158362366091326 6.407605310468047
Pd Pt 0.24077201996981987 25.82061746611046 0.5463933336409041 8.137891295562229 0.17710084996621184 3.3003044479384624
He Cr 0.19787613776559046 23.99980324614933 0.1840361685639362 3.0550223947960222 0.6182520738999235 4.960298436193701
Pr Th 0.11271330963720791 2.8270381333429 0.5863821640751223 7.709811903860641 0.27670464167985026 25.42510774781344
Ca Ce 0.27351348758178834 20.080307864393703 0.16356312011941296 2.8655639711735685 0.5296947814932558 6.906335609765041
B As 724126.4578294711 460.74585156631485 0.44506642893053816 11.07930172951122 0.49399965626232234 3.7906653719530903
Al Cd 0.3258102080855041 3.284044544175535 0.5283480531763405 9.25705007704563 0.1290432845111594 32.55860827182679
C Zr 0.3764083942882983 3.9771641223176855 0.4035763001143475 14.44361833644275 0.18543949013826222 3.977099380212759
H La 0.430074089739893 15.803468831881537 0.0011142691988721126 3.4115257519191893 0.5368016116439787 3.4114965500298933
Ar Gd 0.23737175837280863 19.065392516136136 0.5194722790971982 7.499739986512579 0.2008924052753073 3.2507844696432944
Tb Er 0.5989027134055785 6.247592918132645 0.03776884602148706 2.3397153947335347 0.34275724042163885 24.13563810428424
Ba Pt 0.5533160879248777 7.239768082410833 0.3058125671656649 25.727217142997155 0.12178257178554139 3.0565505166956
He Po 0.44720070636204184 92.92401832662287 0.34061035810558876 3.261239669200639 0.5564091423947991 11.08840193882252
Zn Ce 0.4687378506409089 7.391678509870809 0.288060142479905 20.75301368172331 0.21308899401667689 3.4046430513797707
In Th 0.5614401031413175 9.086339986776835 0.22301288373708286 26.644469614051534 0.1922597594305851 3.1776097982141516
B Ho 0.5572491225842889 8.43590294840603 0.18027067891891538 38.66635474660516 0.27822407004405075 3.47598143462965
He Yb 0.16816673769212434 33.50946298284668 0.17668827951499064 2.6089763601337728 0.6459647357991005 7.630487339473839
In Gd 0.6113632254358206 10.207613555386922 0.252619712124723 3.669076208693683 0.34809465681569174 75.26287864641985
Ni I 0.35797041931245255 3.72999971213089 0.0972180269563652 25.182083006472407 0.5040849965892659 11.273868648655743
Se Er 0.5586801214202283 7.984559399031804 0.24374884701116079 28.93130511803801 0.19107340161828373 3.4737185291272272
Ar Th 0.6357618181766018 8.002401808073783 0.14522495773128893 2.5801218861521136 0.21897499163951897 30.01479377488551
Zn Ho 0.5378794599421037 7.777471986935402 0.19953368557064682 3.5469439425338805 0.2534616161199117 26.520296863249655
Rb Yb 0.1884406214200473 3.3608714533268294 0.19395025814264627 24.843719372387437 0.5763727270876426 8.421679995166482
Sr Sr 0.020231284385039357 1.115578312001004 0.44609596392543643 16.244043455712546 0.5099149889551746 4.807554692970772
Te Bi 0.5786403572171808 9.033495445041952 0.18776169457390177 3.189782875389653 0.22872496175441467 32.52470635184606
H Er 0.6282243311653077 6.670612691325661 0.21226591449055243 27.562046362609795 0.146464541794585 2.6903587459983376
Dy Po 0.6067353199503902 7.4884728484269285 0.3054104851342242 31.733251771783166 0.10006740198551711 2.9843289507205926
F Rb 0.23575732371397304 18.861780223846978 0.2928624692366907 8.66667859347007 0.4469451440648846 3.682202356271386
Te Ir 0.2540379553049001 26.87964667212285 0.16125543434067588 3.1811791491261308 0.5578060687871378 8.148822359805092
As Zr 0.3081858743687365 3.6193646342788375 0.18282746751678267 24.669470103494405 0.4891756394693964 9.199764006198055
Pm Ho 0.3478224298260405 22.678471056872386 0.04558840857110288 2.4468072418864337 0.5794700678073845 6.215304831198048
Cs Nd 0.11896325490537522 2.907733829441768 0.3358161855721657 21.63103575559819 0.5165197602022028 6.684773290263378
Se La 0.21187354719447593 3.143348084816654 0.45463948692846706 7.4974477717938495 0.30555166930386585 20.842119668755256
Dy Yb 0.5552763886122719 6.578812073763172 0.3175567617028077 19.76560201545142 0.06751174131907038 2.857409581291486
Si Se 0.25070167470358057 3.143788859736495 0.2739707847534245 18.055543084533635 0.4472489692607844 6.49877388751668
Ca As 0.22431727514650102 3.001457128645526 0.5753253080061187 7.428317440353123 0.19385295423566437 25.775296458449635
Rb Po 0.17818773376631103 37.68163829608735 0.2290033585407109 3.4432009645654023 0.5905024066873553 9.700849342681783
Al V 0.5373034890218146 9.656439074587817 0.3913502147810484 3.3247824519961355 0.18234313991126563 69.20279372255946
B Ce 0.32455471763395044 3.3421105531210054 0.46867818675472595 7.953450783509736 0.19081445650643275 27.474695957843373
As Pt 0.2055624519820396 40.7604788462053 0.5517715677684298 9.564412245419895 0.26593598169752164 3.8253317967620863
Cs Ce 0.11120526571508609 2.7604198972701317 0.5231241664722649 6.584074249661801 0.33967134749594896 21.661837597774795
He Ir 0.4932979941082739 92.57672623928607 0.3902597736579868 3.844459838537152 0.5026250462431769 10.906899289152692
In Eu 0.5687927393990528 8.809352948558727 0.20248743699500832 3.373851886703863 0.21989528766447006 31.084578345072284
Ni Xe 0.1397799590985308 21.083008857283435 0.3526978643621505 3.697855846168016 0.46248218452106443 10.885725549542078
B Nd 0.4938375262950778 7.979649870879706 0.3092508193270731 3.386786614920966 0.18940622017109823 29.75198202529219
Sm Pt 0.10501944092591452 3.1233305104139717 0.5767202629181857 7.180999056020029 0.3073065692036445 27.663900343599035
He Bi 0.5666413321974179 10.724931492588432 0.3670203108215447 84.93059218621002 0.3257098226303092 3.2109808414802714
Sb Er 0.2468893807934885 28.004852009075233 0.16949705830170747 3.2578460014981734 0.5644936605939382 8.19110775190638
Rb Cd 0.32478997908070323 19.09907867862593 0.19193931545859547 3.0566849885304093 0.45199776450802304 7.162245643257316
H Sn 0.387484494099583 16.609908071404277 0.5872158978530911 3.8835156531011643 0.0023965992848498617 3.884480619647268
Ar Eu 0.5780539083315731 8.245689270122302 0.17806377121016415 28.867454047303706 0.2222071204371328 3.2623927421199728
C Ag 0.27487362928102527 17.883866063140694 0.1670618671102407 9.940694741794914 0.5298506239873759 3.95057254318812
Rb Bi 0.5865120952845913 9.716798945232359 0.1830777495727578 38.619585270756275 0.23383252616735467 3.48429141428425
Ca Se 0.21865684857047227 2.9330943317723728 0.18558022310247468 25.77662251395794 0.5849950865685816 7.499669242521627
Al Cr 0.4214393255966303 3.5031350942882318 0.24766064603500196 82.38734564883217 0.5125765650595161 10.167376778245734
Si As 0.2926900345265155 17.224561709495873 0.25424929260587537 3.241454369263436 0.4237773331799759 6.252761068421268
He Cd 0.03512431292335771 1.5959935281961084 0.5459928702978806 4.078972805736964 0.3861839028416927 15.591295579736778
Cs Ho 0.12996902615857414 3.151707452057912 0.525381042452326 6.992339448989367 0.31751581197970613 23.138006597457107
Se Sn 0.27810222000385326 19.83629413399807 0.4401727725251431 8.069018845340489 0.2476248382989504 3.376108867610197
Dy Ir 0.5835851761406723 6.870939652407734 0.08347076635234829 3.078211499027076 0.31944322013056253 27.015968906794424
Te Yb 0.607987640369872 10.79091025763433 0.1523859627407537 56.57645031362576 0.2626713147848953 3.738335293297198
As Ag 0.3171261324786964 18.590322522411135 0.43405116433999746 7.172563257131596 0.2150388601126872 3.292465507816998
C Pt 77902.81653297713 402.98005233642 0.469782609948766 12.018811745304877 0.43664568401955783 4.130497878220757
Dy Bi 0.30773122610530607 31.40037009284842 0.09918053500460922 3.0000129478097888 0.6047375660708858 7.432103982379947
F Zn 435242.7411728417 454.4109699152402 0.4090844838398461 12.256091577234265 0.5410630225067034 4.096147030473812
Te Po 0.57842350440181 9.11388252760412 0.19007297379108742 3.1834382295813057 0.22516268597036185 32.59054938260981
Rb Ir 0.19529497474978463 39.22672122722624 0.2848030543195886 3.8777715113969937 0.5338910320749856 9.99383605782263
Zn Nd 0.494151576051816 7.335852720993182 0.1968600661365067 3.3895931094338554 0.2831511984287586 21.724994717415047
Sb La 0.5203102476420928 10.97871363573916 0.16788876673636577 31.018259199483325 0.2980807859251652 3.3915315372382424
In Cs 0.24881052629522182 3.3176090857017426 0.20915876517664142 29.661547581489422 0.5341194189918298 9.506027797573255
Ni Sm 0.26568696675927655 22.416005821366202 0.4524001442070314 7.819233421926596 0.2572027509994425 3.829600449375309
He Nb 0.49883358169563363 3.4278732362279647 4.502307328543402e-19 3.319480863602958 0.4613332073633769 12.638793371106996
B Ba 0.4893402139429037 7.540033904767954 0.20826093756912933 26.60470074397288 0.29166521458755384 3.03677479903874
Te Au 0.24780244634543924 27.34149214894077 0.5604899946420496 8.285319701926515 0.16456998678503912 3.1428799752250134
H U 0.4742018956898737 3.948632052001324 2.757047594518585e-16 4.0970643237343145 0.4776180850064544 15.390242145079279
Pm Tm 0.5835658023533046 6.248814301524501 0.3462311161095484 22.96759106560274 0.043489645042889845 2.342341282884461
Se Pr 0.5325143528723044 7.218654227725318 0.15625561807512645 3.0352789042710877 0.28549593697117615 22.284746612858463
C At 0.34574762071516807 3.421986280635372 5186351.9441525 512.3250329433366 0.5603833082985306 11.317063144201281
Ar Cs 0.5752631632155827 6.747890484543773 0.25150075555051815 20.563280054489077 0.13909952131842174 2.387852560342965
H Dy 0.22286443997971878 26.60691806323933 0.1496019577084679 2.670709028170666 0.6143533279217823 6.458943487494773
C Lu 0.16567129776355508 63.32306732970562 0.4623007704931892 10.978638293440126 0.4341890784578747 4.150669290014622
F Y 0.1912348589006241 20.491867394008633 0.28190734148902064 10.156149483245223 0.5009302987293249 3.8942139338686323
Zn Tm 0.539553947797612 8.00035372079755 0.2459712202267412 28.257832253527862 0.21074445808775036 3.6073759827254763
Se Dy 0.25152190486140424 27.1947322445025 0.5641626900615492 7.704292450886434 0.17198713550256403 3.329013781230509
As Lu 0.4907231753595242 8.5590283315117 0.21827641125618338 22.922391615971627 0.2553941746650043 3.8161288534954587
Tb U 0.2108225817332951 3.8824979968529845 0.5326127725374699 8.979814038784264 0.2634012995066236 34.14392871786715
B Tm 0.18432632059071433 41.137001190504975 0.25031852177574565 3.317741859949331 0.5892411813437785 8.376915903809529
Ba Pb 0.5842738631565193 7.54417217650825 0.3021261746503216 29.379499526642782 0.1194850603776711 2.8859546038012622
Sm At 0.6061023680008831 7.629731186017354 0.30067621159383146 31.7322750233575 0.10629627631514219 2.906341611374239
Tb Dy 0.33950166713710545 24.28955076415328 0.6006070520402174 6.279704503400039 0.04108739768687912 2.4190880206193186
Rb Nb 0.36738955373320775 17.887352531865496 0.10365540658878959 2.493775843197957 0.5020585243341484 5.967062072235922
Ba Os 0.31157906008321073 24.889415145085017 0.12716128427140466 3.1673209029881852 0.5394502490249394 7.161643035073743
Sm Lu 0.03508828061440666 2.3569370865993395 0.543612448522904 5.858700524819357 0.3592082247656156 18.368580438917093
Zn Ba 0.29252522413414495 19.632088361944916 0.4109331655403515 7.750847919538295 0.2623390147233614 3.5366417328431288
Sb Pm 0.2247314053799311 30.248359184308867 0.5692453537335415 8.787350299185741 0.19669251531537335 3.229736524710357
Ne Br 0.3706068092258243 3.4574281414177457 0.3647161562014326 7.657389661526577 0.2389413619637605 19.094285483800746
Se U 0.15532889856541338 55.645143182353635 0.5833684044450711 11.060486422884981 0.2859665015609781 3.8826872388761275
V Mn 0.35171541433649806 17.638895951945585 5.2598286014746236e-09 16.490687484213336 0.6427578009761099 4.7562890105714875
H Pr 0.2625960712413488 22.766609582119184 0.46769567820155494 6.271976567721345 0.25292350517100387 2.8958485593103616
Cl Ti 0.4211651631318949 3.43008866932847 0.5295822537760877 10.733968787000403 0.34735573429976346 86.95487096637991
Cr Ge 0.5167287771057152 7.77808049627827 0.2760923052623741 3.5079714427776074 0.19943989039999802 24.92266260865552
As At 0.5911386085554194 10.05745084708041 0.17409927485202648 45.89509057104036 0.251918234705536 3.6148375281674525
Rb Au 0.1942061940405937 36.603658230084584 0.5583931227098978 9.5697543229084 0.24948816238338556 3.6388255972178167
Sb Pr 0.5690010422835349 9.009737323884899 0.20670905565731829 3.21381635200244 0.21728583368420412 30.7854932859478
Ni Pa 0.5689237269849526 11.857958343057634 0.345106604339585 4.155728558505321 0.2662771417803932 92.79648398717593
C Os 0.465918296751918 4.333242166863884 5.241008208464995 159.46558628375305 0.4387767754100923 12.237664661908493
Ar Te 0.28262793829468075 3.0610845590074067 0.09730765508289753 30.964019258907193 0.5880335936654051 9.6904652874128
H Pm 0.2494744395624078 24.08678069198216 0.5223801825656834 6.2657468959412475 0.21341524165253897 2.8331081034026284
Cs Tm 0.09949474298199468 2.874797223847652 0.5500227666639291 6.759745438606111 0.3232597285661076 23.157763830960185
Dy Au 0.5944684096621846 6.962059779188249 0.3133307055201761 27.867139443366202 0.08077475415932073 2.9459652048100553
C Pb 10434983.919561906 528.4359276205731 0.5222574439921162 11.595126060021713 0.38431006326389006 3.743389882026708
As In 0.2566476644927984 3.448409492586724 0.4236189215658169 7.979032397615323 0.28449124533472797 19.326451967928637
Au Pa 0.5986766761410246 7.812862264167772 0.2530581765253909 26.16033977236939 0.10942647031330753 3.140009373458743
B Sb 0.16841140033449123 23.333054046457143 0.34608831738384266 10.105899706627156 0.4588925623841506 3.5661836890468765
In Te 0.1407168968996211 55.34506805747073 0.30160797112866766 3.43518628451485 0.5908966770218541 11.741774121239237
Ni Tb 0.2541554010318168 24.958535077879052 0.23701411298835626 3.8019074937872284 0.4937576703769981 7.848851923566789
Ac Ac 0.23381227111311287 19.161413116133282 0.5980717707446106 7.937308254168244 0.10972982453901983 2.783572929050302
He Pd 1.0306598095845497e-13 0.4062981903827781 0.5818209258610727 3.9266638164494765 0.3864068250646965 15.408735905120329
Cl Mn 0.4494034869738679 12.415153888412696 5009678.68210093 513.8834405884926 0.5100808803540754 3.976086443484551
As Pb 0.19152504440876703 44.56238824398216 0.25952261147925465 3.7115382185237356 0.5750610938326217 9.889383522615086
Cr Br 0.5389856670936699 8.482802427472638 0.16152174132938105 27.459778172419828 0.2872903524227904 3.4293769493587547
C In 0.3075405415067793 8.967843931876166 0.22237987701417658 21.041544461104223 0.4472969081656476 3.6468131705497226
Ne Ge 0.4656250436716941 12.171346790667862 0.4855074940427287 3.817068757347849 757255.996771421 469.0087911671023
Sm Os 0.10687959896833006 3.2180007073337142 0.31519317582245177 26.430175781506676 0.5628284051692642 7.047264881858673
Zn Sb 0.27057774918464417 18.41112721141301 0.2985208108204855 3.5574600041112476 0.3889290598438942 8.63034460354184
Sb Dy 0.17398558508762316 3.2452977328933152 0.5682659697006992 8.311319034700176 0.24165928558228666 28.634160510790103
Rb Pd 0.2220612455652405 3.2451199251075002 0.3129365295195565 19.311776386938366 0.43563051578758855 7.457787731393685
Ba Lu 0.5195758576142375 6.021291524224227 0.060993020585722396 2.5530957326021926 0.3591646244316991 17.86556107982964
He Au 0.5529222385389821 10.141600454732991 0.32787492394045586 3.422293585077923 0.28333123771173213 71.78692461386103
Sm Pb 0.30836563053640786 30.667257478197204 0.6008079886764996 7.439297994362416 0.1022448454602417 2.9344077670710003
Sb U 0.22936592786299803 3.5113720431271687 0.5828547163477104 10.176396866758939 0.1872262720612895 39.65230158832634
Al P 0.47856067087468224 9.207053326653286 0.44336735172546676 3.246645249674082 0.0847093625264114 42.36174753092525
Ba At 0.2882395472274864 30.88873152626127 0.13040719941089482 2.9104538230420167 0.5885245958640515 7.854262244033741
As Os 0.2786449079426019 3.9299574582869536 0.5329008895924139 9.539051393179655 0.2112326514298205 39.07318950488178
Cs Ba 0.5147974680206595 6.619489643591333 0.1245211094388093 2.757359405061189 0.33923571190665697 22.121142933348082
Se Pm 0.15800074163870517 3.1094008962300435 0.2758550481638967 23.34721889353846 0.543742190728202 7.334677958563174
S Lu 0.1753373432353327 3.149636279688778 0.2791453699777549 18.602430374938425 0.5092737540289934 6.991066690610016
K Y 0.207656372289776 2.7471619225082238 0.17863944413051008 24.890044931853513 0.5918658187471034 7.5988722612240025
Mn Pm 0.3923401941350109 8.940863281927177 0.3510095322955808 4.150076676195973 0.23136400965544726 23.10518072161812
Ru Ba 0.5187366716976893 8.800836071343154 0.23771752587387018 3.3841398418832638 0.2356381444635301 27.927257775720726
Na Dy 0.17512906877190396 37.683577862270376 0.5607216999764797 8.714862208883135 0.27497594283412174 3.5432969436052533
O Cs 0.42241782145072965 9.216610033864368 0.16524404704220988 28.708126047426326 0.39786986132188934 3.5765285714421995
Ti Os 0.3075001099964282 3.954580668757708 0.1980317677164813 39.286860117606814 0.5114124955969883 9.476254332112054
Ag At 0.5745029135076316 9.045130530435015 0.21242566198419446 31.404217491018787 0.1962418982609465 3.2394502834114025
Ta Pb 0.314497021801667 31.151547244116852 0.07974810173511969 2.877417149697905 0.6128378364521191 7.121767414810983
Zr U 0.17999429786288615 37.40640529676992 0.24557540706956366 3.7030950607464366 0.5677501348876971 9.99721489260476
P Ba 0.20666602202554252 2.808919767834696 0.19504427224634222 24.20841403731765 0.5701093462227089 7.629709442494716
Ag Lu 0.22194322853432616 62.105827070605315 0.29026492866971615 3.909352236687926 0.5723467047983365 10.57375219779858
Fe Pd 0.40842231081052444 3.9949948165455647 0.05652137857535693 41.52686583851571 0.5064769390478615 11.90637886103449
Ta Os 0.5958687278483161 6.738346669532334 0.3269381174936852 28.83448161090577 0.07453890022203769 3.1018071436920556
Mg Nb 0.14248731305477996 2.4978658339929343 0.2711250982444691 19.071149806486208 0.5585956648636592 5.956863811355019
Zr Dy 0.20129920011395525 3.4807220324558967 0.5666403648397966 8.356814192612381 0.2297792348002509 31.666502498692285
Sc Sb 0.2013463225619874 18.649351286075483 0.487183289352431 8.659026250739734 0.26617277537708073 3.1256733900164364
S At 0.19526022046248773 2.960236673784784 0.6125762736663752 8.477149004913553 0.18776728041795993 34.89183238011797
Na U 0.26399412181234116 3.53113142663878 0.4898758204846127 8.366689793225879 0.19369206770978023 23.626429647308687
He B 2.2364960640486335e-08 3.5598982959713945 0.2051488813364235 34.68326303815646 0.875307708621876 3.4818569156401344
Ti Pb 0.6109637082395545 8.671041979407843 0.20240737857324223 37.98806932934311 0.20074342971377063 3.171613610023964
Br Br 0.4920494936158108 5.017100574309883 0.4304116696658791 15.9135360383555 0.05469868256678861 2.269333349290984
Y Tb 0.26718842855515434 26.24181588741986 0.5448708233047292 7.682723773916316 0.17296327957605204 3.3007420589152727
Ti In 0.3134233870152894 15.320805072902292 0.26730060666680266 3.255293869373068 0.3677486707741523 7.664012004253545
Na Pr 0.5543677999796217 8.14068244137887 0.2608176000235756 3.2331724339549384 0.17504484426368122 30.543709357013302
Er Pa 0.10937526194642327 3.2498743821060523 0.30397615094759317 22.353378708932908 0.542942298708578 7.334489971006598
N Ti 0.2411551395253306 17.079299767838354 0.03672744596098841 35.757733856284524 0.7251339273693572 4.458438962250455
Ru Tm 0.20351007346681133 3.5557447248513383 0.5518050216261733 8.412571322153383 0.23151755495458082 29.924544646501616
Ir Au 0.06609555770870142 2.736747008537102 0.32074336524697744 32.71619696405252 0.6277093369933888 6.964683204594759
Zr Pr 0.5465497174788727 8.064557699618716 0.2511961884377363 27.431204184714403 0.19406535255027185 3.2458505225808016
Y Pa 0.5604772066609327 9.750078899559167 0.2337302622321458 3.6029095091728216 0.19367711771386192 28.942276139138016
Hg Pb 0.08141493188393839 2.732472828233947 0.3490217627681106 37.989962316999595 0.6385020543719682 7.383512709924239
Cu Ga 0.347637302036157 3.8069884159963343 0.1635349231039112 27.08051734984962 0.48473408139783175 9.113665609491257
Fe Au 0.25216919893546025 3.703220094900902 0.21189133623676248 44.88152149870241 0.5724363161390424 9.20092338185511
Li Mg 0.4690752547604701 2.6923828073332654 5.826030381706284e-12 2.1450381979700555 0.49787810768606283 9.071635829610827
P Tm 0.17294989070857095 36.900693363210564 0.2449042198105244 3.4168177912257747 0.5848932215939369 8.696520096812682
He He 0.3371943578791365 12.688605053861403 0.04025973274665919 2.364542540111505 0.6643757962493213 2.3645652977060627
Ti At 0.6256927442317295 8.691971385264342 0.19521481508810545 38.60461510556469 0.18886529145635333 3.0476533859081347
S Pb 0.18845821467524526 35.11620893507796 0.22376529282870786 3.2072274962440694 0.5871113415957752 8.644212706894702
Mn U 0.5348629839383581 11.532005007396686 1.7749011628615772 131.69464106823594 0.35340220536809275 4.201015353261928
Mg Pd 0.31822456356295387 3.2839323064830124 0.15256758899544628 25.309648011652147 0.5009606818988572 8.520485048017978
Zr Pm 0.19358544863715363 3.3111213493558522 0.2446183664709066 28.7361804780269 0.5559582847435838 8.13293458076598
Sc Ba 0.26717905813889253 20.06326050723453 0.5210378817656361 7.063783141591122 0.17886923879558342 2.8864725461628113
P Sb 0.5531969523958009 10.397972588879117 0.08417700585487525 42.36615195074085 0.3450034585387505 3.3600426439100355
Ag Os 0.18453460114767123 3.395826407397587 0.24273916030010853 26.602880413190263 0.5431795838914433 8.240018057909628
Fe Nb 0.48374321721119284 12.26936930785056 0.443571082183515 4.151869413547671 0.07407775800656287 58.64565350234015
Ta At 0.6138849888752917 7.344139464246837 0.08829562188425068 2.9151615845362655 0.30671039310612597 32.098733360463044
W U 0.18428076828097584 3.7887677751009985 0.5631310837635408 8.753515786466965 0.2674325192271502 36.83681035297426
Ag Pb 0.2334110654232074 27.94600106489244 0.5617099720683768 8.534326250746425 0.1811619368803218 3.183147880735012
Na Pm 0.1732762909382081 32.65362754944084 0.5550883432616033 8.37663186630415 0.2689117519477471 3.35222397530223
O Te 1.7256218410632097e-16 3.520307979018602 0.4771816320210546 3.694026006900184 0.4752254051306084 13.17708987008502
Ti Lu 0.16743812853609485 3.3301311936460127 0.5274947578587785 7.08087116008225 0.27728666580025674 20.568838412694507
Tc Pd 0.288694453936619 3.5051430694589456 0.22645289176743885 23.954781862499434 0.46469385266215124 9.2904443977183
S Os 0.1842153812757966 34.909702805608006 0.28393355549030136 3.681003506867974 0.5323398524757877 9.052401559071766
Mn Dy 0.25012054378638054 24.86394340036851 0.5038145700822524 7.670637511947181 0.22820039669078337 3.7876558828630453
Ru Sb 0.2619767025644921 3.3148064412118576 0.203888700074784 26.370751498230668 0.5156197729975724 9.541527942138488
Cu Kr 0.5115771334464744 11.339092738357639 0.40084405426667163 3.9309235948857024 0.08588474302836074 43.34469527706552
Ag In 0.2677562431639234 3.3289455694061854 0.523878082612866 9.817918898290865 0.18560628385324338 26.63474548867085
Li P 0.34447945925714746 12.994501319051802 0.6267173431354106 3.3581471666524743 0.00776934928379966 3.3581466416472883
Fr U 0.6442176619026727 8.384259852977234 0.3354475478146079 46.542107326309434 0.11658208070243756 3.013259909767562
Sc Tm 0.6078027130047345 7.100440782106216 0.23950620152031782 25.220128117437024 0.12849450935267015 2.9437217636548767
Hg At 0.3373820551344443 38.14743195543422 0.08600989511543666 2.736856848775487 0.6385608718309498 7.544201068159278
Mg Au 0.3224653543990542 3.6280291422470623 0.5573029271139599 10.397346867465185 0.34590552414377645 76.97248962746552
Mn Pr 0.2150027567409043 22.444003524425053 0.38112287521366994 4.167976572790317 0.37419192470580537 9.597062042611723
S In 0.35736725383397017 3.463099868480234 0.07586365623120934 37.46979717370975 0.5392524993684422 10.475869479285606
Tc Au 0.20826643878597417 31.298631199874887 0.21410655087995745 3.490257950322845 0.5582388291278244 8.861471377121779
N Mn 0.05690113000310065 53.17481927402932 0.23324459489714602 17.02985277877292 0.7314922541217629 4.733028846380984
Y Sm 0.5419474546927129 7.4827484224121985 0.2794350407574364 24.910593861398855 0.16224719094899934 3.15619887495319
Zr La 0.31341782205589835 22.28925195195831 0.17650918074984892 2.871318866348806 0.49114465342511604 7.327860445020353
Sc Nd 0.2474991866257514 3.5007019168167517 0.4778445021518905 7.820586832692866 0.24508255959598077 21.781485446405373
Mg Yb 0.553285020705942 6.180185572999285 0.32142256570347677 17.63570091178079 0.0910157478748911 2.42554951237873
Fe Ir 0.5259159956289141 9.559775283544429 0.20698827434842285 43.01584831369817 0.2984007663258196 4.009016766656476
P Ho 0.2399927500115059 3.388291183316871 0.16785487241695435 34.98437534577651 0.586423419712261 8.571393714506385
Tc Po 0.19530078891497224 3.276739826546218 0.2171759169175361 33.26203649966545 0.5834692762431531 8.945761239699161
O Th 0.3703523800378347 10.111671815316493 0.219521312463129 17.028524704341514 0.35363182733801 3.5788185390706126
Ir Bi 0.311087211147907 33.375499739352236 0.0787734371814551 2.779163267751682 0.6255917351168051 7.2651319917098
Ti Ag 0.36297172539876604 3.6258842026505502 0.05399820788629544 36.784686010215786 0.5463511072706932 11.071919708329975
Tc Yb 0.1684252452232102 59.27964056740702 0.5758303452987359 10.727510465354543 0.29667949163089985 3.9958676711309633
O Gd 0.4729151697806116 4.308245643413108 0.07337471644153237 43.20704051767338 0.43728728118819127 11.909985957858337
Na La 0.15032582839673642 32.76596141052873 0.35024229466576723 3.2614555872645354 0.49417104376132026 9.448950725722668
Mn Sn 0.3026465870547832 3.4920559172624577 0.2330758059419239 18.057859801622147 0.4181157190999877 8.771420563857111
Ru Ho 0.22023106487242206 3.6375674163422933 0.5469218561955783 8.663426620708673 0.2261776876833219 31.380933804027087
S Zr 0.15113068506836486 24.50455275013004 0.5514201211760731 8.089740952149032 0.26788068545054067 3.0694323242531953
Ir Ir 0.6155539518616027 6.913510686738013 0.07092235656634353 2.9124985217437143 0.3282723076050384 31.73782313389036
Mg Po 0.25065211685589583 3.2471353915859718 0.18282713127092645 28.53163557647887 0.5409160868332364 8.742058972842448
Fe Bi 0.24382507220445662 3.5396198217726487 0.2232617823760863 54.220520663828424 0.5996596868741751 9.520108812658009
Ga Se 0.5085765982245991 11.072314644302304 0.10504648912455658 42.44510144315213 0.3955796648765192 3.962104769223014
Li V 0.33098833580312714 3.2780351264495926 0.4720264781750798 5.647345714174281 0.19326442148291292 22.94566663504788
P Ce 0.5748717408806263 7.347862186052291 0.21086822983966727 23.382373324358603 0.18424408844852336 2.8074155488547885
Fe Cd 0.4684049179373245 9.454792850926626 0.3214714321995524 3.611296654367317 0.16873118177355362 21.207477538049265
Ta Pt 0.0689179898451133 2.9110113544146614 0.320868445776426 29.251880421543074 0.6063798195751183 6.800110818161824
Be Se 0.5051561431516031 10.16820140182585 6.896775349366605 170.72537856526245 0.4290803252706774 3.4348077177193
Zr Er 0.5672917416008403 8.401761187506152 0.22116321625931012 31.357120699312524 0.20238740577185033 3.501058322093196
Y Xe 0.18010747974202623 2.8760150952677583 0.2987705933209862 20.77904471592034 0.49149024123957374 7.602755533639589
Ce Eu 0.3501108762957473 21.763331981156046 0.5485624824076741 6.283261136609811 0.07268329503564747 2.801618739373616
K Rb 0.15725751308983965 2.418067615672791 0.20581845490951636 23.80801763900814 0.6194658652362334 6.959822803316929
Ru Ce 0.5356037868961154 8.913022271278722 0.2275762683608956 30.49017438037307 0.23613147477390314 3.468971536965212
Na Er 0.2819112887380302 3.6018030026947363 0.17877774734065355 39.80292359855114 0.557448061009937 8.889142003606114
N Al 0.7022916044162737 3.9528067237792173 0.2677479280203414 15.495130636166117 0.00871014728645168 3.952154183152368
Ti Pt 0.5569902675373885 9.086289180224975 0.20639088184086787 40.22152549915263 0.2609202362853794 3.651914774664927
Ga As 0.4037071133406359 4.004849625138245 0.1086608576719428 40.50388365807406 0.4976733504334175 11.049635313838007
Fe Po 0.24902253410366704 3.5482045181128474 0.6000198868569437 9.679549238117716 0.23297412644697493 57.83649803922107
Mg Bi 0.17512933235347275 29.30338644522177 0.24825412010576203 3.248208902952659 0.5510793109585331 8.741609762533468
Mn La 0.1481927474446229 24.677652071848136 0.36457011870851114 3.6767880063224414 0.45576426691638383 10.690409009349064
Ru Nd 0.22534299418659462 31.503268885936663 0.2334646750167232 3.5243649109569875 0.5418424146685559 8.906195860820798
S Ag 0.3689919841126811 3.541747849164579 0.5195194951829867 10.35077711081796 0.0798452831352409 33.26707193287063
Ti Zr 0.11836694310463305 49.61409134154655 0.5356887872808438 10.338664927877533 0.3633525931796711 3.6577359365530295
Tc Ir 0.5306020819508392 9.090253492782987 0.24266686236805832 3.7208083331598045 0.20310029914988895 30.30324688998273
O Eu 0.13518433105962216 39.998510749481795 0.44460706351240403 4.158105398115581 0.4231537495630877 10.75688650406257
Na Sn 0.12886232650475332 29.025559747196027 0.5129565579352431 9.119152362846418 0.3329814512378779 3.2717378664631402
Ir Po 0.08174414992887648 2.7965498223971723 0.30781907645849854 33.484184776852004 0.6248685005167178 7.332746669142169
Tc Bi 0.21741847320596946 34.110002076243646 0.5820021614119559 8.991484799809363 0.2004782372400084 3.3218236458839883
Ag Ag 0.5195563749370541 9.901489477756641 0.27749378144008463 3.3490783118320495 0.1854132207749443 27.14238816162478
Cu Sr 0.08344555767886372 47.283818151271745 0.5132298379319913 11.613037259343512 0.40376747253269984 3.9469310190634883
Fe Yb 0.3168870882533302 18.04895565558058 0.1333372303986749 3.3183250930179473 0.5092055604007383 6.606569848743191
P Nd 0.21003327730206464 3.032730385882219 0.18713651870961281 26.07627304781587 0.576952289344407 7.835310558767135
Zr Sn 0.2703204254761413 22.156040996491793 0.218095848823445 3.152274260448102 0.4876435505103619 8.10073938584515
Sc Ho 0.23552376086187304 24.68394921936832 0.17677403507933095 3.3297736563129305 0.5623383497821297 7.4031305637203735
Mg Ir 0.3390457341548442 78.39093911731258 0.5336685744493943 10.84513119295112 0.3522686910384435 3.821976109366321
N Si 0.2559065531019321 16.672702433879625 0.5399620630150179 4.050827300736659 0.18661228840580804 4.050787537057387
Tc Cd 0.4750084585936719 8.716923966631935 0.25017203319270365 23.087295618369275 0.25325626327558387 3.334171844076188
S Pt 0.5549675514368112 8.701796379701955 0.25211848992694436 3.4863973636618804 0.19039703492539342 33.76462812712845
K Zn 0.25135570190461 21.84623620564035 0.1802862014592371 2.926720206117526 0.5642837007015946 6.425107497092681
Po Po 0.6447032506934668 7.7371693571248805 0.3800862622367642 43.9285627836014 0.09433702787633405 2.75738883910106
Mn Er 0.24730863568200387 26.27513041899147 0.5465489094067767 7.52838496645468 0.19257516447861003 3.585681839277381
Y I 0.190245951388861 2.959163283514974 0.29505424712991435 20.77573870945168 0.4855312975549861 7.69926981339079
Ce Gd 0.1033384438971645 3.194784343681992 0.32892656030829426 18.469012614367227 0.5072804499636198 6.471697803596077
Be As 0.6528822556072202 103.64930066333433 0.39335688657129514 3.3422371465556724 0.5324235184020081 9.435515949849526
Mg Cd 0.1485439220308413 27.121179309405928 0.5266941561882167 8.588144672805717 0.3008560366698538 3.1544582805727863
Sc Ce 0.4958549578758572 7.164737922958988 0.2741964408383704 20.19886584303238 0.1980722686407785 3.157795647429569
Ce Th 0.11749156454364874 2.835736950680196 0.2731564111941672 25.520632480107594 0.5854084911955537 7.783454445181813
Li Cr 0.4524500408921376 3.698860839789465 0.18690867606465658 24.798899434303653 0.3631759180134482 6.280169274727917
Ag Pt 0.5528114531221285 8.099515718610402 0.24521081712701975 26.202190261275046 0.1694789842188959 3.23674805050042
K Gd 0.287763031879096 17.65786137110826 0.17857012368618538 3.2150243793611946 0.492016283269828 6.96727556319947
N Zr 0.38398893960825625 15.082519026579625 0.00033726206510848226 4.12485464125517 0.5812422044101652 4.1239455555766655
Cd Th 0.22681567318729934 27.593362098592433 0.5631894174654557 9.134033999650278 0.19556300745399088 3.1897117173593243
Ga Ce 0.504347405606298 7.20298590603625 0.17979473617497524 3.209611005751879 0.2883344404050704 21.36371087028332
Li Po 0.5774636050363401 11.0981931682154 0.1576442953802325 78.33317456641659 0.32686791445149305 3.208999922713925
La Pt 0.12700348073791093 2.910765672050297 0.5551868012279586 7.321644686434163 0.30460174418782615 26.75106110270091
Gd Er 0.1287856790964547 3.424102782896384 0.25354875563531754 27.355648726320194 0.5878945847617867 7.415091240224575
Cd Gd 0.610639903484666 10.113367061663052 0.2514601764568774 3.667302670470039 0.36526690497474223 75.1404167309962
Cu I 0.5476793912734296 12.598940981450982 0.14826325362126253 87.9801951296918 0.38272125184208294 3.823763304109635
Li Yb 0.6561403042026157 7.613126721206835 0.16128664123587477 31.35172197070327 0.1636543518503455 2.5873829313087366
Be Ho 0.18015529808625108 32.51554490655693 0.6194598581215612 7.556757516926342 0.19345317830934872 2.9462753053517763
K Th 0.6351190825905725 8.13097986661273 0.15024718844708607 2.6352671713835925 0.2158039723168406 30.380257653844314
Br Er 0.2156748893439162 3.5605251246636676 0.5364407236538851 8.257835447247547 0.24181128063280785 28.856460728151276
Kr Yb 0.14056018723318767 3.083782308005533 0.5550947668360998 7.456490699873252 0.2562130467239306 20.335618658414194
Ga Ho 0.2552542546591741 26.626074403793133 0.5455077771577513 7.731710575266314 0.19007267156875926 3.495556573115943
Sn Sn 0.12133853599680022 38.88329877753081 0.29798549057744633 3.456907736548749 0.5726201625929157 11.308066733485978
Ho Po 0.6069261126248031 7.475474174571902 0.09947215079596596 3.0005884331856403 0.30570992492540944 31.841477211795127
O Rb 7919994.223416306 540.9946158442692 0.42180982121094135 13.34583766379869 0.5316741545921558 3.9038619709301035
I Bi 0.18344199555668578 3.1577684108727584 0.23212934469183186 32.63425730586818 0.5811651994816217 9.003337504447988
Ho Yb 0.09116045318361143 3.117210590955198 0.563396949685116 6.9466962258520795 0.2931026343665939 21.578956150914625
Xe Nd 0.1963878629766128 3.149430523421267 0.2236997555808146 27.681771207721834 0.5587618793646963 8.852392640272999
Br La 0.16620224527785651 2.889867831499852 0.44602425926202116 6.594109484711422 0.35729929897165474 19.308574951601337
Nd Ho 0.574470768786508 6.248526214128161 0.05061573005595938 2.5119969293728355 0.3475677257773496 22.564090499867305
I Ir 0.5577248582267673 8.145100837027561 0.15930743930476235 3.1604785470120547 0.2560385740313595 26.81699707734678
Ge Zr 0.3161551798010368 3.658754859055782 0.18529415103550928 23.636576601723533 0.47574151461182523 9.191808784975194
Mg V 0.13131373996334095 41.650337953609544 0.34231246529274195 3.133438518586126 0.5658790623551987 8.703409276271767
Be Ce 0.22879863882709076 24.343745680211907 0.5627153070538491 6.510998105622951 0.18915656475363998 2.638908016408835
Kr Po 0.17569925274476256 38.62435111381375 0.5909180478474465 9.73671090505867 0.23258897916913132 3.4720594357077013
Sc As 0.18509793412772937 27.20112648740366 0.5635414103068154 7.736777039154577 0.24798552474737823 3.1746320775613963
P Se 0.4853960976799103 7.235110452486869 0.27558055684195604 3.200100255947463 0.22147335798635817 21.43164173349196
Xe Ce 0.5556890918842926 9.057993829074729 0.2069059960341497 3.1388889502228894 0.21645544729065552 27.684158591806515
Ge Pt 0.2673581271932923 3.836414076013563 0.20195147050571735 40.29438594510937 0.5502786670686589 9.533587434526973
Be F 0.023537363482804965 16.883302668088504 0.8253011939694592 4.321599068362583 0.12824546356463143 16.881445192598406
Be Nd 0.19414549714333026 2.7584000480673843 0.21369906840871433 25.941910461877814 0.5744706454407286 6.772920992118362
Cd Eu 0.5677653372635654 8.65698241668605 0.22740646255390162 30.90997649040352 0.19829731471057277 3.355942444045131
Cu Xe 0.14179607650028314 21.063446151458642 0.46227907285386466 10.935013011050827 0.35129877497760226 3.688918257022125
Li Ir 0.49915064111911017 11.003452659213288 0.13035263918836495 57.949357829061086 0.39168860751871076 3.8962233849387955
Kr Cd 0.3144329512044684 19.29762990579926 0.20153923706494178 3.114836625869973 0.4535052231206776 7.318799454060884
Sn Er 0.19010285313655143 3.406794951846496 0.22708311557010238 29.21432378498195 0.563807153606042 8.572025531026991
Li Bi 0.1373855338593597 70.02224163738343 0.318692738078809 3.216623912158902 0.5808833792038357 10.817550531753737
Eu Pt 0.10096730240435974 3.119019563443808 0.5790491894966147 7.132577469641027 0.3091642002104089 27.698962927524438
N Ag 0.5152763522978299 3.9544966913080026 0.21855363982525655 10.004069315732574 0.2385285515979213 18.937744719664273
K Eu 0.5565125000246199 8.310024202944748 0.18592765436070527 27.759847400912626 0.2350683019714226 3.385113153602173
P As 0.32116211918694715 3.429507627772583 0.22512199803226793 20.813906633534735 0.43574474566608956 7.465167271137385
Li Cd 0.5000212348007452 4.364014567709656 0.3860149842583069 15.220068368488262 0.07748523359058432 2.114251076259812
Mg Cr 0.37653296075131004 3.326749616813833 0.5397620615927067 9.221867312891417 0.14094719280961795 48.14220937006448
Sc Se 0.24109143752766526 3.107388310089141 0.5735232846851834 7.79119948215724 0.17799176993771423 27.20952176914957
Kr Bi 0.5887726056684921 9.758852367703703 0.23676061242877663 3.508763576716593 0.18024178426677095 39.88412410383097
Nd Nd 0.08036214727645251 2.8713994568707792 0.5571825900945353 6.3945086566883536 0.3410020446526471 22.74858891439867
I Yb 0.2398871713911386 3.6019010574215535 0.1298389460990746 42.29176937871723 0.6118685664689034 10.342520049457956
Ge Ag 0.20731316989156 3.2594419082737884 0.3234348392019939 18.164477195334232 0.43364533760802976 7.011996454786792
Ho Ir 0.5888165859028018 6.7791247006523205 0.32234146614140186 26.867332682940056 0.07457369698722081 2.997854475623283
Xe Ho 0.5619751497602856 8.070804753636384 0.25607571879645413 26.540801940553504 0.1573588816620842 3.1157420008326397
Br Sn 0.229140733716812 3.2561955070282482 0.29852242218566943 19.368634107645686 0.4381946621939177 7.746640015700483
I Po 0.5821391431987349 9.127235467799887 0.2282229210688073 33.25389991354808 0.18732848802614885 3.1610567905646096
Ho Bi 0.6053748428440804 7.402721969915697 0.09739849004322536 3.004723301074351 0.3085737061392096 31.441168005184455
N Pt 3980465.509512295 504.5732203176481 0.4726784838836332 11.880942732468025 0.4336271375024995 4.150761338574474
O Zn 0.35397745269368286 14.760040197755782 0.038048095120344204 4.394304923621821 0.5826217456163983 4.394130548992856
Ga Nd 0.28469703746684205 22.117095864571446 0.16682711728220745 3.2037368516612212 0.5236659758816792 7.155086809942923
Sn La 0.1867693501323415 30.344519192880846 0.5171137558364512 10.51247568034767 0.2857512303472097 3.359432357019384
Kr Ir 0.20429664014399807 39.104878774228595 0.5455862261239738 9.692327785834966 0.26840439924637516 3.8032571225643843
Be Ba 0.21691428334182009 2.5822468474904805 0.5322581080003697 6.643885116606033 0.23119009093524473 23.796142371629863
Li Nb 0.5042137679512204 3.54920014338712 0.45228387907164047 12.757879517024502 4.1031266224744255e-13 13.03897290764196
Cd Cs 0.21496995893247778 29.55465500428438 0.5309496381181981 9.374347616422188 0.24763347456952714 3.314255801104295
Cu Sm 0.4712940178498529 7.752259550534492 0.26643941919939584 22.37320680887777 0.23706236956665985 3.6759247107111013
N At 21616396.58660707 555.2921641389764 0.5534792382827574 11.511909544666155 0.3564741516817212 3.533332779933634
Br Pr 0.3018028998851228 21.606749116471278 0.14829835705299646 2.956053344377909 0.5227128072736245 7.010387504111071
Nd Tm 0.3465848241301587 22.692745142382506 0.5789776319993521 6.258883595351543 0.046363095536304584 2.3682084875465192
I Au 0.5618120708654211 8.337745533881964 0.16483876848419304 3.1360850429804943 0.24759909728888607 27.679299844767396
N Lu 0.4400382150190731 11.496660901443137 0.4630314094321056 4.311697112078966 0.15429941552487994 65.54522781723585
O Y 0.3903448553467866 14.960512588484242 0.13525726714970138 4.111757047005242 0.4397859087557574 4.111811780220782
K Cs 0.2701750292815331 19.695070554592313 0.13321142514283396 2.386116500701678 0.5617925943194753 6.6126539974998
Ga Tm 0.24145530221545186 29.335817158081074 0.5444661621710586 8.145745695739132 0.21345779417865982 3.61778355795252
Ge Lu 0.23149776077579035 22.15017125827053 0.4830550112685046 8.362833392773627 0.2505825357354492 3.8052146061388514
Br Dy 0.24872220553670393 26.844796208220735 0.19605369018945376 3.4238443669931393 0.5411544121421594 7.954860662880896
Eu At 0.3016888432779849 31.95413823253699 0.6073310131552534 7.615253645723842 0.10501674314100838 2.923478625826556
La Pb 0.5721849359232144 7.815042445086678 0.29946684369575066 30.956111599550383 0.1426719718488286 2.9193892779652337
Mg Mg 0.5537956322204358 6.733895618692427 0.16444490692933453 25.652261244671433 0.30398415384447053 2.700503873438351
Be Tm 0.17407609237172508 35.72785293137088 0.19584848775724067 2.924650626773315 0.6303705928075801 7.825559315312047
Gd U 0.5707039205300388 10.235764432117765 0.2605654101753966 4.147542665440449 0.4163659068258085 70.91419316870824
Ga Ba 0.2194286215573763 3.335305387769285 0.29176570299257537 20.289497516534322 0.45634993034389165 7.438983018421877
Sn Pm 0.21579384167506657 31.413884781669108 0.2064258842868195 3.317325726650311 0.5710432875020579 8.974012049500839
Eu Lu 0.5498481336505328 5.83077379778061 0.03027418370693031 2.2680814629815087 0.35831651410099863 18.52710060475653
Kr Nb 0.5091792812998671 5.753696545167001 0.08590295632390113 2.3682674496277802 0.37621715051600046 17.46710998522616
La Os 0.3060438513439043 25.989188489560487 0.5408549960840472 7.329546536003385 0.1369727489748839 3.0528642071674366
Gd Dy 0.13820544338869978 3.497864353904116 0.5822980817794413 7.475698638195985 0.25502081898932827 27.929378882445082
Ge At 0.17979473866376428 48.07031888608787 0.2571716173602988 3.6457383450791316 0.588541970562696 10.092667436563596
Mn Ge 0.5002577026538656 8.173539193676598 0.18338473565176688 25.289810599801175 0.3054913148943729 3.6508997375339387
S Ti 0.522912958506044 10.79445357103973 0.430470974499102 3.4576002276645132 0.39812161889187775 92.3920951762547
Ti Mn 1.300461097456978e-17 4.537121874622288 0.6347379451858693 4.6804079342862455 0.3595810840319161 17.263059854751972
Br U 0.2819282276638004 3.831957433608452 0.15169936911363577 54.11863556258935 0.5859937784747425 11.051085271268589
Na Br 0.34407810953652107 15.843376991218442 0.12294075829508208 2.6223071745074313 0.5047992438248018 5.099395094773694
Cu Pa 0.58053055913797 11.512750386374755 0.32387095504521274 4.031126956309172 0.20266387742601621 73.58667889777159
Sn Pr 0.2105205179182351 31.6686175748995 0.21358053930960055 3.2858306809051134 0.5704211016366355 9.128479504233033
Kr Au 0.5598646324553818 9.612032082517374 0.25337473135890687 3.674593852251061 0.19502595810581366 38.1977660751452
K Te 0.26742919074974725 3.0157234421712698 0.5718674162930196 9.29589815510695 0.12242752274898377 25.06940554245796
N Os 0.4353531711605432 12.475426267107824 0.4752544430351318 4.403581427423292 790163.3732317771 465.43944208231306
Pt Pa 0.2564901431777861 25.71248691810846 0.11362687439327664 3.2183731314647885 0.5898642992031553 7.794259618985693
Ge In 0.30799694310752196 18.43804714400596 0.41902747371380306 7.489739423336093 0.23545311286439766 3.3646653042490016
N Pb 3279915.5855860687 502.75851882662135 0.5254592159163269 11.528163286502851 0.3817842111519547 3.757247686184198
Ho Au 0.07716690185050057 2.9265651138848296 0.31518992050817846 27.9782218802736 0.5969292232692526 6.921082493682866
Xe Tm 0.14107015143480972 3.0198290568199404 0.26825994254533786 25.75056035314742 0.5634834880034552 7.795596277768759
Ra Ac 0.27946565680413066 43.01372164247099 0.11394034530896313 2.8108182790887004 0.6616059843518398 8.326291374269248
Li Pd 0.044304426941926774 3.8586458981297964 0.5072578592122764 3.8586131286946 0.40842105723208283 14.40308739750682
Cd Te 0.13088262114941798 43.560562403784644 0.5779077165970234 11.420417042242665 0.29797915643469736 3.4190622641943533
Cu Tb 0.5072465855652223 7.852438153855991 0.2527816480706099 25.04269343939653 0.22467756324071772 3.682723826944505
Be Sb 0.2774806263969435 18.429420110812586 0.38170076843742956 3.2322245535113683 0.30761959137725464 7.495449779279909
Ti Ti 0.21991035273137582 9.081366941140216 0.50194050898432 4.082558348613754 0.27945230199392374 18.036856668842827
N In 0.3226426117928544 10.355501194548367 0.48168792419372936 3.8090833274051414 0.16978791087539463 22.349941706200294
Na Ge 0.3800708605702295 7.533753713117532 0.3577376787240742 3.476205565655767 0.2357105730965779 17.442969994610916
Mn Br 0.521498719793424 9.171172886913777 0.13542341967173196 29.14785360847518 0.32830764772876614 3.627222252772966
Ge Pb 0.2641584051831571 3.742418492147014 0.19121515138684853 45.03363229808738 0.5713325397496671 9.892801584046587
S Mn 3967138.968321509 507.27075247390445 0.5099116377990268 3.959005762359047 0.4485324365647346 12.234099441840812
Kr Pd 0.30751444197980315 19.443375397381487 0.4449807989249073 7.432339475273384 0.21845716144103164 3.2391072398561858
La Lu 0.3377711299057598 18.133416552001886 0.10352193566520214 2.816177997347943 0.49714575109674325 6.43667251492084
Ga Sb 0.38907294390061353 8.105108812248998 0.2752213283240192 3.5050218417615606 0.29478626933250757 18.237844714290684
Sn Dy 0.22192526773056367 30.23485898214164 0.5676386852560499 8.71683625102657 0.19589700144978645 3.4048429999213026
Eu Os 0.5678896623200745 6.960030014801093 0.0986919373871374 3.178445500989063 0.31761201951574336 26.359876195057726
La At 0.5720931379573284 8.111064243731532 0.28920836809898176 32.311575112079275 0.15432773166292246 2.9535243735371677
Be N 0.1092392235239093 4.483495656294355 0.18308298515043356 48.3740341847711 0.7930958282349224 4.484422572956406
Mg P 0.4865014832152486 8.485044275989942 0.10443512694631563 31.277473082712113 0.4168635956593556 3.1481143017255
Sn U 0.5907229479894534 10.282317988635079 0.232544709433435 3.565076962194856 0.19371475233786872 44.37832482420117
Eu Pb 0.09901081191496265 2.9351441185967952 0.3094859285294161 30.560836029325092 0.6017337029725637 7.390563131235365
Li Au 0.5649222567536131 10.24540953009554 0.13141537169838105 56.00868911513245 0.31968348565324844 3.406778886105143
Xe Ba 0.5350764961195942 9.600057431236625 0.2397993962713249 3.2235924014203925 0.2041064787202572 27.638826229219074
Br Pm 0.5324745232245858 7.295520868575367 0.16107206892071385 3.0943796408188056 0.2812695390593256 22.935019431159194
Ge Os 0.5278153393556398 9.591054070354138 0.2854879299629766 3.9686708577528105 0.2067924966098377 38.8549887968603
Tc Pb 0.21756054202489417 35.32236488320862 0.20607930061629906 3.359249954190331 0.5816183731122323 9.063453070512262
Yb U 0.2368439442582017 4.022325360119634 0.5977680635613032 10.227368116579191 0.41900180131123616 73.11519173055832
Ir At 0.6244719596935507 7.407380656525586 0.08481724636798736 2.811592007064879 0.30427334754003954 33.638732878268335
Sc Dy 0.3214487471465889 3.9354333427106827 3934.414258456963 28.726248204624476 0.00029266048571739543 1.4509584503117962e-43
Zr Sb 0.2708975106512713 22.073623145045218 0.21801979325377657 3.130161553529995 0.48627153007990304 8.137326784263655
Mg Os 0.2957053533689976 72.8887008332578 0.34831135377090233 3.824340663439347 0.5359030741310086 10.694588092904667
Fe Lu 0.28505139638337734 4.055018845808886 0.40256197609655864 7.873627178905242 0.278610133709085 19.434649159118766
Cu Y 0.0791695056548317 46.43290582916047 0.40891437038594763 3.9910039551620375 0.5081134615464985 11.749081260882178
P Pm 0.2176419965500133 3.109441622216572 0.5808818168243507 8.01740546623116 0.1796108761257312 27.82870211955144
Sc U 0.3091251848775067 3.892224965508213 0.22473677328447425 63.55083759827395 0.5595733046119407 10.664068660149566
Mg Pb 0.5625436280776577 8.776963807632056 0.246770697225657 3.2481572590617485 0.16917600228296828 31.121227073317524
Fe At 0.2541024307718284 3.5551327564578314 0.24819582686925487 63.16591339681682 0.6027847817495754 9.858513219814892
Ga Ge 0.4964527687247443 10.67876494842902 0.3943396712698502 3.963767505904796 0.12004780808511968 37.35465688019425
Tc Os 0.19885819716488842 29.329161182302183 0.25153358583429875 3.7818511982975402 0.5198425043505823 9.139983495795601
Ti Nb 0.5195721998966996 10.91409886229067 0.12654152641880306 58.46418079074665 0.390225579680523 3.790133248650209
O Sm 0.41596995845327056 10.699789276669216 0.13537374246281225 38.17492272541777 0.4478984314998636 4.13413330522656
Na Sb 0.1191138475243957 31.34554117729819 0.5142405306567376 9.49141272889853 0.34482298661319927 3.300657822242006
Ru Pm 0.543955414016346 8.805809570475589 0.22744691418572435 31.248320024498838 0.22779290198438765 3.529488167525183
Mn Ba 0.2361740291786962 20.16907308860226 0.35429256858752434 3.882944158414435 0.3727205236112617 9.119321912476124
S Pd 0.08764199109300057 31.016616248996126 0.3731691527819769 3.580307778987178 0.5070060295618719 10.201428818188713
Li Mn 0.5223634777604402 3.9765990060748977 0.30750078218681576 6.839899223951202 0.17806192837893534 27.04502770661561
Ag Au 0.1609135824441296 3.14134961677618 0.5550251949630912 7.99799925062647 0.24933609266734655 25.635508614157555
Mg In 0.14145511555092424 29.274503010719126 0.5271618857830445 8.87694248947965 0.3118518709035543 3.1995632529224514
Be Ge 0.33403371904864004 3.138199724407616 0.5809131925879535 8.56020120430595 0.323069599688908 78.27881913884013
Sc Pr 0.22987113664841277 3.3720420585039146 0.25670579173628394 21.068093946401127 0.4827859420925278 7.566451927383402
Ce Pa 0.5078291149263099 8.591455770029713 0.26159898581866436 24.780092779518913 0.2009366056717578 3.645097729339081
Po At 0.09592955360464418 2.7560446835588843 0.6452765225355843 7.795048450745014 0.364686701597266 43.613484434463096
K Ga 0.5845288266665827 6.543074273477474 0.23712180916049122 22.670241874123747 0.17206458193834764 2.804860077274727
S Au 0.5652526210935604 8.774543829005639 0.24821735262524458 3.4251958034630716 0.18910718457016507 35.56354608381676
Mn Tm 0.5702360178840397 7.427860345468199 0.2470114952316143 26.87487548048512 0.17085969447493948 3.428194614392611
N P 0.7441031145581488 4.154927736310901 0.24354824954287646 17.863431665347385 2.1872159247573925e-07 4.1585542181030695
Bi U 0.6276414677760657 8.508414747526936 0.3001065805052375 42.337803161668745 0.13088698136625074 3.2204272127465057
Tc In 0.24970418220555715 23.185443222784706 0.48094219567758273 8.690361594969186 0.2472321652743641 3.3116361144029
Ce Tb 0.3468310055942314 22.055466737439055 0.07270132406613344 2.8132949061549004 0.5517810577488055 6.34325524727604
Y Te 0.29777267304668903 20.5126615342554 0.47488353366377395 7.7060109378610955 0.19777677660982143 3.0202989042997386
Ru Dy 0.22310377752910465 3.63695826993587 0.547413504292268 8.721774184893741 0.2255055227225659 31.867320399671648
Mn Sb 0.33628472370038254 3.5614296373197254 0.10610355019434134 24.070697520582407 0.5147421390340267 10.534129162675415
S Nb 0.13661238180909238 25.535478380609266 0.29493540216312814 3.209171485232492 0.5382450870659881 8.511561007434565
Tc Lu 0.37337277456193246 85.98243541270371 0.3364258703321673 4.15336115293839 0.5455200724270484 11.210067243873974
Ti Pd 0.057468391394620254 51.97893580525755 0.5353464743672179 11.499411719375765 0.3869957282844795 3.7516007628578953
O Tb 0.4294109397805567 4.169125560235988 0.4423621467429022 10.662865545747799 0.1424917551247652 43.97937344576017
Na Ba 0.26609082139092183 3.078011594376762 0.1626594156670229 31.898898924587915 0.5601233610648022 8.186569415874402
Ga Br 0.5112094117791518 11.437991052249885 0.09427366593507303 44.150014458646226 0.4010272979524327 3.937839768159018
Fe Pb 0.21292421556140365 49.57709548137612 0.2379413209396141 3.5270453406042703 0.5977675142877591 9.31820716506455
P U 0.18136974252335286 37.56951549564249 0.577793824335541 8.896950178844824 0.23681757893753588 3.3812076069980104
Mg At 0.5447049979151197 8.333271824618707 0.2255852690998297 3.0905448092476093 0.20233927678167074 26.835392961703487
Fe Os 0.5097081761581639 9.575220201915034 0.309943242728949 4.083436280927827 0.20370950668282967 40.6528166003008
P Dy 0.5890635083738827 8.521183251287258 0.16852488396215345 34.82088007890469 0.23685642723503633 3.3532098614417962
Sc Pm 0.24158094958862084 3.5207873300971677 0.4800370917321532 7.733853918311638 0.24752043461079476 21.668414639004034
Zr Ba 0.27598368217117875 24.49189652748754 0.17532344948462147 3.006316820469087 0.5340609281946961 7.625836760879139
Mg Lu 0.5685252516650983 6.711010160882184 0.26506010413185 19.79813245646788 0.13354456789802735 2.8039665996529433
Ru U 0.18296213917900422 42.808193162703446 0.5665311291022597 10.479551537197617 0.2612142266749983 3.793328102939809
Ir Pb 0.626920530209499 7.181194798987154 0.07478388282119917 2.74517180560663 0.31436832216557337 33.23944077296249
Tc At 0.586854882900173 8.95447185534473 0.1920133835416828 3.2393594990372074 0.21693037949031768 33.36342106123379
O Pa 0.446121467531631 4.191494571142645 0.3498961263280308 12.118264572303135 0.15212752883849642 19.467136853942094
Ce Sm 0.5501207676740628 6.2338810248379835 0.06947607076358386 2.7371326605309685 0.35179707178765257 21.63731280599533
Y Cs 0.32281638124920636 21.162022970365108 0.5182750812370325 6.816150455563531 0.13475938386324102 2.6993466713313348
N Mg 0.28328003927706297 15.12046864814749 0.0011013727671817651 9.862049345148858e-11 0.7018401813487919 3.894539499801008
Na Tm 0.17841356786458995 40.66160114257312 0.2820126450834657 3.590780953808671 0.5593736280147724 8.968942051794025
Ti Au 0.20736116266327806 39.07716275324655 0.23562142254651366 3.472638715978503 0.5772230397051925 8.857383597916556
K Kr 0.16159666920567295 2.45931037262591 0.6177902005893958 6.973554022894478 0.20584231805077652 24.0849285055243
Ru Pr 0.5372478212204054 8.886926339498633 0.23438854480020138 3.4968915723126046 0.22700131699936135 30.65011040968796
Be Br 0.5216100552585216 10.19972492688836 1658530.1413366213 483.27969138350886 0.41372995295194676 3.2655242661810906
Ta Au 0.31776765900019244 29.22804480784286 0.06735600076189369 2.835681722843129 0.6089947801682254 6.828231614541778
Zr Tm 0.1908419075109806 3.430759541989122 0.571322294103145 8.24851842671147 0.22177440392147674 29.97392005861204
P Pr 0.19929142245597375 2.935310488193566 0.19743055479997645 24.780156734703795 0.575545215642689 7.6207622526256245
Li Ti 0.2967058958843216 2.967253512394327 0.19720280137082954 21.21709775978655 0.495978198064241 5.494074001790123
Fe In 0.33377893075853915 3.639331685643884 0.14078159187051933 22.80327236989909 0.48522879742449093 9.983644654395148
Ag Bi 0.22952872989876694 28.49420773852865 0.18270367321215067 3.1902064210341736 0.5647295863849165 8.613027742529692
Ta Po 0.08634585278581194 2.9239484476978643 0.3091006575890097 31.722088448334997 0.6123770459681295 7.271401144608455
S Ir 0.18750086063084526 35.00003671477904 0.27641139085762756 3.635790404038669 0.5377374983169779 8.975438563244815
Ru Sn 0.23183571826921862 24.326062020614366 0.25031010206205023 3.305439654092167 0.4966398558153521 9.011130361997706
Mn Ho 0.5249073900873588 7.603577376246739 0.2486639263771067 25.66770600443088 0.21129627050222055 3.702347081227838
Na Nd 0.2641561284323313 3.294431310087004 0.17573066538688997 31.107080138743722 0.5532040432208645 8.227194099387866
O I 0.4843735991098256 13.090083102661492 0.0039068093115364085 3.6414395030049236 0.4639036375019522 3.6422387182559754
Tc Ag 0.24141081853839208 23.32418401017758 0.26908526457630355 3.4064780132450116 0.46822576514624276 8.945795455121074
Ti Yb 0.3181990125590714 18.476696467437915 0.5656642461366731 6.308974509607124 0.08093958285474064 2.6239954051202203
S Bi 0.22064716630208456 3.165175897203018 0.18516930643411667 36.01364314048435 0.5946974613028401 8.712109188303813
He Li 0.7922080569439932 2.8139478293440274 0.2618774370372731 18.84428894001409 1.0361326053583694e-10 3.7308623538414993
Ti Po 0.19745404212167844 38.08639850235274 0.6191676286875705 8.680737182553242 0.19364799336311064 3.1028878263222888
P Sn 0.07703162057637225 40.53521062749239 0.3585259594798123 3.4417352521025983 0.5413491260074844 10.5134590086803
Fe Zr 0.4401770355667203 4.12937340141024 0.08386416459386184 56.72732343422548 0.483650532283827 12.074183649049635
Ag Ir 0.176893649874467 3.3259208472050723 0.247695169842771 26.051267640983355 0.5440559968551955 8.138761295069823
Mg Ag 0.31245393406816185 3.225231411885858 0.1443727009485973 27.23777798695745 0.5183546620444115 8.655968234687908
Sc La 0.24640288234661256 3.0094383336505937 0.2043250916144216 22.96247989668569 0.5193019714126953 8.400399004805399
Zr Nd 0.2482353545766416 28.060688497191542 0.551267668676475 8.096230951649646 0.19368233705572852 3.279202863096267
Tc Pt 0.22963176216235073 3.6112884932449827 0.545677498449764 9.001553833780843 0.2042606719293099 31.27328666385782
N Cr 0.25242462198889465 19.601586250145502 0.5659443637463767 4.70323703569159 0.17842551878970328 4.703025876461483
Mn Ce 0.3830461850822203 4.130173290255117 0.36389342048038553 9.601578133436034 0.22053341217962727 21.49015620013042
S Cd 0.527041778230048 10.460681596194656 0.36619456796943883 3.5151365111785107 0.07572932967515893 34.90191108751795
Y Eu 0.16362042630996712 3.1942152686201717 0.27683268991917853 25.25985075630291 0.5436661255058732 7.519265198765461
Sc Er 0.15541703436084212 3.174655407747582 0.23540834194067378 25.35439205788636 0.5858836041022911 7.294436262918242
Mg Pt 0.5428809249007801 10.831019655524994 0.3458296444858727 3.76125782569924 0.4932017039183149 90.37831214440527
Hg Po 0.6381644241169326 7.486730496285635 0.08451889149053948 2.740669928726086 0.3405727177653298 38.02377140344219
Cu Rb 0.08259481280363434 45.980880534844815 0.40389933854809595 3.943074649245925 0.5119295823950677 11.526492157107405
Ag Cd 0.5200944169828837 9.810490097354405 0.18688288749778792 26.410691798684095 0.27098218760925036 3.328721776913679
Li Si 0.5808912032259014 3.114288824978297 0.3940330097819995 11.455154812834621 1.0511986319321823e-13 3.272257934021095
Mg Zr 0.29272768320847564 18.140603987098398 0.5730947692954197 5.583446716483466 0.10548611931089222 2.2117321041229316
Ta Ir 0.5994300954261438 6.768217994184715 0.32494674517647376 28.876628563567007 0.07221743691894919 3.0311962468150506
Sc Sn 0.24694950521022058 3.0952972528702234 0.2903020140006086 16.027647068927262 0.4135061917927858 7.645268229850731
Zr Ho 0.22449941798473116 31.610390045160095 0.5660301570616608 8.402135716408452 0.2036967729870185 3.5053057651495614
P La 0.13028895733817644 36.36418793912366 0.5526653002432133 9.641818048002387 0.30808938041908557 3.113611624213594
Fe Ag 0.10125468719077094 26.282977654834582 0.4929528152079496 10.720036881230047 0.36803000477017006 3.8137848166525563
Ag Yb 0.5851895372418605 11.09074911553322 0.34319586599598645 85.19579554683119 0.2975449504653482 3.9732753982251
He Be 0.8113702449109703 3.046856473842019 0.22893435705873247 21.600920329155326 0.007572288520195396 1.4402492004323138e-21
Ti Bi 0.19951467438180753 37.81125761881007 0.19734362852879062 3.1427887545735844 0.6144257879674172 8.672837338217942
S Po 0.2093662972493127 3.073337506418469 0.604107216055677 8.624775045305295 0.1861578057432985 35.958868399503615
Na Ho 0.5595731481684332 8.763317755775256 0.276772734958843 3.574413748180719 0.17824057398834575 38.57114525276269
O Xe 0.4928564114421406 12.997974466246117 0.45516456694859697 3.5867114560559177 0.0035945602524415005 3.5851367083964956
Ti Ir 0.20665339530436602 40.631505614222114 0.2866916087870945 3.8326474202427554 0.532156256912979 9.296561554635828
K Sr 0.19406297587948929 24.2510287561372 0.6118152777035328 7.198479387423508 0.17431927900158123 2.5228596058719157
S Yb 0.5225036508236777 6.282496383050209 0.10755525334272616 2.6952232778036804 0.3292716454920798 17.040887014517967
Ru La 0.47654554068702193 8.685622449252492 0.26590323305531294 24.93039108219825 0.24391046468672634 3.2294996528018904
Mn Nd 0.22464136122777903 22.788946112723277 0.3804676402132597 9.26121999596796 0.36794779698010116 4.168140967981482
Ta Bi 0.6123148606640751 7.183151457811251 0.31201212201666495 31.316988571822137 0.08243745681612527 2.9032317511634624
Ag Po 0.18825321678508547 3.209312190577816 0.22305471373930452 29.45395979551898 0.5674604903701158 8.7778778236414
Fe Pt 0.5504984547867614 9.385646136947052 0.20793687412862144 44.10565039026177 0.27504803285498086 3.8585290399994165
Cu Zn 0.19109171476882833 24.8323495420233 0.47437432809065594 8.59285493141623 0.3320858767637769 3.745383520224302
P Er 0.16816531355455136 35.91305684801983 0.5830714219444864 8.672727969776036 0.24596862872751513 3.426913834152769
Li Al 0.29597835148004087 2.873719724007616 0.22605595061548486 2.873749252155887 0.44829441428924827 10.096183948926997
Zr Ce 0.18808653309445783 3.1725506376957964 0.543257539172033 7.93466750441282 0.25832480890181814 26.430515961177214
Y Th 0.1460525132939341 2.8732589972824134 0.2933672905147182 21.570249213104333 0.5340733146257879 7.894815954160936
Hg Bi 0.08357157766017807 2.7440265750570227 0.6390143096316773 7.451358961807716 0.34443624311321 38.25260737630979
Y Gd 0.18919010833304897 41.42640669567234 0.5724631008837853 9.447805763682233 0.25622305727790595 3.6944231335874713
Ru Er 0.22967295150537223 30.21954211043966 0.2101647440663616 3.594596524592599 0.5483388201725113 8.491510098923381
Ir Pt 0.6237917385943241 7.008638849381969 0.3215630911686098 33.14689950377078 0.07269408742525688 2.874281333814949
Ti Cd 0.11974495152704374 20.8759009914115 0.327643398212763 3.4743628414494903 0.5045326963948717 9.937374460377873
N V 0.2579966301797248 19.057580708894985 0.2328214627375211 4.594841886878893 0.5053214410357812 4.59510469944131
Na Ce 0.26027089055334063 3.175623605108108 0.5562004210405794 8.121915217451354 0.17075853595356566 30.49631190465922
Er Th 0.5895463199210432 7.081347678311132 0.2996176970259722 23.41240031829271 0.0728925465292207 2.6428089089472944
Ho Pt 0.5921414663197 6.887404702427493 0.31658034773332905 27.610051752923233 0.07900717247953884 2.9964200737456204
N Bi 0.537903551916652 11.53571001050583 21264972.43009472 552.3301325707961 0.37136264922194717 3.6733558415703262
Xe Er 0.15081043092219276 3.08743341007111 0.261597998696263 26.144976498277018 0.561488776972178 7.946177539177033
Pt Th 0.2784188075451825 24.856106788823556 0.6048276598085554 7.281289866454801 0.07768853998788385 2.6474468742342303
Ge Cd 0.4341099502065294 7.122522106795351 0.2104788218008083 3.2550972680765358 0.31931195428803893 18.297946877068185
Be Sn 0.37443542993055967 6.032209207145238 0.3149473003259168 17.560340463887883 0.2775216638833508 2.951142261616281
Li Ag 0.06578870134742366 2.5103701327899346 0.40657326743351757 14.502492345631264 0.48790505200393774 4.082864586559213
Ra Ra 0.3890564522546232 47.977925975332504 0.6501955185072661 8.008395471596119 0.10109301953895013 2.691720855683307
Cu Gd 0.4688260259512269 7.496146844939183 0.26925548227592333 19.086502038512933 0.2186439006508507 3.7041526539308607
Cd I 0.13433250608767322 45.720339713870295 0.5839871226780602 11.43846628701453 0.2942488788404526 3.3980939230833833
Kr Pt 0.19934063661464624 39.908705922517775 0.5521147424970791 9.747328326664377 0.26570416936257474 3.76311190746836
Cu Th 0.30231998449900405 3.7905955157972633 0.5961570915525392 11.288077589529628 0.1580907143312698 60.822938594606356
Sn Ce 0.5689559770181308 9.184202826224949 0.20880532064485618 31.550066910294237 0.21672905698136644 3.267501545136871
N Ir 0.44665746401466455 12.287027600443915 1970068.2447003368 487.32240310940335 0.4619365926045046 4.319777107679027
K I 0.24709357797847817 2.9034701904877958 0.14688194543639863 23.435078442184235 0.567570235378983 8.898297379135169
Li Pt 0.5298352575947272 10.648652120554575 0.3584768086182785 3.6806838609834664 0.12965046054684903 57.1890226495529
Eu Bi 0.10190293188076524 2.9450890023540506 0.3060301507888864 30.956156293155818 0.6028080525507638 7.474584912296494
La Po 0.15405968241799298 2.9729000607212157 0.29201474892119017 32.118012026632144 0.5706641592188499 8.069690799469193
Be C 0.3936751656038751 5.752467117632025 0.5223030835521323 3.577635130960044 0.28319240532507495 64.53789044932617
Mg Si 0.3683217821496626 2.96476413137193 0.5152464764331605 7.713944693269329 0.11483364596079172 30.692113624652325
Ge Ir 0.5380964294204262 9.584603491630808 0.2778283869650487 3.9157840943541635 0.20609218013208017 39.80103731501889
Br Nd 0.1541503459314047 3.0241542346111787 0.2919828096884116 22.141443865350233 0.5270258087880175 7.139493213094777
Xe La 0.2939844276679522 3.336350214156369 0.2197636919446217 23.2268563490247 0.45304203754158656 10.444151392475232
Ge Bi 0.5776397732345834 9.947757763152792 0.1891008948260203 46.20564537342722 0.26127344356674526 3.7123991535183793
Mn Se 0.3204912706574861 3.6464425242354888 0.15114779981794474 28.702249367139956 0.5181612939549776 8.842996342815356
S Cr 0.4725712841121137 11.781611991344924 12.789414235925669 189.04047297168228 0.48456525339381945 3.803964695249132
Ti V 0.1930735412886186 11.769002006867982 0.229251978192617 18.708855629949895 0.573737126858304 4.370325795300997
Na As 0.34321225125468663 3.4515277808712583 0.35973795639402867 7.047781456729023 0.26712107390789 16.5324507678537
N Cd 0.22676431650546502 19.642032435937086 0.2768113041611825 9.187486692207488 0.4678487823768017 3.776390250366626
Sn Ho 0.5649757841398703 8.615034181643136 0.22566796706187234 29.45674851667696 0.19188365906656282 3.4033381861628604
Ga Sn 0.3987873040014615 7.471916405903385 0.31759136644320723 17.81290866675911 0.2428890253820464 3.3930563513396743
Eu Ir 0.31283501821596016 27.125685294416126 0.10306713411558045 3.184166318318312 0.5716224478884359 7.082231357598864
La Yb 0.4727104303108184 6.34669713439883 0.09281200306364495 2.712507863409618 0.37290395205626853 17.15050748526828
Kr Ag 0.4500726650322848 7.4022847048943765 0.2110050001274087 3.1801954162977917 0.3090827689761322 19.423392081635978
K Xe 0.22104385613937874 2.7574258977514963 0.5516230499469003 8.316310549856947 0.18667485832292444 21.114533010749724
O Sr 2.8253328632027722e-08 4.164253159195011 0.4062469612562688 14.336889447015128 0.5576242698210301 4.010152262416212
N Yb 0.4988491082938935 10.42695104214307 0.12799480768985214 48.164494657076744 0.3836663866918317 4.013205751190107
Ga Er 0.20343993514498807 3.5702035297518457 0.24750654432834554 27.959500586178823 0.5440217908318602 7.952521731477315
Li Zr 0.4803705465663081 12.081103479761813 0.4742571010865522 3.379493617982974 4.467835965368892e-08 3.4057162381981234
Cu Eu 0.4838591904629732 7.777715760077845 0.2321963513119278 3.6793748141322893 0.26099488420531713 23.11111098458667
Cd Xe 0.1321481608158836 43.22703580667847 0.2875814258399187 3.3578940634144447 0.5849753701142626 11.322903781507584
Be La 0.38254978468406686 3.0900775184509004 0.2583447066842955 21.016802054178136 0.3322405454677181 7.783528037020009
Nd Er 0.34750646825272163 22.64280347423566 0.5767752848230706 6.250982273106559 0.04829193198982149 2.4418370373944818
I Pt 0.5598251474432488 8.210869271602963 0.16069405517369054 3.137964053181955 0.2524204191030025 27.127972710933694
N Po 0.36390142568890343 3.6021916113686996 0.5457631261421502 11.533584360852592 25534425.567385904 557.5464812301293
Br Ce 0.5191058972668144 6.850739351030411 0.3129672901954187 21.017212344858773 0.13999704142573396 2.868175012172981
La Ir 0.5459189216630084 7.338895191288397 0.30575006306730007 26.257077999596547 0.13346996416250845 3.003620446202159
Kr Zr 0.06803575949522929 2.151708918554766 0.38221382598045434 17.336851628596552 0.522128039833313 5.582796041571637
Gd Ho 0.13859684869575256 3.4974415751583705 0.5832426181370204 7.506048961078014 0.2531869130722699 28.057409683288853
Sn Nd 0.5719411476804996 9.086247699020163 0.21104165360741728 3.306836197587949 0.21157557875254585 31.85600065800496
Ga La 0.38679319203950674 7.702729103340326 0.26235805631157066 3.4019191076247455 0.31753387317116727 19.18598903151883
Eu Yb 0.05295934561882756 2.5923660021958344 0.34208318751780253 18.44305134778272 0.5418695247386255 6.304135559598395
Ti Cr 0.6018924955377494 4.509594219102371 0.27572208903300977 14.114461765929306 0.12136728770398429 22.809011017660797
Na Se 0.37173282079366504 6.46558808375237 0.30505403469945386 3.3458507286744754 0.29198345619918675 16.19501499023846
Mn As 0.509471520397735 8.494515471358508 0.1673806403792493 26.93730168267734 0.31283981115192766 3.6506470781653273
Ge Po 0.26011673895243437 3.684756126803211 0.18426933678795943 47.51632682473248 0.5832025637206137 10.040335677955797
S V 0.45620581725314696 3.6329095699773823 1.3480711760730129 127.93006477160311 0.4983340256137324 11.22071723274955
Br Ho 0.202754654153228 3.4818293156854083 0.5387979741633582 8.04727115857826 0.24675197724223535 27.47381547337583
Ge Yb 0.49795272926732004 7.22486044602161 0.29661089358439285 18.65206695946144 0.16224934971476834 3.38219357380976
La Bi 0.5696713856031784 7.97124297268501 0.29477745523176335 31.490540677263475 0.15048418820723172 2.966767716147945
Be Er 0.624067987236964 7.674644157964131 0.17613793673915915 33.64950905854269 0.19448666300738957 2.9518206755540306
Mg Al 0.3326077922567306 2.8159045543550008 0.5423476381295522 7.233665870029549 0.12227171704171678 28.896466262031943
Eu Po 0.30330427278100835 31.370347303505586 0.6044109400235355 7.548770219367768 0.10399175490051346 2.940651888743297
Sn Tm 0.5622088310115715 8.457953149362785 0.18436659455116755 3.3794459967318424 0.23130858045829425 28.41911329365225
Eu Au 0.09457990310639958 3.009133190735383 0.5873617661577101 7.12935092439084 0.3087579685252042 28.019747282017587
Li Pb 0.11769716386783571 60.57657308804094 0.585852197680688 10.512752212146195 0.307764418866683 3.1853056427864037
Kr In 0.30812591295609654 19.482980149305096 0.2005576477880182 3.0952009645328302 0.45978787129284987 7.406011703508251
K Sm 0.1948260415629883 26.062259171664987 0.22580161116811073 3.3078860180321255 0.5534311606430969 8.112209314541664
N Pd 0.3833275631812552 15.692851452235354 0.5699294607556838 4.20729193650577 0.015287923937487001 4.2073235045969675
Ge Au 0.5600782941853187 9.508850332495717 0.20020076744951676 40.78338660938694 0.25900204871161975 3.7673300799979055
Xe Pr 0.6627089581704467 7.839059557117267 0.33557205290461417 25.36228487161376 0.18735540580795473 3.158246677155791
Cu Cs 0.19738700860042627 22.536082858150774 0.3567043346935248 3.836944137542406 0.4133107679759248 9.942249748009694
Cd Sm 0.22434103625388138 31.430969526987287 0.5675703171771694 8.772061426588824 0.20391441329567886 3.3553433470317415
Li Os 0.38387727307011754 3.8657611684364923 0.5016296857644794 10.734462739037667 0.12735557648416823 53.583908981119585
Be O 0.7156996642744037 105.63488861749781 0.05624239742953351 17.189964410362652 0.8840176593425171 4.555127519564586
Be Pm 0.20628749030861782 27.112468154954758 0.58192031389694 6.919433749743461 0.1962997443405408 2.8084422173773116
O Ga 0.5894289122757592 4.284815086716029 0.37639310732530246 14.193583001500324 0.005692617695952675 4.284344901654467
N Au 0.40725815536000476 3.982309383395044 1282166.2938479693 475.0734234983063 0.4970553684849621 11.566001075984152
Ho Pb 0.3124442317520919 30.556420666572233 0.0910954488744611 2.9641873596579575 0.604224373744054 7.263308709505358
Xe U 0.5636337202841804 9.6035730256625 0.21036901492240534 32.270215503367254 0.20897978569931927 3.3743680047090505
I At 0.5838584382437643 9.219822799897361 0.1893087853775912 3.1525017610241206 0.2229930768591457 33.559836473489774
Kr Os 0.2687875596474701 3.8163667308942357 0.5401713192300068 9.595135358741116 0.20525455852133356 37.835997980037234
Sn Ba 0.20852139089463853 30.450786789730433 0.23625336219474688 3.287370542882928 0.5484434289621606 9.40477577010705
Ga Pm 0.532462630885898 7.194872087100388 0.16480290597611913 3.221392860575844 0.2805691807555419 22.767893679173998
Mg Mn 0.41073892176384325 3.5125706897202607 0.2656734089119085 78.5342039329386 0.521537690114335 9.805414309209244
Kr Pb 0.23929074255325467 3.5324825323888387 0.18674845398104542 40.07650202025914 0.5846060935126516 9.721509844209725
Sc Br 0.18352232531020218 25.161893120871408 0.21346906791376444 2.9244353543497956 0.5875209417896291 7.536094153038129
Li In 0.45116157264097473 4.770074183396865 0.36801511047477686 15.820211038111603 0.14557193514512007 2.487001037871663
P Ge 0.40934051026019985 7.611153900936583 0.2257589035855988 20.806451386124614 0.34923416428468085 3.557384589714876
Ho Os 0.06770467775164929 2.9504507075000275 0.32707369356544996 26.263442484615855 0.5885529128228879 6.654307792569303
Br Sb 0.30298600245965235 19.21834380652318 0.4326703116212788 7.758604871085151 0.22941991418438734 3.2350913202376073
Xe Dy 0.2515153589676416 26.649163958821976 0.5618561206386009 8.165109482395648 0.1621388653360729 3.1242545889528865
Nd Pm 0.34107462190999455 22.73035886231483 0.5584145927192511 6.3748853332382485 0.07757825990293883 2.881865412588697
Ge Pd 0.4279461580667205 7.018568407562045 0.21408837092773197 3.31770001350123 0.3228893973202129 18.125294621999235
I Lu 0.5872292017523625 9.926752554642917 0.24367076789362402 3.631346577039419 0.16077228673793956 41.095318873220336
Be Dy 0.6143311694714677 7.408717083074995 0.19099198131677686 2.922825718918395 0.1851040859041346 31.078603656740313
Cu Te 0.38148138905366297 3.8240435730393165 0.15045391494227506 86.70412559976747 0.5468190279965088 12.448871982800187
Cd Tb 0.19000489216642294 3.3652154682751196 0.5669047216127779 8.482651364297348 0.23195738796241194 30.002721689057434
Li Lu 0.6108895750833897 8.172722724467846 0.22882789868938866 3.069768121039245 0.14833654727722798 35.722788875679484
Br Tm 0.24363605878372363 29.132619663379224 0.5387966408385991 8.24789622748144 0.21331635499178128 3.5507943177050265
K Pa 0.189166315673885 36.288958315429824 0.2344675639969788 3.406577060762483 0.589693888916347 9.207687325593504
N Nb 0.1190446513384268 4.191619902794017 0.47105083385302 4.191331419737959 0.37614677062940055 15.361759796167656
K Tb 0.19496963388755004 27.147050627796435 0.21490871356667549 3.3513095854987545 0.5656998697008216 8.035425932623951
La Au 0.12585992273085353 2.8714538738468574 0.5588132278792126 7.352158761290817 0.3039353535431242 27.144843624724874
Be U 0.06026386725244169 2.5988108722106245 0.44976135314625904 15.046121571053893 0.43060582697972816 4.560141747039168
Gd Tm 0.2538864234149825 26.90296240382027 0.12063819833821883 3.35104462522718 0.5924598834663057 7.350526213140732
Cd Pa 0.5747610259155462 9.708000851668798 0.20258229063095298 32.00430616067586 0.21983773087708267 3.493810686588902
Ga Pr 0.2851183868212746 21.92801877033787 0.17396941817541267 3.2103886252647116 0.5157877728132039 7.2005266487065915
Li At 0.5787965776795609 11.25757256330882 0.16601169427153434 83.13986743665133 0.32824524775255415 3.1577581686279594
Nd Dy 0.5726364750424727 6.225736129880343 0.3485762088931947 22.432199233046237 0.051322168214824423 2.548796697722802
Ge Nb 0.20733661269328163 22.193792118185236 0.3103627365840561 3.664734362329871 0.4567284339282473 8.910929498355546
I Os 0.15626793999427926 3.159333061360633 0.5549914885099679 8.041579333616818 0.2610228783839309 26.352076836295442
Ho Lu 0.029531203683133975 2.292715094187525 0.33502460749772 20.327910211318848 0.5809800117589409 5.990523817637657
Br Ba 0.15246091344681903 2.878635912461372 0.32325988017298435 20.26631920626158 0.4947774879102973 6.820871946202292
Xe Pm 0.19032950969247356 3.14763783678594 0.2284237416799349 27.606068355183726 0.5599463629906544 8.731269266996966
P Br 0.2320793467700532 2.940692751469825 0.2303623588956882 20.42554850948726 0.5144594772549971 6.888059503059301
Ga U 0.30784874184893823 3.9798614367730685 0.32240814819822666 85.83684959763404 0.5766567770925445 11.36821556967116
Be Pr 0.22076698230458944 25.212187996131007 0.19197991698181763 2.701744104529453 0.5690049325014914 6.646664693835956
Mg Ti 0.587381424298643 8.23108524344343 0.3100693157874446 2.9351734456666496 0.1327131127635125 36.60286753798776
Sc Ge 0.20213757805162189 25.770596157823178 0.23640579048378704 3.159279324042247 0.5591405556701097 7.431039233382647
Kr At 0.17113942190858883 38.36698239470067 0.22744229577412542 3.4238884366084905 0.5969859200497037 9.738012261631166
Sn Sb 0.30482124353451134 3.4590009477683976 0.10832124566870995 45.29126765391328 0.5840572846618494 11.74825022729387
Ga Dy 0.5472598486191084 7.563713607234364 0.2610497947178021 25.640354179334576 0.17906230306857002 3.4211259614120944
Y Y 0.05312315657705786 1.961736744171666 0.4254912373178784 16.798629081720684 0.49787153523469446 5.211797679736653
Kr Lu 0.06491312925490932 2.554666626704988 0.5187281127094194 5.885990391751446 0.3689490511913194 17.37444485062899
Nd U 0.24462753905295173 34.712470181506 0.244311852691403 3.948586486397156 0.5161034032637895 9.533799227933871
I Pb 0.17853932766908281 3.1455250579836145 0.2373125669671462 31.609624265046545 0.5781245304770221 8.832332075273145
O Kr 0.5347814095559644 3.923063017333798 0.41865332473277994 13.260034153226647 13718235.664916068 552.4616629826882
Ho At 0.10101693108511065 2.988256342447115 0.30295109967818395 32.38918970040447 0.6096602916250634 7.549455304489235
Ce Re 0.5446752704090707 7.108644691633475 0.1210182815825371 3.2181872474351043 0.3153596774807757 25.313661627144196
Y Mo 0.3064990555321886 19.782308586506137 0.22988411950271198 3.267503086277933 0.4397237843264984 7.545420285728344
Tc Pr 0.5375522362572087 8.797973687214773 0.22972695127594026 30.485876405078393 0.23201014749972654 3.488862141633436
Mn Au 0.2514944330181275 3.6699840649254134 0.20887872672359262 45.280798106975325 0.5750975557883008 9.18216150419336
K Sc 0.28951360762501566 2.9353632032146266 0.4925642492386268 7.575553070264243 0.21911376582707587 19.803873404913034
S Tm 0.572884329131333 8.565002382288595 0.24259545766881999 3.446362499164988 0.17501275614205558 33.06747559150608
Ce Tl 0.5874872982351246 7.624565561128137 0.299961384450076 29.900194849199316 0.12005263213028834 3.0059340232505063
Sc In 0.31035077681343404 15.255850681280801 0.2599293615370293 3.172128123036913 0.3780239959732456 7.59283817495468
Mg Pr 0.576084103384946 7.346944911713184 0.19390970293626594 2.8755197909935997 0.2075049952258868 24.979780098512485
Be Ti 0.1733022610348358 23.98193173490089 0.5539829724383516 3.695659875696105 0.27118028804741007 7.681154516239666
Ag Tm 0.1868014951467549 3.427021757602094 0.5587661270617661 8.302443565076434 0.2374700186740943 28.957524201312822
Li Br 0.36644211079082667 3.0453157197672613 0.541784543990007 105.59813339740273 0.5616409704996398 9.378134297498923
W Au 0.3187709410879359 30.003218449943986 0.6129446417500476 6.856752806840915 0.06726610956440383 2.826949436276982
S Ba 0.19355771014602363 24.83739051974127 0.5788307695965992 7.613500364643195 0.1986115535045135 2.7848220472516503
Ru Lu 0.40351732780900396 86.51278945758392 0.550525166229856 11.133100423922105 0.3284637628276188 4.111357764834018
Mn Pd 0.5150316290458833 11.821767771797322 0.06760098409462645 52.13252614746092 0.4044036875590293 3.947083895062931
Yb Os 0.14682347673179405 3.623271741294124 0.5691588081566714 7.768869153564771 0.2494358746811601 27.522165616327555
Na Nb 0.28205003180860855 18.83426264517491 0.11711930025371091 2.4315230132019967 0.5727495284797472 5.600441227034629
Er Ac 0.0689599965267868 2.5994792000115092 0.30198496398198066 23.263587894571916 0.5907755036542512 7.010051008505891
O Hf 0.2567388903210035 73.03099701756307 0.43868114424351523 11.618899544753603 0.4538788487874074 4.344929548721775
Tc Dy 0.22489291357273272 31.948824233844217 0.22187229023707739 3.6317794191948347 0.5497821171372042 8.687543603210335
Ti Sb 0.2684344695112944 16.44612134755452 0.26534919837912535 3.1806642797427855 0.41703983703713693 8.178987827436767
P At 0.20069960863054445 2.9888354742295076 0.18807683124226687 34.499494165838726 0.6053499635368411 8.448083698589654
Mg U 0.2756448740276927 19.399923124944845 0.48120618702850665 7.200326399092003 0.18864761504911243 3.154294672381737
Sc Pb 0.1925771722430478 3.0684459377486193 0.1963924562144517 35.59443439372064 0.6134047089572765 8.52973756421267
P Lu 0.5250204346339452 7.815998374987639 0.2225649387157586 3.3453391119673554 0.22114041567804535 21.305520298375466
Fe Pm 0.24765714626453192 22.52141737269596 0.39501245583217887 8.5704997591371 0.3318907342352632 4.1032776760019205
Cu Cu 0.20149487218950446 24.522658316567323 0.3695972575969701 3.8842953196265686 0.43278202663985726 8.823552776482352
Ag Ba 0.21930422665696836 29.89698031455235 0.2413223966641744 3.3476885878941216 0.5348628108171447 9.210853029275086
Mg Dy 0.20589434085190683 3.1656103229888495 0.1905358174418676 29.680689263497417 0.5940185767860571 7.912098816555267
Sc Os 0.5190503744764913 9.106821560468468 0.20286443590276465 35.91133880830343 0.2877302931852466 3.825694532757529
Zr Nb 0.252960627649499 22.98324175973986 0.47362904610833806 8.2959452833598 0.25895273411115627 3.363781807152517
Y Ac 0.1429217668401441 2.864540491446837 0.29714013481266616 21.40441473133821 0.5332865342381854 7.799105377373041
Ru At 0.21360651923321672 34.9980732071096 0.19992703040466495 3.2818074622563707 0.5867877561481354 9.14220823903124
Yb Pb 0.20752852260990556 37.79049754363664 0.5992633990441913 8.977089873432067 0.18876102222094748 3.692868163488834
O Rn 16427340.23639695 555.1719510570374 0.5513829435270188 11.608371931972549 0.3599052897805536 3.578475831615512
Tc U 0.2635431018415005 3.8147502632357804 0.1836085901815067 42.64318056136233 0.5641470175952471 10.464300174956135
Fe Pr 0.37182736609368544 4.1620597413317535 0.23805993576314527 21.344559015111106 0.3582884620047876 9.212554297303448
P In 0.36481867517469246 3.4870591313745725 0.07847569758179465 37.89930432890094 0.5305933156566941 10.431136743782977
Li Ge 0.31243628468813867 3.05607022285924 0.19130052838362785 61.88303026509828 0.5959737711020867 8.110378087346385
Ce Rn 0.6033406894283965 7.776306249186114 0.11413682236163272 2.822497189750813 0.2925177789558398 31.370155720521232
Zr Au 0.2102917073086251 33.191652916241836 0.21236043648784708 3.4555239503248605 0.5711734463430425 8.89896404262597
Be Mn 0.2759981023393923 8.709469660048017 0.15057126913569496 31.721765729631002 0.5889541201597137 4.109111138728863
Ru In 0.24298547822668107 23.472548935536512 0.48410089352778435 8.839592388994957 0.25041577002450505 3.3146567050224185
K Fe 0.35169992011796136 7.705909402758319 0.24972976379877734 20.66656977099861 0.3988598030915297 3.8484401412057876
Po U 0.13101868527607566 3.2026223428598954 0.3117155187310762 44.153673857593176 0.6310904618774134 8.551390577012677
Ti Tm 0.13193270706274696 3.0471924106126433 0.24998567409714892 24.77613845386388 0.5955759525037513 7.073241862668732
Bi At 0.09367895329683137 2.751667531508059 0.35228666716923074 41.99112698556933 0.6435235278912406 7.735286234828308
Na Au 0.5518350003321614 9.382710198278904 0.29516973634387556 3.523476804030407 0.19732494325076008 48.41356081269816
Ce Hf 0.09790605955245456 3.0387663381169125 0.3306170641841012 23.94967462600934 0.5480088085568507 6.729133107309269
Y Rh 0.4301193820653031 8.354425019207909 0.2753590942804014 20.756429361172124 0.26897933610785074 3.455287634536693
Yb At 0.1852542849410914 3.602903105330186 0.21869742926190902 44.05827475520179 0.6186452443918996 9.224073992678937
O Tl 0.532501627494068 11.380705649025913 0.37538154232153226 3.787522791945838 42581659.358764045 569.5810498035711
Ir U 0.5868348966761155 8.48779813446641 0.1563121207166957 3.580734979577236 0.2712680702778661 36.827701194439214
Ru Pb 0.21702583662727315 34.12678742582825 0.5801513380119862 8.991105954967539 0.20175163217404038 3.3206110091616554
Mg Pm 0.5805053594826227 7.710587173420066 0.194006800951955 27.245363483204834 0.2094321358719319 3.027196542127437
Sc Lu 0.26537098994552155 20.827421259238402 0.5500165669753002 7.068639943647844 0.15412446268846036 3.1465950040806745
Zr Pd 0.2591106558689965 3.385451529118695 0.4560527569905723 8.445954594248166 0.2619910069674332 21.934332371258304
P Os 0.29869974080072903 3.7267116260796973 0.5301845689934702 9.29570123988847 0.18276700730950216 38.36470227676675
Fe Dy 0.4984514133242148 7.7362740603800715 0.25192473865875376 25.026495472416357 0.23336688138292033 3.8236343626934577
Ag Sb 0.5597256957008471 10.889769018425499 0.29050477475076586 3.3942084499393763 0.14183221025125048 35.13540155439555
Sc At 0.17753985979520434 2.9330179297648518 0.19304915315728113 36.044231216982915 0.6292945759122089 8.486545028306217
P Pb 0.2315085118887188 3.253608840546258 0.18712886585023128 34.06646212056135 0.5762794752711643 8.62065328262038
Fe U 0.3507887924684224 4.201441637426438 9.838173066796896 177.68283060593623 0.5404659668849232 11.570730816852056
Yb Lu 0.07453532646011107 3.0614471008641555 0.49104865494286815 6.32772860492312 0.35459517469039303 15.15145037983014
Na Pd 0.1696467129607072 25.062599976984817 0.30709604667696233 3.2667210903706434 0.4972303250989741 8.015140992130572
O Re 0.4368563485162087 12.286127803236779 0.7162044618468844 108.52459828437843 0.4673616839540652 4.406378101281959
Tc Pm 0.2285175597932798 3.5381280863481277 0.22860047480877826 31.299986989428856 0.5432377591405503 8.770122264132493
Ti Ba 0.21450937256802505 3.1560935461126345 0.4922337912829976 7.4076641123277165 0.26165231265186734 20.395245052806867
K K 0.24588895636247662 2.5633842959637767 0.24137792035452293 17.690694867767125 0.5124766483928217 7.078339876150265
S Sb 0.5635790083469994 10.375012669571984 0.334733864737122 3.322765859025871 0.07797745059522249 40.372955434640865
Ru Os 0.21400290482811743 27.626767871618878 0.23675594336789846 3.7108752717659774 0.5170949411908574 8.857463983293753
Mn Nb 0.07341971015622235 61.01362656179353 0.44563515808955306 4.137707086481615 0.4828633307164662 12.237682303441467
O Ra 0.4345438288430793 10.005945577443551 0.335729629002642 3.4854992790236325 0.16294990006652318 18.363854207041694
Er Ta 0.5980021707005075 6.252289484553977 0.038023473486987404 2.517404574150269 0.3438431390635696 24.89060892565567
Ag Ce 0.22187543587419897 3.3348721420469 0.5571005502435264 9.002519002158147 0.2199742673285798 31.409178880699727
Mg Er 0.22202987775111194 3.263477025577278 0.5898876027803575 8.226986828235786 0.18318154312091794 31.93837363295361
Be Al 0.0062254060764143524 1.2168144881556296e-14 0.3941092509009433 11.36093947967066 0.5736157897081929 3.214888787732952
Sc Pt 0.5546111798474297 8.904191908169418 0.25228225528098347 3.555368587873597 0.1987905168341458 35.706278439482226
Y Fr 0.5889782047477117 9.079727499079777 0.1968410959843386 30.230235126837513 0.19125582953573037 3.1654486910213775
Y Ta 0.317858205096908 4.040009869224 0.18214142237820455 35.61231534622302 0.49425544442723945 10.27868005971373
S Ce 0.20220470044395966 2.9179897453368286 0.1898523960242067 25.456133220322176 0.5801273512167098 7.732496129402553
Mn Cd 0.3620528260633936 3.7146800823135844 0.5334649631635048 11.02904055107041 0.07642200984719251 36.46437504916735
N Se 0.40307822681409494 13.892284274248663 0.4918353393844682 4.070562881583057 0.07345631783186403 4.070371777484514
Yb Pt 0.2239075966680433 30.126847815646236 0.17365229007786107 3.730532749820423 0.5701615486996634 8.273961176962013
Er Fr 0.09713860000136065 2.891400291741294 0.3017838573016519 33.10707495794388 0.6167160564850578 7.5910901542654186
Tc Er 0.22380813684378545 31.466288677361103 0.21744130550186141 3.628556965761654 0.5511335424968079 8.627861294937254
Sc Ag 0.3561585806375681 3.5556178904711278 0.5450795578922889 10.862682974365459 0.05118239239499778 28.275966997625126
Zr Yb 0.24200086578973928 3.6852667932045007 0.15408137636370856 40.65538161682356 0.5996516791383919 9.629123987153488
Mg La 0.3214778404713534 3.130019536283693 0.14902320343938397 33.62173844174767 0.5251767983856911 9.379159585244796
Fe Sn 0.17169554172792661 20.505990631688753 0.45888386973257955 9.688649889114389 0.32659038568507776 3.607172778671786
Ag Ho 0.5594985065933465 8.407115422255135 0.19285036831599214 3.4465857761791465 0.23464943111264716 29.681358624523636
P Zr 0.156921586092425 24.944275440525235 0.26721989007459584 3.0634381524180903 0.5491573014582494 7.962800972637693
W Ir 0.07264242602325555 3.0141993895510515 0.6049405514453623 6.821775158776717 0.3239788916303245 29.808791319165774
Na Po 0.2188397362907653 26.759372815176302 0.2024704326201664 3.0365132005637685 0.5524866075150224 7.666206462521098
Ge Se 0.10867940632097506 44.65548662105935 0.5109824083908182 11.24394207476157 0.3967502335732898 3.9609705106775417
Mn Bi 0.23272096869248546 3.4469857518103284 0.22517486001782427 53.9234903957334 0.609660000384801 9.338999306420865
Tc La 0.2747856505672425 24.40554941766117 0.23431981083495762 3.194300354070885 0.4764987255678903 8.423879923118003
Ti Nd 0.2897865640324494 3.7583654407488774 0.43542581881297215 8.182497790535644 0.24671522617435315 21.84328792206641
O Tc 0.35679158839739267 16.132885883995023 0.6079019120208198 4.354535621528641 6.940596739693146e-10 4.357735266827359
Na Yb 0.19718169920501255 3.1891094908910613 0.20596872983326062 23.116614142740296 0.5678999814093874 7.667307753125959
Mn Ir 0.20512550718396497 42.5034103618838 0.2941919024546638 3.9648012704262348 0.5290548702605167 9.464893286206452
S Ho 0.5694605794352414 8.61790918086979 0.16958783805737537 32.59114104206266 0.2487257003688959 3.4665507274378107
Zr Po 0.17819032940723514 3.180305851384907 0.22128236978901547 30.183945618858655 0.5846562989125019 8.54980017339151
W Bi 0.08069796120505422 2.8711587905656586 0.6155729192336724 7.190963309042138 0.31083307268378935 31.599205335424436
N As 0.39599715080067005 12.918404843748313 3981311.425566894 516.0057930278251 0.5572292227757369 4.097988933643984
Er Hg 0.08681180925167518 3.002086053595406 0.6005767504347981 7.122001073139979 0.3152949350504972 29.637411537349006
Na Cd 0.15722540088308426 25.71625201329111 0.5169314210487027 8.276389107049706 0.2985551769345015 3.148213701182935
Ti Ce 0.4565376746742443 7.801874833653685 0.2584066219008903 21.165960253565412 0.2569051782599446 3.5134398802961595
Ru Pt 0.2233775647776433 27.136906924918915 0.5399110296031037 8.474347130402084 0.2033245105705121 3.471544057606983
Y W 0.49522044030002155 10.430901065959466 0.1793604866496179 36.601772461160145 0.3220761273191493 4.066160605854574
Be Si 0.0029046798718440963 1.1916141988291832e-12 0.3728274275272188 12.308389187151425 0.6017691618749305 3.2962601911684626
Y Hg 0.2508114143224525 3.628574075533552 0.19625191517530727 39.30965722964568 0.5668693201718147 9.812232048728145
Zr Cd 0.46847069996239704 7.941065503429594 0.2838975989141261 21.232387739228447 0.22271482508429066 3.1876283598303545
P Pt 0.5524666216037701 8.633769880844667 0.19019758904409145 33.41267505815529 0.2529316402918414 3.480848422342445
Fe Er 0.5343113263856951 7.670286186257268 0.2067721342936567 3.6752874863353937 0.24720448055228628 26.573161605172974
Er W 0.04387699983040095 2.6322821314487808 0.33927494816678067 25.1894329920687 0.5967323610791198 6.341336058617721
W Po 0.3087093723617617 31.820950989439037 0.08211762517423142 2.8630137438748973 0.6165391015291514 7.2478563989866585
Zr Bi 0.18711755689864784 3.244094361300069 0.2174517204451719 31.426978242089927 0.5846799500237159 8.68586972228069
Ru Ag 0.47912608073879387 9.139366531311705 0.2298279938692983 24.102900036367277 0.2707998152697163 3.3965919115534713
Mn Yb 0.1064195119681417 3.0728520181603702 0.3198893710302895 17.982950990160226 0.5343051526870201 6.423022642930889
K Ni 0.22697642833672813 22.33627141044276 0.4146812972453027 3.930753825776577 0.3581756068789566 8.170306667104706
S Nd 0.5711028937936361 7.9630887432746205 0.21756004457753186 3.0976652870751016 0.1873542463330819 26.511217584980415
Tc Sn 0.24300612318561954 23.733043803676836 0.24575600640671044 3.2979695211472504 0.4899459214368284 8.795107107002881
Ti Ho 0.17432969927973144 3.4003730600560265 0.2520540890729865 23.713544560867483 0.5483517425303398 7.2558252018962275
O Ru 0.36574800494063625 15.779965073891649 3.405285941365015e-13 3.141726862883358 0.5984760623569282 4.318138925314558
Na Ir 0.5240306330728454 10.338770994869531 0.34945849103726834 3.8230014475239065 0.3055275565530762 70.43395030476871
Mn Po 0.23908693075188434 3.4592439519615703 0.610701708287446 9.523460214081666 0.2160943537193045 55.38804273923475
Ge As 0.4063858098940525 4.007968361527471 0.4995530717440185 11.255425786411562 0.11294335828803892 43.429104917168175
Na Bi 0.5609255472988173 7.493532402857386 0.22260622374308672 26.420785382896113 0.19025588757770762 2.9908557288202147
Fe La 0.17339447115803333 21.511293066056155 0.40955710683847657 10.781925064115557 0.3794512909122978 3.765024934612583
Ag Nd 0.2162235324816078 3.375466365977237 0.5609192536916732 8.908538559578638 0.22294671361079654 31.89904410837925
P Ag 0.10105403214436805 30.23528359285865 0.35641405549047456 3.486788606110762 0.5117589295655951 9.793660772646772
Sc Zr 0.12987796866905751 43.69499353193536 0.319378980758456 3.3910377422208757 0.5636316858392654 9.578831751730181
Ce Ra 0.11947268920478271 2.848422801060113 0.6020647048262281 7.894793686858667 0.2856855194937583 31.643985715130988
Zr Ir 0.5394464101168667 9.465952541092344 0.26036500840725146 3.7862167570129572 0.19900954086629788 35.43485905892139
Mg Sn 0.1341514498923768 31.0610553095908 0.3226174862013052 3.2411923410946812 0.5260962573313365 9.164633778280475
Gd Yb 0.32974945412391915 4.431997243855457 0.5603302313609071 11.274947412673505 433426.2233247454 459.5995826356357
La Nd 0.16177546360028455 2.9927720859052522 0.5060823249426848 7.384858452520527 0.3056736345336266 23.014056969868072
Kr La 0.3591865231697775 19.589178574675827 0.13880328045896892 2.6761076959097725 0.473238012730417 6.427952039798528
Eu Ho 0.038860614375446814 2.348985881347222 0.5906650378031316 6.196215924628903 0.34585740442880986 23.258742622561023
Sn Ir 0.2617033902489137 25.633574986938687 0.5552195605857423 7.922609225989751 0.15259859687793895 3.1686472614356673
Cd Ra 0.5827816671603905 9.485193413809167 0.2022708400267693 34.793541947863524 0.2066878438667292 3.2482591753878123
Ga Zr 0.1333534196567553 28.404338376428537 0.3507038927400983 3.780662039881547 0.49713497514990446 10.16031310066574
O Ne 0.2554385245667915 16.545055595028913 0.7321153727697364 4.075176125883688 1.4798478223673102e-13 3.2246780207663313
Na V 0.36127734707290443 3.262973206399035 0.14686588609878834 44.65093875129947 0.5449709107138968 8.619908536259057
N Ce 0.4001918237489442 10.095216750105058 0.14836027651527808 32.40961769651722 0.44287557591525134 3.8959003670257286
Ti As 0.2651334519508652 3.3149379053914405 0.5473232120016872 7.907707812521665 0.1831627290665131 27.08292900915855
Br Po 0.171619132049461 42.132585646531815 0.5851938895073334 10.020832911151844 0.25043130546855885 3.5873698262267877
S Se 0.20881992101943656 23.214497918994322 0.5148477074722831 7.360656804557651 0.26343320911988855 3.1391114291406943
Br Yb 0.16983709105497705 3.3125251414671917 0.250591382853375 20.37391076689796 0.533739746942742 7.727707686602083
K Ra 0.19322228081405052 34.958638678399055 0.15716718614624026 2.672764956031235 0.6451210138394871 8.291507895872872
Ge Ho 0.18630392007606295 3.457841332602511 0.2528809495391869 26.999455874118066 0.5514949750457487 7.766143425892431
Gd Po 0.28453642845880295 53.00842610966434 0.6271787828923515 9.08971976769186 0.18434323702761635 3.5619770866075884
Li Er 0.6499193331405823 7.169862136230893 0.15086133888917244 2.6272413313423506 0.1767008117657467 29.356160843116886
Sn Bi 0.1823084859256985 3.2010631660455933 0.5773063239784687 8.865970650760522 0.22553441433895183 30.4361466160417
K Tc 0.07163820464620076 31.473879949787634 0.35378747008420663 3.5071648618621993 0.53677930680096 10.18263430039562
N Ho 0.16041360630879906 47.26727218532929 0.40145829428838975 4.085870447436611 0.46791819063131196 10.220322395271145
Cu Hg 0.5733787034632122 9.500178440819328 0.2561168019787781 3.7066113689647713 0.20498191266453228 44.84879947810515
Kr Er 0.5485412827087189 7.9911516211723 0.24679771043089832 27.650069295912996 0.19175888803288405 3.4131206656225963
Cu W 0.5092530777944887 9.445130374266983 0.20853474419209034 37.40514427915575 0.29947140948898004 4.0478087524406305
Li La 0.29303868263278915 2.7931219596920154 0.34288765387487957 17.52263108794776 0.32704234072663196 5.636530393242266
Be Zr 0.26829926837359064 3.5990831559996908 0.45218166800624765 13.053986321051836 0.24075530967914088 3.5991834110719814
Ge Ce 0.2928373515734341 21.13181870957268 0.162548329865236 3.086156739422926 0.5148375628945412 7.078642769594426
Pt Hg 0.3135815832701337 34.260578815883086 0.07013280235349181 2.7086291752861693 0.6359453451137915 7.121498125433481
Xe Pt 0.15937016404873222 3.114830930469407 0.25346043119308076 27.24990763451464 0.5598763339254328 8.219010871399666
Ho Er 0.04087653355497205 2.4290933172730744 0.6046628553355043 6.327321261646101 0.3379318885420414 25.014911644365043
Sn Po 0.17889184023283558 3.159502831723431 0.22545464699888876 29.341712490674507 0.5747721405982564 8.806059620783374
Be Pt 0.5182906529388088 10.941047980994538 0.3735625171165526 3.763407944952282 0.19854497580797495 68.38971681937623
Gd Bi 0.6220632465572261 9.053114624616878 0.27191814233010947 50.83596220233708 0.1867327385960765 3.5928296941219147
Ge Nd 0.5337726435053384 7.231232768736333 0.16330309039399504 3.15316502072314 0.28033568142924825 22.810508050257543
I La 0.15209730659510115 30.26721207178512 0.3050791655447876 3.39793830257619 0.5221829911706356 11.362909696299356
Br Ir 0.2065867293764617 39.40770435638598 0.271744085346452 3.8428269074911823 0.5423836409684869 9.657088943316705
S As 0.21824506332933932 22.27775214898798 0.29061041231485507 3.304244917122006 0.47856615084258697 7.395106770740234
O Cl 0.2676678589614655 16.058870729021262 9.072769192558308e-08 16.12728737247488 0.7105828705025409 4.162094045148588
Na Cr 0.16644636909189559 51.68572178975305 0.5299853350353106 8.930208325913105 0.3816096866420696 3.400609212701476
Br Bi 0.5813962703040779 9.957512835920257 0.17908107067689058 42.229139650090886 0.251832227686048 3.611571691599068
Ti Se 0.17954391523407123 26.939022091597092 0.5613535506892047 7.873415383101843 0.2513123102454739 3.2246668666585223
Sn Yb 0.601511282937507 10.979217195412682 0.16645099848932846 63.27810755701825 0.2769912461484173 3.8517564767233816
Ga Ag 0.4330891640637165 6.815900260757003 0.33210256877257854 17.708216085551815 0.19737689426129074 3.2140668615265575
Gd Ir 0.2196912184774024 3.9363845105262323 0.22043626095896438 36.906021806538064 0.5573716554447062 8.82867257477416
La Ho 0.5438170762327228 6.946661027776974 0.3152483451203207 23.79730359199782 0.11640548805263727 2.8748784442606508
Kr Sn 0.31349339214468663 19.25269843117635 0.45782693248681955 7.3481807439936 0.1954937677057607 3.057413631254883
Br Cd 0.30238335323686466 19.44193142486623 0.2308402987849559 3.2926308753129403 0.43568698888207136 7.624763643814203
I Er 0.25260446612492965 27.154448176824214 0.16054060493469857 3.172649618221308 0.5643360921159372 8.106396700202781
Pt Fr 0.08528365589594257 2.7256000672225142 0.3034939832421229 35.21127235936176 0.6310798382501418 7.496843266752018
Nd Pt 0.30610498332889197 27.15623150423473 0.10997044745627191 3.1028394330137763 0.571081368042603 7.221854143431018
Be Ag 0.2114599535527569 6.126262898580379 0.35567494328727495 15.825196427012717 0.39670612037239056 3.4643610726749885
Cu Ta 0.502593965935498 9.350572161120835 0.20987765936592684 35.7234854578523 0.29995288371799744 4.049870399103454
Li Sn 0.23286857348710846 2.8070713773296054 0.3793493818235798 5.304353887056272 0.35310176876669747 16.29877233681952
La Ce 0.29040153290828447 24.315198986981752 0.18130577521938387 3.0343975781802595 0.5083181097987037 7.7169753058586945
Cu Fr 0.593804293265387 10.532380286217494 0.27785386072409796 72.8508389113498 0.276467067887918 3.653018762190191
Ga Pt 0.26725449298691384 3.8372828301711506 0.2026175238283967 40.968660752761075 0.5518808161283247 9.497551326935714
O Ni 0.858845285296501 125.62461908905313 0.31333745140585845 13.934787621439735 0.6416951526100653 4.526835323474288
N Nd 0.4059108340661452 10.08128700512338 0.14970497074162853 34.21002252441679 0.4398753907036383 3.9977773090918878
K Ru 0.36901692640961814 3.5755724480763105 0.5301607233968079 10.597713482431397 0.055342008439946716 29.192577604690843
Ge Ba 0.29486971827714364 20.722246193541878 0.19152739474513628 3.1784066823137618 0.48328833368996765 7.2496868621578345
I Pm 0.5643680932206372 8.75186411728171 0.19197808013875287 3.1760291495665616 0.2260009201673182 28.469966008968104
Nd Lu 0.5303244792453972 5.879313324983607 0.3645300696396715 18.007618338076586 0.04276731870580742 2.4534513210810847
Br Nb 0.10262565281805615 2.591400902728807 0.49506623296733954 5.842874733944626 0.37255275781254416 17.33900006877161
Xe Os 0.155308061454321 3.1361168839943345 0.26264642399118254 26.502595363371388 0.5547179581047872 8.053973238913851
Fe Ge 0.4926037746984835 8.36085922103016 0.3167130783797873 3.7181950199096674 0.17984271976135338 25.439794029205228
Ga At 0.18944068310127 51.593439048946614 0.5877419847872878 10.158943796600202 0.26266499827086004 3.672498088365915
Li Pr 0.1006331966929441 1.9980769001977645 0.6213378905590825 5.7454016328706965 0.2474941071895775 21.922886512994825
P Ti 0.42064031084738585 3.4068527101176698 0.34693133701122963 86.18575187331129 0.5267102752772109 10.417493705749532
Kr U 0.2681884390609541 3.7581855760102916 0.15191474757311269 49.172699820867194 0.5902885509550162 10.78854158270653
Sc Mn 0.11086446967346535 26.202326447141782 0.3049500123917686 13.41483651264795 0.5873347947836903 4.465078769074134
Mg Br 0.34686674021209035 15.98022657755103 0.08862994448078458 2.2598395953622545 0.5372913741835909 5.0321807471104325
Ga Lu 0.2552284678996094 20.74311949737521 0.2341168063692311 3.746262687906554 0.4738195585237614 7.95256552031522
Kr Dy 0.5521820314370192 7.814518546384846 0.17991732003418154 3.313919006746222 0.2527145118964554 26.637817748780208
Nd At 0.2988177825213842 31.278839126482563 0.6032664702561807 7.660459678854524 0.10920100580397421 2.8715453851328667
Xe Pb 0.2276230137144373 6.61295267327508 0.1486338715209177 20.137941426337534 0.058263499890784644 2.6649836119759396
Na Mg 0.17100612074197497 24.042888282866787 0.32703424638021983 2.8338574085737647 0.5264416169103757 6.67439572087429
O Sc 0.6825517241878055 4.273787258038789 0.0509694005306899 44.54921626435589 0.26922230685412607 14.54424166151888
Ho U 0.5480345513305352 8.661000077428017 0.18665263220477726 3.762811119878516 0.27114703815585894 33.61817562457397
N Tm 0.48847993945039603 10.213225859518499 0.1773977713880637 52.95541350383065 0.38566462947643165 4.030017397333025
Be Lu 0.1501434417875732 42.366347049953376 0.5774977022756947 8.801719153662239 0.28056652775892615 3.383436149666757
Li Dy 0.190471163564173 27.504893774364323 0.6460050436947263 6.847481334618827 0.13964064821799854 2.532637532068099
Cu Rh 0.3970168652264217 3.9889380136898316 0.49430969773987804 11.574856857153621 0.0844210567212436 34.27939292776148
Cd Hf 0.24043945540191905 26.917105687126124 0.19483375731428507 3.480555259499696 0.5373778546463597 8.344777911634306
K Rn 0.15859111659789402 2.6941775224588502 0.19881381749695243 35.434733330221704 0.6434694722404236 8.249739680288119
Ge Tm 0.20944272251008014 3.590910860959665 0.24110388300994384 29.114250213084723 0.5464178794363226 8.138465273894024
N Ba 0.16426566826960218 29.518347358878717 0.4200168412058623 3.684546415516016 0.40423408466980953 9.467151477980673
K Hf 0.5870879510169366 7.410031512701502 0.16140029660296448 3.0754792406012137 0.23211532537349508 26.418699867190316
Be At 0.3283090549354359 3.220937035776479 0.32319006496607583 91.74282480104095 0.5732107823684258 11.10992138728725
Kr Pr 0.12587359211406263 2.773127560773924 0.31249469886698883 21.632138373602693 0.5364548879387693 6.804385075780283
Li U 0.00176634684173413 4.5817556735509834e-11 0.47396790227334806 14.396692369803555 0.4595160704510976 4.060815539784196
Eu Tm 0.038338020296076886 2.2894835856656908 0.590669569706764 6.221276149235641 0.3456064275298566 23.361524724038535
Sn Au 0.2544228846087186 26.054711346821033 0.15249848692156007 3.0944725134440203 0.5619092983959177 8.03603574010081
Cd Rn 0.1874969634771298 3.160346023107087 0.5777526509098649 8.963012895713835 0.21753348115980278 30.994949350622438
Xe At 0.2308239897842928 33.472002263915094 0.18247791161609675 3.1023335445962523 0.584140430577246 9.099519351240374
Na P 0.1153930491975867 26.19109297312881 0.44745527172870914 8.68862486178549 0.4560919530902117 3.2983749933306297
O Fe 0.2724204778406104 15.187747369782215 0.21770644186064805 90.80579925185832 0.6879206302134414 4.654357059511277
I U 0.5705485034939595 9.79758985518446 0.21569270522199396 3.421152802653248 0.19785905913129032 33.73033018458853
Nd Pb 0.3058165554353579 30.24065387329383 0.10567445508995782 2.9016209170318286 0.5980479027030017 7.480098618819899
Kr Pm 0.13672925557911442 2.9135296350531825 0.29392360057083805 22.740713280438538 0.5453164599989998 7.0467633792723765
Cu Ac 0.5946593505973096 11.064514578207937 0.2962618316878963 3.7625635190146123 0.15768864700065502 55.607596385484754
Ga Os 0.20700893457090275 39.51289404972019 0.5278825218533509 9.577261669279828 0.2873409526313183 3.9823491539220406
Sc Ti 0.29599320051858685 17.480077217173786 0.3813865857983515 3.6432490812049716 0.31876348176481445 7.318783871465172
Be In 0.414892066688199 5.472579745455731 0.3328641913609064 16.886900818498773 0.21793906036265767 2.7718187017350386
Mg Ge 0.4587071835364587 5.690397200614413 0.19526370053835723 2.9687104697751123 0.31931187400021294 15.930149545865396
Ga Pb 0.19140740757369473 44.51435008138676 0.25824449073894595 3.7081934083773804 0.575082298782983 9.746690072820416
Fe Br 0.11701101612304421 32.48859530069583 0.3643291554613605 3.7935294732037192 0.5077733780559575 9.903473895589
Ra Pa 0.25840420787501756 41.154012471554424 0.12989011575884407 3.1083448045819435 0.653089003637905 8.66928193839123
P Mn 0.4967048768155948 3.8897093972051215 0.4576917965108237 11.754251585861306 25880.234184574932 379.3201533432823
Br Pd 0.31994757193505563 18.802598035470005 0.21651576717118132 3.26993775942965 0.43235456754692997 7.2309428487367455
Xe Lu 0.22972633071000073 3.53894595407819 0.584790376162908 9.630494513248273 0.16300566358503515 36.186392388679494
Ge Sb 0.2665675748002273 3.465244440949896 0.28542826105688135 18.87370080579865 0.40942442487925845 8.147592089940794
I Dy 0.16721577144760544 3.175070441269487 0.24512709575148361 27.536355369495986 0.5663240396663575 8.254709549672883
Pt Ac 0.6061275124903666 7.231464009385595 0.07538226082721435 2.6275708174183565 0.27896575033845544 24.77237433194171
Nd Os 0.3127338543293475 26.080955346540247 0.11691593809666834 3.2376151529908137 0.5537426945459641 7.135502133272692
Ga In 0.21726373748397276 3.284068301019314 0.3234700271212571 17.836191359741104 0.41966657952141795 7.135629835586502
Cd Tl 0.1759153341425809 3.1948626183483544 0.5684536156325666 8.503345762856881 0.2354165419931085 28.489974942031814
Gd Au 0.2011838169556545 3.7678297340386937 0.5870625792525015 8.849188100556058 0.22345796943808893 40.738332101587254
Be Pb 0.5748538621202057 10.724738575589942 0.30003170457546113 85.216467140578 0.3217596955540912 3.3012855865975546
La Tm 0.5533190827466073 6.8193587165490825 0.3192768152162958 23.838085926740828 0.10273507599479244 2.763929234125254
K Re 0.22760444091984244 3.4545997275026075 0.2055188505973643 30.088636052866054 0.5540099737275015 8.269190850495116
O K 0.29033735443658876 11.928176028580838 0.6295821972170915 3.935547138674069 0.06761227428730347 29.6382414417308
N Sb 0.402604785151316 11.148709843711215 0.10902821581863717 26.678706626473097 0.4618543236571551 3.6511334974976823
K Tl 0.20422210930518994 3.133373387999124 0.1872237557786433 34.859851882820394 0.6049333567911912 8.568581141523234
I Pr 0.2055859915116238 3.183347285531229 0.2138809910589069 29.27502575884747 0.565098392422095 9.055086582570217
Br Au 0.2667538399492009 3.7661471499300156 0.1962287065178678 40.470500506471105 0.5541111159588757 9.781538160840691
Li Pm 0.6294836608384459 6.066755782763369 0.22829911627209765 23.345897925623834 0.11301497052414092 2.184767579066523
Cu Mo 0.41542238917310653 4.055419183865949 0.08147776418721041 49.97386754172396 0.502217742582455 12.032248891443407
Cd Re 0.5432690839936343 8.105694075806907 0.25041034264490114 26.051034372093227 0.1761403071223469 3.3659961586340006
Be Os 0.17874166393334423 62.452012634670936 0.5025558443828508 10.79890978458494 0.3851089427687661 3.9103906881263235
P Au 0.23546549631170316 3.3630041654636473 0.5643495734810239 8.453913097619736 0.19407849205745661 32.78051711939093
Fe Tm 0.5527587338321281 7.596494607940699 0.18997036295765643 3.561420986410979 0.24610098950709688 26.99888314783957
Be P 0.0660346909581491 3.40080924898713 0.3459733432502785 13.122204686838225 0.5662118925566333 3.4005206471803184
Hg U 0.1277690745588825 3.2750791521464415 0.6172454970990264 8.285668778763627 0.2872277596147876 38.312786615245734
Y Tl 0.5758059340065936 9.898777288068034 0.1965309133449769 41.41576795039466 0.24834084555036381 3.6072923269830715
Zr In 0.4800897332537051 8.006502265989074 0.2773100130345662 21.755121790554913 0.21879127205564694 3.1643483541390443
Er Re 0.3345014213927593 25.696412830462037 0.05138512082610617 2.746979049044982 0.5956364437157589 6.45606677371343
Ru Au 0.22588883982519076 27.121654384315836 0.1899475234554344 3.3516158739642314 0.5508522744946759 8.369572445494189
Er Tl 0.09851138641912875 3.0960549382524016 0.5993114514796927 7.326594024769228 0.30864094750320276 30.690388724596335
Na In 0.5144756116466622 8.754560124133695 0.31886107819223075 3.221630503820179 0.1402110752194891 27.385702910390552
N Ge 0.009336961246735385 4.227699666026687 0.5797870270304599 4.227689444212939 0.38100800302614934 14.042189893586796
Ti Pr 0.2852513349739806 3.688260223867284 0.24634693935153046 21.72190525293679 0.4404924375081243 8.165765738391746
Y Re 0.323650642532445 4.078527433368047 0.4974472808859648 10.5335351231971 0.17771420347781353 37.367506028234864
Ti U 0.32921749273721396 4.0289852914052116 0.5479529131117301 11.064357933979887 0.27992632087637875 74.36129809810099
Na Pb 0.1894307497017863 2.991399966250848 0.2178138597134971 26.53154546391926 0.5661247792149626 7.50136407201191
Ge Ge 0.48552035644118063 11.110913206616324 0.11871205285326568 39.14139049411693 0.4121768067115316 4.0366770464160515
Mn At 0.615783238096073 9.704097784637245 0.23369023589704022 61.67849397538376 0.24395972522895867 3.463517776658014
Zr Os 0.2779229611746541 3.888420820611439 0.19477401162687183 36.30003015548029 0.527292975771127 9.671762204278048
Sc Nb 0.3482025913378823 3.530904991463768 0.12533680121508883 50.446775114187446 0.5485263635174991 10.148123015036184
Ce Ac 0.5842782210311824 7.663363374136822 0.2790718309849319 25.058327351574423 0.11200147119711423 2.7931579443559404
Mg Sb 0.529277708791574 9.797146592113192 0.11432011011623924 35.63466063154797 0.3433937750442938 3.295612599683144
Ag Pm 0.2127733327578938 3.391235669996628 0.2244888302037998 31.785201480360843 0.5616519066381535 8.838515220896934
Fe Ba 0.38680332236958764 4.028116814259047 0.2112778404490189 20.740056028334827 0.3646134024164669 9.937594470869572
P Pd 0.10137296743893955 29.928286676185373 0.5015182267716962 9.830779384686933 0.3664089566165267 3.5448053382151796
Zr Pb 0.21664660374723116 32.172523100174075 0.19174506664674912 3.267526657186392 0.5846790640254319 8.744453906663534
Ta U 0.19166877393237522 3.8290758461255616 0.26675843195384547 36.98483980918662 0.5573313911996683 8.835454650955317
W At 0.3060962226872309 32.46345305127273 0.6170827118029476 7.356110320454381 0.08676950100938458 2.8848693109199215
Ti Dy 0.25005613014565775 23.47938858115163 0.20080165814928597 3.549279145071436 0.5234705244806599 7.428300695496787
Tc Sb 0.49783714443684784 9.030303269523499 0.2496410219974762 3.2751130834257074 0.2302008678114215 24.217994356045068
O Rh 0.09305912258251553 4.254520016944963 0.3792181257972709 15.42136477172874 0.4920535598997093 4.254881054828955
Na Os 0.3421643678711131 3.81204640680128 0.27175245656765507 64.8624664230872 0.5266326721686297 10.13328222944508
Mn Lu 0.2619514332796489 3.9596748100294343 0.28950448371603726 19.059361435468723 0.4152925848714589 7.554847664669487
Ru Pd 0.47552621837187403 9.427104959407162 0.2877876717964143 3.485737291554697 0.21722514618156824 24.639981574130502
S Pm 0.18586566339333013 27.14734778012471 0.22007768741423114 3.1516804171786603 0.5718000647516451 8.034144951698194
K Cu 0.22243295347388908 23.099214429534882 0.3415053228360039 3.6412121038413323 0.4355435827435819 7.694285918746974
Y Hf 0.18728907324925914 34.17418378057373 0.3109265120049623 3.999472494318381 0.4931364214184841 10.065866330031916
Er Rn 0.6143899775613376 7.560667322876331 0.3028164776522382 32.83743508572108 0.0977796562638851 2.935628753918429
Yb Au 0.21897450310880365 31.70373946781955 0.5793764303537899 8.404761076437858 0.17425142891189543 3.6929668764403076
N Br 0.40918368763999635 13.9929358262675 0.5585493126811731 3.9818136931191446 3.663782609964495e-08 3.789439738035206
Tc Tm 0.22704964777304557 30.504411329786564 0.5559242915732273 8.460669167153911 0.20532560308699357 3.5601833891970416
S Pr 0.19338451513728339 25.17793237704411 0.5724826378144018 7.758217220693113 0.20619768811604144 2.994782633224615
Mn In 0.1011281415464038 26.58876320146408 0.34197990628376573 3.6356545960697475 0.5181926880734544 10.440744182014027
Er Hf 0.5989152003675707 6.194668691454577 0.34669922643537493 24.74112959144456 0.03469772898972701 2.4399839514328954
O Ac 0.38946495590835273 9.921564463946142 0.3439348895393253 3.531223638915595 0.21086174351044149 17.464776342341942
Be Mg 0.007718196402893771 1.5707930828263053e-14 0.4152628667682644 10.491278297096725 0.5479250478831099 3.155821207061182
Mg Tm 0.2329871086409885 3.3045980471471523 0.17902286198732748 34.33776146231674 0.5894048486120278 8.470035209361019
Y Rn 0.5950542776395225 9.461277630602666 0.1836884944432559 33.96810996789139 0.20819321634208698 3.291406738696355
Sc Au 0.22291153773302352 3.351405213676399 0.2022382543003968 34.9238542399662 0.5778286578202707 8.623716338112809
Ag Pr 0.21879473742615563 3.3543587754784294 0.5597700268612259 8.958037006465116 0.22121114393846128 31.755161746654284
Mn Os 0.31110290379105227 4.065186684348628 0.2014187513689486 40.79281139865335 0.5097768549759466 9.564855070899455
S Dy 0.17142281304150186 31.507002909300006 0.5722039672774502 8.504200536986891 0.24184792450708759 3.414870244281857
Ti Pm 0.2809422793380091 3.7697193422000095 0.24966375018543785 21.90666993135077 0.44117542258942016 8.04870506089736
Tc Ba 0.5192858306081495 8.541749887521156 0.22712390648577868 3.334200012407908 0.2451982946683495 27.21063976492588
O Mo 7.987582596330723e-17 3.743300310027917 0.36316083218500433 15.859928552902634 0.60123926573405 4.308860819569515
Na Lu 0.2688086785383214 19.72437026520544 0.5693645097488154 6.493651948662192 0.12692444799770403 2.840957263416417
Ag U 0.2006567355793088 47.65653446549479 0.24801990047958086 3.6733893329916545 0.5837137488293206 10.459889295785228
W Pb 0.6156447872701001 7.126084421972019 0.31455367101600146 31.514079471032694 0.07829318113898157 2.8556032376200413
Zr At 0.5848485413828418 8.41939006970497 0.2250896963888704 28.934551639565353 0.16891213398936294 3.1020895624529485
Ag Dy 0.5610413902508831 8.416363386194755 0.19267966421989485 3.4268667122191996 0.23434663761487667 29.800618725367354
Fe Sb 0.07060681395456302 50.52274264325869 0.3620330143961397 3.690875740656607 0.5532329296217848 11.653734374018871
W Os 0.6001264804210523 6.821361230440811 0.32364106606983056 29.73485801034776 0.07739796931110278 3.1052592298698327
P Nb 0.2891653128885134 3.191304164877662 0.14999280391856323 25.40267474593949 0.5334590531909679 8.242943004413172
Zr Lu 0.12098346734767068 37.6767064512346 0.5473860026692093 10.321034473581607 0.30572893999996764 3.959369726970182
Sc Pd 0.38463815709147886 3.700987252254878 0.037875045630593566 42.16169963482442 0.5383086294762418 11.435751602908804
Mg Ba 0.19210478169335235 26.72199083496608 0.2272802530600744 2.868914670335339 0.563392427433577 7.710182065735266
Mn Pb 0.2156996401722388 50.73398611493238 0.6062182929586605 9.20094309849708 0.23067609675217188 3.454312615401767
Ge Br 0.39524408151419443 3.910182344807442 0.09492736388097213 44.828215663142714 0.5179285027902059 11.458047992580187
S U 0.5767231074635603 9.097170710930877 0.24328217203017236 3.433069431648614 0.17750705713553405 38.4563089807826
Na At 0.2025396754616011 3.012512466609661 0.2218696761914898 25.875314836583545 0.5456789135621062 7.653542990675464
Ti Er 0.5725746287273007 7.166685701523261 0.2507014625837879 24.292479368107664 0.15307436516379458 3.242798880559598
Na Pt 0.5339488356620059 10.032103759900492 0.23644903077124674 60.51487985558683 0.33172733374040797 3.7145144993396064
Bi Po 0.3632426352634361 42.430881842859506 0.09255964748156775 2.7568950157821535 0.6441100216326197 7.691509156896981
Ru Cd 0.47812326925887166 8.857160688088095 0.25585860999038423 3.331562447245816 0.2437166690020294 23.307907698385304
K Co 0.4653205997681159 4.067898726542257 0.21764641435481297 22.286406117946335 0.3178517551042871 8.877746592929697
Y Ru 0.27243864654884953 20.8872744782868 0.2758902083051272 3.49029142412075 0.4273182862328884 8.41084121008233
Ce Ta 0.10656228664820934 3.11632634100061 0.5459621440457061 6.857837390688315 0.32566406879064647 24.406506084137103
Zr Pt 0.20526397606239039 34.08341111804604 0.5601164165306306 9.094745209797509 0.23002834862608681 3.58506600423202
Ce Fr 0.6053649051057676 7.855520134835314 0.11626559772251058 2.806799399091141 0.28793165727646886 31.78110668318604
Be Cr 0.15237974029048584 28.29239049938739 0.2572737071373482 8.580998171885868 0.5950968417064579 4.020688510583338
Fe Ce 0.3799019447914466 4.146721638312101 0.24408670563359192 20.35110127179618 0.34071011675401114 9.31270930477831
Li As 0.24356125441369708 74.92949655154284 0.5559436379413129 8.784706887711117 0.3621279782678142 3.245448253386111
P Cd 0.0909739149652466 31.705713975215364 0.3545112878571434 3.455348416796078 0.5226292641976361 9.96559984653104
P Bi 0.2303614256429217 3.2191558708657473 0.18227146916913842 34.78733443042978 0.5823294755532745 8.723104957316929
Sc Po 0.19443755398364046 36.38331849395579 0.6242004338427243 8.516776053622879 0.18347154370668972 2.9964080074757256
S Sn 0.07202840099221194 39.81428374080215 0.3495716581351174 3.413597509919761 0.551551661257693 10.518155263635151
Mn Zr 0.43477366598697303 4.082745580785559 0.08034864038091702 55.46474374069322 0.4874302446247157 11.867733079697993
Ru Ir 0.5220665053884336 8.552448396371865 0.2236916639706616 26.391891664457777 0.2178029411944624 3.604829379879042
Na Ag 0.16478309527957533 25.09945896412204 0.5089337567163822 8.091512589775371 0.29886746377302653 3.187769552985359
O W 0.41441919669985505 90.82370819971932 0.4348580782332566 12.077932109601033 0.46499596806730514 4.402848655647964
Yb Yb 0.2953818468134511 4.283908550267124 0.5929525633359446 10.998484053184155 50974313.71560728 567.2393186979047
Ti La 0.1969824245970504 23.513565937183746 0.5032568994399874 8.805660770307634 0.2719938369316111 3.1856751888962513
Tc Nd 0.5400614790284092 8.782228266292377 0.2287927485626364 30.817506119636047 0.23037592610565824 3.5156437996123366
Ru Bi 0.21493207148340635 34.36819178948193 0.20231300629233903 3.3217613635767758 0.5816063463175674 9.055225383162895
O Hg 39494045.6154049 567.8870113913182 0.3801461965084916 3.8472624461541844 0.5283153933562855 11.396958684719213
Yb Po 0.609236929441661 9.235158283539333 0.19267847474328903 3.6774581968182796 0.21380246928986513 42.66777022443575
P Ir 0.2843640301090783 3.653773273025447 0.5357099085837492 9.072534856657626 0.18486099245624685 36.340572590960285
Ag Sn 0.27601844927989216 3.366691119474837 0.1609444848435886 30.23943629019232 0.5456759383138566 10.285951273928386
Fe Ho 0.22212847941926728 3.7654996754874825 0.5153282504505002 7.725595577050353 0.24886400390460645 25.866355366265125
Mg Nd 0.5777321577297123 7.473073941837601 0.20313523607425732 25.644395371548796 0.1986918519900782 2.939560142760054
Zr Ag 0.23979434231956215 3.2790903343911517 0.276176130288593 21.405277145729094 0.4598973821201019 8.152119889504723
Sc Yb 0.5765973938534836 6.388157741575853 0.3050099255566967 18.795750438492153 0.08238946707020546 2.5451177504020213
Ag Er 0.5574884840784361 8.363243363188417 0.23621073013080454 29.30029941224431 0.19135148059293092 3.452653518230152
W Pt 0.0715177365128362 2.9316893844392826 0.3211242407635833 30.37541190114337 0.6102861194192674 6.8670044431229815
Li Se 0.557082382588084 9.119036983397729 0.37297379733715014 91.37147350651297 0.36692462052181474 3.168349107664194
Ce Hg 0.3047258546637367 29.076278954831903 0.11644235336087687 2.9993023661156797 0.5835005639975972 7.497860124744805
Sc Cd 0.3102769479660015 3.3634841657375723 0.44133523215279713 9.11989502726168 0.19601255281222632 16.873930043981154
Be V 0.16111214831627818 26.105146060563378 0.5890964205917509 3.8961327170533426 0.2512533694234366 8.311988515204394
Mg Ce 0.5772744515510435 7.382698492248501 0.1974377898955628 2.8402515030886186 0.20413478185230055 25.523847195742412
Y Tc 0.27515391982770937 3.4932702437439485 0.43538401661711423 8.398485137271448 0.267735883964291 21.30219292933612
Ce W 0.5443552857724376 7.02444948564589 0.31901858805705496 25.03545192188798 0.11719576369645472 3.1966938615119904
Mn Pt 0.20528245094164063 44.59073840447444 0.2744222062668756 3.82612266802925 0.5530640811047562 9.366220904298173
S Er 0.5676291238377914 8.73754799335022 0.17004146021414968 34.28194687975342 0.2553847279868077 3.509581549464417
K Ca 0.26450911338604427 2.7120145111145497 0.5222246761883225 7.434053569160666 0.21498705524953177 19.522720665908203
Tc Ce 0.23262110441261608 29.58570507970937 0.2312488616684586 3.4492747699915967 0.5333878758051991 8.751325530277445
Bi Bi 0.6436089129093677 7.6328755927284355 0.09083240718008834 2.7550593753335226 0.37289333564910265 42.382422078500014
Mg Ho 0.21149847540291955 3.2080977033855893 0.18750825214954836 30.45493328436425 0.592742324732917 8.029707761707485
Zr Zr 0.24129119698802975 3.264441910885063 0.25067559725329264 23.82674160189196 0.49920564365263775 8.13865843954495
Y Ra 0.19463875457748217 3.1865727071011802 0.5902259674848708 9.210920983927483 0.19085515172100706 30.390327729542573
Sc Ir 0.20212442408956738 36.35769985641648 0.2785202542460151 3.7560436215596584 0.5297263144656202 9.083393864789581
P Yb 0.3009624491360867 17.778926868585852 0.12033017965319247 2.742258361778666 0.5387532525201395 6.5325879864388945
Ag La 0.26535063889133403 3.2861364848251475 0.23344669441237204 26.63430104707723 0.48797204637807945 9.492716183545571
Fe Nd 0.24495377132391702 21.861810207650784 0.3532116605792515 4.141672255251663 0.3731436698408632 8.85268455566068
O Fr 0.5536295014390163 11.696459482265666 0.35960818405645845 3.5583220209024544 16391075.992932212 558.577750903649
Yb Bi 0.6028124449832618 9.122931270987474 0.20674522132241197 39.73708041895059 0.1923587720290451 3.699857572269175
Ru Po 0.21432114459210982 35.47797332588238 0.20366108295355398 3.316490872466223 0.585025121203171 9.159119499597459
Na Zr 0.2938289989559221 18.23188197499298 0.10442116334443097 2.306445887681462 0.5737037172982872 5.455990144490502
O Ta 0.4365705171221846 11.840768950324401 0.2991774392238611 79.43833495150886 0.45944494662702445 4.3756744001267025
Er Ra 0.6148124552571781 7.570185712317415 0.30124801866133794 32.67537607664707 0.09620497552818363 2.8911264532827636
Yb Ir 0.15888425596737055 3.6824643518204954 0.5675466402384014 7.975219679749333 0.241694002259638 28.581282307443736
Ti Sn 0.2346521437408576 3.114900545580073 0.34768529912900215 15.049605751039943 0.366689126581401 7.052705650219883
Tc Ho 0.2213579503742756 3.644077788482754 0.5492330284620919 8.674965942414655 0.22418880367687227 31.779313958852395
S La 0.2913822873970403 3.0640739535583896 0.13649182918886274 39.73384888467607 0.5717870546765007 9.488365224789229
Mn Ag 0.07651943273970173 49.45521185053131 0.38272432780817506 3.8309043046798346 0.5297266481954365 11.472364031151068
Ru Yb 0.2523906999410625 75.43432804164078 0.5714453260487413 11.051261063791591 0.3095827314026333 4.059964976489791
Sc Bi 0.19588414473906285 35.69467442196065 0.18673572330166116 3.035193923209366 0.6185796513309334 8.491252038565635
P Po 0.1849368379961485 34.15730790372934 0.5922331146288057 8.57007130987642 0.21543245255304236 3.108689825158546
Fe Se 0.13687228700852788 30.4882612304389 0.5050996805863112 9.37237566975179 0.3490300594979347 3.782686147499376
Ga Bi 0.5754924092286025 10.010458364942734 0.267422244785652 3.7436641333908365 0.19305059061769708 48.553033567196
P Cr 0.4833268758138487 11.276296909321632 1.8395932751055628 136.84155935308635 0.46929335398752353 3.7311805067006807
Ra Th 0.11061838843585739 2.7777385396392753 0.657488501229746 8.265302205548652 0.2755003241762024 40.209000395829975
Sc V 0.5536387853434833 4.209015994234654 1722984.9393664978 500.0843920151048 0.42044771588774893 13.963593573977477
Mg As 0.1812084260740705 2.9390571274058908 0.3292271128805322 15.995816675993138 0.4631618285754013 5.522826227538557
Be Cd 0.4299486984625405 5.160596450615502 0.18787464735408424 2.703467685889406 0.3473678768539614 16.367542498695986
I Ho 0.164653240714093 3.1826313329670706 0.5656491779654078 8.193466089024271 0.24916574833601648 27.553136807487988
Ge Sn 0.2700939754140192 3.5024391980082332 0.27950161065329593 19.11667733445709 0.4128154493751119 8.17454728993186
Nd Ir 0.30901258983618757 26.702152150854626 0.11708756781906421 3.2070995339328414 0.5600284992332534 7.219887846600408
Pt Ra 0.29668522024597976 34.57422496430853 0.6270514223523267 7.5620701637905166 0.08923083347282018 2.7749948148317842
Xe Yb 0.21913512288950457 3.469471690751332 0.13815128193021742 34.805011348454606 0.6093392865870025 9.899629583135674
Br Ag 0.234551715897384 3.3337202332567357 0.30879138223086083 19.015871429168833 0.4243298939582179 7.547454115076635
Nd Bi 0.3030635561671662 30.601600465000203 0.10773127181475066 2.9055279798218194 0.5991938841504343 7.550471872119691
Xe Po 0.23434828527710638 32.99990330120681 0.582497607591039 9.013524007665414 0.18056421706067882 3.1113885451294205
Na Si 0.40510882970152845 3.130332787560761 0.11245706347068816 31.033578948825927 0.4796676854817553 7.806995947122593
O Co 0.6952585107721576 4.693135029053785 0.287962473372965 16.927362068748746 3.538461130916853e-15 4.2813180189485145
Ga Ir 0.5398213339814054 9.551101439147924 0.27798598915862494 3.920672094908516 0.20697700420271717 40.60883989522019
Cu Ra 0.32300171380258685 78.4578338249727 0.2825790963034024 3.6961229703138465 0.5895709795652367 10.643239878296908
Kr Nd 0.30276441041757807 22.229221523359318 0.5411151378984704 6.931549918892616 0.1316727232222039 2.8473190604273384
La La 0.25651273684017456 27.292025859676254 0.2764863259732898 3.2450872652495333 0.457171051484876 9.125443539540191
Br Pt 0.20248809979395144 40.45735184174412 0.5488189976408017 9.733257546525932 0.26971738991988614 3.803655494867181
K Hg 0.18676599394071125 35.017358769124606 0.21666931901295808 3.2248362313121497 0.5941874083443139 8.67267323642215
I Ce 0.21097649974681448 3.1751018166173983 0.20905618637597911 29.74170574082877 0.5664285378396129 9.191101075951728
Be Ir 0.18701259059305622 65.50911296751985 0.5031552562027782 10.978882511911806 0.38741382275029257 3.8900724659423975
Li Nd 0.23789077060715047 22.68537366350573 0.10665235934857228 2.0927366444618163 0.6260564400390656 5.905129023296188
Cd W 0.5418616135294008 8.205976909078347 0.24587251647247751 26.48160911741479 0.18345085150491805 3.4162426913480215
Cu Tc 0.4956343400348962 11.933298006132869 0.08079506730087313 44.09555044845672 0.4141680221144689 4.061704694233429
Be Bi 0.4470032750945503 99.25786350426833 0.3340127453974159 3.340513562555738 0.5671304098683435 11.028375519888337
Gd Pt 0.21852116794709192 39.52946531236487 0.5714071119196139 8.921959711777141 0.21526234493325835 3.877654908299819
La Er 0.11030320948465497 2.8350090616333286 0.31724003797486405 23.72181127095722 0.547085264379619 6.881983198803792
Ga Cd 0.333035494325825 17.685739859125324 0.19586117634546635 3.183720035913542 0.4328148433915501 6.843585746362385
Cd Hg 0.5752448485492103 8.423824345338812 0.17021003776810315 3.1698789203122577 0.23902095613903904 29.124537439345026
N Sn 0.46793869976771124 3.7240557478443863 0.3664512241521852 10.665139649190829 0.13941809712859168 24.226148007085794
O Ar 0.29617177659856364 15.072531007544558 0.6802930833354689 4.048647809912134 2.398575400012218e-08 3.8988934492841243
K W 0.20622215168569596 3.3436377807417155 0.5646262339527893 7.976119729310408 0.21342527486797613 28.670648853535052
Kr Ho 0.24962148875791437 27.211959151554257 0.5504857007020707 7.906240232379314 0.1862025158756605 3.3700869706903704
Ga Yb 0.15453896846917653 3.36478549535353 0.31568950731353823 17.872932075205114 0.4849834366743051 6.9796642415672245
Xe Bi 0.23729138153790727 31.985704924025512 0.580548715109885 8.876122338563306 0.17622404593235486 3.103714050391564
N Er 0.393572593177565 4.064803980946796 0.1721387376290251 50.84089223118366 0.47866114940459004 10.21562470539254
Na Al 0.37230744629115914 3.002306433654396 0.5003609676949304 7.293772670070057 0.11945802290834918 27.30799062077627
O Ca 0.2852874251243868 13.052039553464498 0.6516858652527178 4.072619228712375 0.055674725651716724 35.982988908467966
Nd Po 0.600962596068585 7.609745960694601 0.10882270824008061 2.8930097901475893 0.30082217898526137 30.91871714605271
Xe Ir 0.261452744467861 26.455333001028315 0.15460713121981562 3.1152581649290076 0.5554651956463453 8.072060614508516
Br Zr 0.3770161325668896 17.220996571083045 0.5086939570023116 5.6858532410858915 0.08523233431430659 2.4197482919267284
Ho Ho 0.04081717238407042 2.4266793041580432 0.6043804769499078 6.317666218057111 0.3378289863017122 24.849720384034335
I Nd 0.19963634858243323 3.185168889052841 0.21899464008052663 29.109219580507467 0.5656654671326411 8.927186726289978
Ge La 0.2887115669881067 20.614412098241207 0.4214179931723151 8.025225934970655 0.2590727971107588 3.3773053119042107
Nd Yb 0.529486787392255 6.024943328400447 0.03924475445709701 2.266155986654137 0.36759104734736214 17.536657868805435
Sc Cr 0.27654181144129875 10.90393527641232 0.5367827536314295 4.242290549481452 0.18927794039668544 22.177981218292942
Mg Se 0.4712642441300616 5.488746791053996 0.32949123177425943 16.28124858260719 0.17340186973961083 2.8926448590731644
Ga Po 0.19712279480091155 51.798258790975574 0.5811749185256474 10.136340227405173 0.26741170215093557 3.720633574510603
Fe As 0.33787410671341156 3.767269281302277 0.15445155015784542 28.157146302684062 0.4982039402171028 8.945413130492298
P V 0.5053842402803269 10.850196030966966 0.686511651225328 108.00062765325706 0.44536358626184136 3.5740553694926214
Li Ce 0.11365022724904453 2.0474080705865507 0.2526464968186904 21.425707308978982 0.6026681006488831 5.741857375721472
K Ta 0.18264496752161014 3.2095444863843285 0.5763189578660229 7.670116647455064 0.22323645606765846 27.43573963607076
N La 0.33434616439191767 12.835968802035206 0.5095377248845845 3.739090631561398 0.12240391244681864 21.60275361857649
Eu Er 0.5902351128836311 6.1833755989322245 0.03695711670890593 2.289793318271236 0.34701492106558013 23.168949784034407
Cd Fr 0.20548098815778318 33.15171302074429 0.5804576670588989 9.323649124456626 0.20105681387423183 3.2066596440774005
Sn Pt 0.5591863219949701 7.9703593336884015 0.15197861010722055 3.1249499357517125 0.2579380191432456 25.864934942252994
Be Po 0.7546875158875939 116.8390354383237 0.3469734393225468 3.378552886005354 0.5587324736004262 11.356749900840983
Kr Ce 0.3211253545850394 21.005101257547842 0.5324720009788159 6.679184935889691 0.1195824544178523 2.6891840876503945
Li Ho 0.18378703195078513 28.027287809296713 0.6466411465167938 6.997609563551479 0.14508601696558668 2.5847397635986993
Cd Ta 0.24260903300360448 26.725606595491413 0.18898957238278105 3.448900171727846 0.5402586576079447 8.277807560430166
Cu Ru 0.4064751843928657 4.033399036614264 0.08127477617040829 35.75849679751622 0.4902820927029971 11.714903018322973
Be Yb 0.1617214784421367 34.246087271900386 0.18242369434867087 2.7505584542128974 0.6484315751582046 7.91117451332962
K Fr 0.1952517097189504 35.841388970282246 0.6490457954832203 8.25674984167689 0.1549895778526456 2.6433583160330403
Ge Er 0.19968158203341554 3.5381667744198477 0.5492349484722808 7.97960799371359 0.24628116864463906 28.310677499138272
O S 0.7315129015067776 4.220655018343594 3.953310830816176e-05 17.03882050464114 0.2509880903755982 17.011029853304446
Na Mn 0.40984286708515744 3.554988429926177 0.5117209296219478 9.371252338497822 0.22284924687872337 66.8879506404168
Ti Br 0.5747294744483697 7.753893308532776 0.2320973788022028 3.0840471133149876 0.17943720590626794 25.900602965923092
Br Pb 0.18721852579490492 43.67063887738968 0.2549953527730856 3.6386204091976917 0.5790519397798923 9.950332854182047
S Ge 0.43454647151736225 7.31632795757048 0.2358818200577822 20.805604318601308 0.3157216286787849 3.457169237199278
Gd Os 0.5476230182544971 8.813216016922318 0.22592098050351833 3.983773096280251 0.2186663842296908 35.75287000474795
Kr Sb 0.45241973542874925 7.415108750869645 0.31503708356425864 19.207370560860014 0.19901353517217954 3.051760450655641
La Dy 0.3122378720267613 23.708279643565728 0.12289765826107484 2.9050539123695303 0.539495414229882 7.0171404704118805
Ga Pd 0.33183633773408316 17.663776755449923 0.4243819085855345 6.831562249208734 0.20687936349891922 3.294626031885136
Sn Lu 0.18363809918795593 52.478185970694675 0.5848406178874667 10.294819588654043 0.26617907415875125 3.7878616860447853
Gd Pb 0.26260279036902445 48.20246784715571 0.18068090571798312 3.566397351070116 0.6223052600855749 8.891574335284307
Be Au 0.19848235325972713 68.36599407497816 0.5474906050503777 10.637953657344314 0.3428306453455048 3.546820509975825
La U 0.2443116244661721 40.95885659594459 0.5598719259272978 9.641562584258592 0.2262446460947467 3.4708257183600066
P P 0.507684232798607 10.507263074584815 0.46420547900191833 3.3128429927097924 0.0628071894908669 47.536776472261714
Sn At 0.17983904974572099 3.141589696755326 0.22276437510717267 30.214923513732444 0.5788939175339802 8.876824767432398
Br Os 0.27754930400269817 3.878594274061914 0.5369796291363348 9.687404128012123 0.20866413506004317 39.61323296525927
I Ba 0.1942284669042583 30.297973041403846 0.24446511422762082 3.258392804568196 0.5491331563263907 9.78266419161497
Ge Pm 0.27703685576523396 23.253810181713146 0.5408744138000815 7.244925125927541 0.1605555418930991 3.168360572231935
Ga Au 0.2557345981385541 3.7492473130564066 0.20222146772660862 41.51428972595108 0.5643094763070686 9.437446450520946
Cu Rn 0.2728715479670545 3.6729187431632195 0.5899676513006249 10.336095733592368 0.23857462465010487 64.83504779894697
La Pr 0.507113116750809 7.542639063704363 0.2989114970711793 23.687465631908708 0.1713421720305606 3.013926277385026
K Rh 0.043836420077553326 29.881333996827376 0.5289220551413482 10.978545303858716 0.38043080548784386 3.6277329004414094
N Pm 0.4086200555388241 10.139159345042147 0.43959734678097795 4.043042646168679 0.14914970945569705 35.167864650594815
O Cu 0.6267720911212492 4.469340962021458 0.01247900851701432 4.4693208081614335 0.33712685550278865 15.153035425785273
I Tm 0.25936053796537084 26.568164906965865 0.15198961698588578 3.1213448787808677 0.5642369096972546 7.955150657930609
Nd Au 0.580210932229943 7.238018322188651 0.30451540958939116 27.61447497837349 0.10440567412642042 3.0053043477773413
Pt Rn 0.6291302549041657 7.505701623252201 0.08705648520141103 2.7794667672383904 0.30139037629787524 34.87299860306428
Br In 0.2291446622328706 3.269018038828181 0.29780320594796406 19.512088225880525 0.44062360770280734 7.705919123679816
Cu Hf 0.30104243001755815 4.05029329594234 0.4963150930467853 9.2757433486163 0.2128066500797827 34.53967262936556
Li Sb 0.3416042267941718 3.1060716144900478 0.3391706592758692 16.641395194284836 0.2841884614740023 6.1928813253875
Be Pd 0.4198273263056268 3.9298039412735495 0.13957843418750077 3.9298475752150974 0.40341412130715487 14.855607763761808
K Ac 0.14509581984717781 2.6001113017571615 0.2209678315514188 29.114841353622523 0.6319013218560771 7.986732540611496
Ge Dy 0.5537486710316644 7.552199342465148 0.2609660150729534 25.89010806881985 0.17258609109624895 3.367475761367835
Br Lu 0.4883056750062395 6.277880001378214 0.3529551353898761 17.628644828032474 0.11240607673178642 3.0647669753374087
Li Tm 0.1705659829346372 30.86730982583208 0.6491424768777051 7.371593000573074 0.16057942965408273 2.674068467148063
Eu U 0.255815613841193 34.748320194060874 0.2317193194894842 3.961781920548264 0.5207969190332364 9.292143320532492
Sn Pb 0.5781175201523764 8.785579031904069 0.180474915514664 3.206723127707227 0.22994471554834867 30.81532453288656
Gd At 0.6314463996514664 9.108007041321617 0.2934795327200239 54.22045852589455 0.18136851698132744 3.5264523062250293
Eu Dy 0.5911476736060364 6.2164952719447 0.3449502574347489 23.423857185843485 0.0413258812776328 2.40987012790586
Cd Ac 0.5536364140833512 8.89636013555491 0.18947822933622102 3.1591166350651596 0.23564044423275907 25.868935239195462
Ga Nb 0.321057455003432 3.707017619881904 0.20198885086436147 21.96118108532027 0.44943217675955743 9.016458009605634
Sn Os 0.26175955641397647 25.582560329010153 0.5510940589264025 7.929943138442029 0.15669045132807521 3.222652815482239
Gd Lu 0.2804442228834316 16.80034132016607 0.5136437659129642 6.907321259079592 0.12313548288849632 3.4287752163838032
Kr Ba 0.13242878040345707 2.7113419227135696 0.32422958393198476 20.56849699906144 0.5155413743351697 6.709478311103539
La Pm 0.15538146270471265 2.9869605839561357 0.30798263790164154 22.87906023481059 0.5088727401138194 7.307243331081527
S Br 0.24552474008091865 2.9895167671593366 0.2052980847697688 23.426585325283554 0.534505146312327 7.321368994855539
Mn Mn 0.6360225236845685 4.760859264814625 0.36341154756496136 17.483601358352594 9.27892686085095e-07 173.6469196095637
Ge U 0.3014825652821236 3.953801901489403 0.20176666027842827 69.15492978427986 0.5771154738865117 11.294240128297764
N Pr 0.44168941209535684 3.948738174284855 0.1485109155425881 33.571544811705934 0.40379992652201907 10.10366247772551
O Na 0.26392986799072715 14.99419613212493 0.018915183224344496 3.9791385943736697 0.6936823250634606 3.9791064943973864
Na Ti 0.5580972236197935 8.252758433578268 0.1345887264333636 37.247197639644575 0.3386984049219395 3.1068177856798043
Br At 0.5904916589200264 10.045278330935185 0.24680757865171837 3.550743040849942 0.16996959666491668 42.6383578824655
Ti Ge 0.19461889733329407 26.265803198041045 0.26156531597566035 3.3299893231785935 0.5408777029580066 7.706190744564603
Be Nb 0.5286720666276606 3.7148119438696994 0.36829300300394685 13.588994285241718 0.06543236107775567 13.589681413820792
Cu Re 0.29921399224629913 4.042386477970825 0.5154209357471897 9.54422733180541 0.20694331175077565 39.14285759167512
Li Ba 0.18922464470607026 2.3878389819145642 0.25599307340041094 20.964999780787483 0.524497684764033 6.096352563599982
Xe Au 0.5627204643231253 8.247041210351231 0.1581465797060066 3.076533896967488 0.2529306961680751 27.531028601739102
Ho Tm 0.039628567111816844 2.393988659079047 0.33876326137464885 24.95798735129162 0.6040052790872991 6.3162079112582035
N U 0.45425068487582093 14.159509995582372 5442830.665300198 537.4960135859419 0.4726671025091192 4.287230394016482
Ge Pr 0.16574960945946637 3.1347888979677423 0.525007508043721 7.204594621051341 0.2832005903635749 22.112213287014896
Pt Tl 0.6343373810379069 7.247104299022739 0.07609791840762545 2.7692259055994546 0.3109635657513852 34.71681632173437
N Dy 0.41120771001225304 4.103463021003501 0.4564468335300847 10.277034843729224 0.15495288949338107 45.11260010440358
K Mo 0.3268213031260075 3.363500334724933 0.08902363468005815 35.61069394557989 0.5591637476272213 9.73640899570842
Kr Tm 0.18159812096782088 3.347059368230662 0.5565895154472631 7.90286116330223 0.2507154451813349 27.779862567881423
Cu Tl 0.57345383113491 9.654234792097373 0.20661234932487682 46.9193937894726 0.2610853947723013 3.7140919323964363
Th U 0.2222258248970036 46.126405401033615 0.6549310504319676 9.163527081495793 0.15285246123945087 3.3004351110938344
Nb In 0.2688945206086714 22.352083581444713 0.2271957265424864 3.210439859069479 0.4816097885641871 8.204373189346148
Sr Tl 0.19881218947435236 42.50934234919212 0.5800948124625195 9.851013447864155 0.24611645598419482 3.5858745513242023
Tl U 0.6221147497272602 8.269953070888976 0.12349458799787312 3.2233201931801783 0.2912597821021099 38.80322769762788
B P 1.606490127517581e-08 3.756464957837505 0.6913229236853741 3.755992811161677 0.29145166381439075 15.124746989754033
Co Tm 0.24433262248273266 27.6567529748375 0.21126721269332158 3.6825971340575965 0.5366883379077068 7.822632569704066
Si Au 0.20762002009317454 27.130048301082613 0.23110320554041203 3.3313712301253644 0.5397195663831305 8.261047126001099
Tm Re 0.33691987849702276 25.71353876730711 0.04225275014125895 2.5676572252917094 0.6026347953678332 6.379440668689876
V Pr 0.4058129534245773 8.673212796795005 0.3278094017018687 3.9147219068108394 0.24028329351512143 22.154575036003838
Ne In 0.0877328827630206 38.04637231262737 0.5147791566765705 10.073384515355855 0.37320616070868656 3.356947409645774
Tm Tl 0.09359004487774296 3.0495484307976484 0.3097749384947593 30.639742338887554 0.6024583932198375 7.274959949267553
C Ge 0.5831672143129311 4.169633637429667 0.38539854340637875 13.672950743714495 2.1674657703430976e-07 4.12283010643758
Rh Au 0.16396955630374657 3.1976568099872664 0.2525766846898947 24.40585063982081 0.5433359714299528 7.872513188458186
H Mn 0.2114563879872129 32.144713105545385 1.6371602020530763e-07 4.899942117243778 0.826972510025608 4.564030862719544
Sr Re 0.19204792032276258 36.45447119848762 0.5108526278759906 10.054663760148495 0.30007990142381813 3.958197091777659
Cr At 0.2201372537586139 3.3013456667246115 0.6211577468881826 9.326350036343067 0.21666150279498833 50.221332088393474
Ne Pb 0.5707246739087218 10.604062476615383 0.322109057002002 3.5094486023617124 2.94484755313611 142.01504618095197
V U 0.5398380833059315 11.361183871473221 0.3427143147374163 4.12497590252624 0.3477932225192374 83.28184703276662
Si Pd 0.4966297982650116 9.679168111262063 0.3617717079122066 3.508274475287349 0.1203937172778608 31.151095664894473
Pd Pm 0.2228552719228526 31.92754024437708 0.554434254894716 8.897946655427878 0.22204893829882452 3.4678316147422885
Co Ba 0.21346602280688773 20.926079578924455 0.3875303839811473 4.046501757117222 0.36337018714710934 9.990063293341722
Al Sb 0.35741298068722493 3.3792358271624856 0.11729079447802714 50.82787269498906 0.5374794039022426 10.373581892326635
Nb Os 0.19277201899213292 35.96878075960522 0.5282318997201161 9.65452367445785 0.27530626140219583 3.8759112913256537
Pr Ac 0.28319004678153314 24.864983347332462 0.584590503203691 7.578520794741655 0.10679407499333664 2.7796927264496265
Ca Nb 0.1159303036519706 39.538462825344226 0.5649528310590362 9.526578386482997 0.31554643335023597 3.3264996314154507
Re At 0.08530464835208229 2.8526500245332507 0.6200552817459849 7.365762520984495 0.3051490752087328 32.783617599371205
Hf U 0.2660062579494625 37.04015719421802 0.19807443637531272 3.857176857369278 0.5523126869520147 8.911514171123986
Nb Pb 0.5837289244148381 8.943095778898178 0.20134434501180254 3.324125722496893 0.21696061816612022 34.20716643691027
Cl Pm 0.5752521079699714 8.181610314274451 0.22441873914831892 3.1873437104453566 0.17777432652043199 28.110732880738777
Ar Cu 0.32004620549443336 3.553228129767443 0.2370472963068243 21.508691060954185 0.43798856616007403 7.288436070622299
Cr Lu 0.4648669119772702 7.555197594099715 0.27429127770969514 20.67412668223494 0.23278479989012268 3.773961434334532
H H 6.803945578124972e-07 6.472199628725043 0.07129196762292764 6.814505403406234 1.0939752866967236 6.813695546276754
Rh Pd 0.21569984439943113 24.45383962578962 0.28282779412186915 3.4451614460897426 0.4805558580865508 9.42489448402038
Ne Os 0.5347413696081158 10.314880363526925 0.386746165564868 78.4263901037461 0.3443018541690413 3.8076089307013743
F Rh 0.14968772334971908 24.51355156860935 0.479466749377691 3.908286952952825 0.34201428887343593 10.147826972218116
V Dy 0.26462134897220163 23.03474845385841 0.19297983333052654 3.5758036214857083 0.5184591464800226 7.263259010554311
Mo Sb 0.23989883330015252 3.242200414683491 0.48952570034268067 8.698045390993297 0.2493125176959961 23.42682921410768
Sr Hf 0.498852427431975 9.252234519118318 0.21182138714127044 30.458956261503406 0.27560204375353425 3.8356376877814946
Cr In 0.4503659938311316 8.723535055220198 0.21470626691605144 19.228218560967616 0.29296219420962394 3.4316860505847324
Cl Pr 0.5792412278047663 8.066302673779491 0.17912275729124152 27.438025885690344 0.2174617141976535 3.0579639373282848
H Ti 0.23785775419527688 24.244453498416657 0.7807573011732386 4.021134012533118 7.174378610264979e-13 3.369194533332699
Mo Tm 0.225727739151482 3.6433107118194417 0.21376719716531634 32.66747746095893 0.554509131336089 8.854928262774411
Tm Rn 0.09301895080913505 2.885205919117376 0.30437193338391755 32.76752418360078 0.6171104206552008 7.505184876184797
C Br 0.4411656006580707 11.988641013423678 19218683.899124656 550.9730777121616 0.504077339265412 3.728369761376683
Lu Au 0.1635784726206081 3.607240869704236 0.2222995229089209 33.43364244788012 0.5921031953902793 8.072066109492463
F Ac 0.3124555564628505 3.413328455898214 0.42273387706624704 9.330020482409065 0.21085611423140221 18.11605212508968
Tm Hf 0.34679891620560716 25.245306538217086 0.6046969710447495 6.199033876147363 0.032280247325559376 2.3587657126605928
Pd Pr 0.22692960624806655 3.4254501376269033 0.5507637472704356 8.975869207169037 0.2219865781843588 31.553462465448078
Sr Rn 0.5939778634494238 9.245931168292774 0.20005337972560355 3.236766628435064 0.187071204466274 32.067609775789755
Ca Au 0.5841491553955137 8.4611616402641 0.19748895232264754 32.807699266591555 0.2110257598250921 3.2338132984163073
B Mg 0.006584987324568493 2.4787711830296704e-18 0.3529826409090938 12.096431472033839 0.6165110771702111 3.487225696547369
Al Tm 0.1617526140709013 2.9682486186382935 0.5853364360044844 7.288490854656766 0.22281202969336786 23.88378277295003
Ne Lu 0.3127522595751766 3.686709498260977 0.5388532248385297 9.30709829480401 0.13401434915772314 32.05214429957098
F Mo 0.5443124679235004 4.123922056008694 0.12204798908263305 25.03601784566117 0.30760310072175406 11.991787610360765
V Pm 0.25266630126991924 22.253369707595905 0.41256380846051904 8.284852535828866 0.30970096025635535 3.9469629316565733
Mo Ba 0.24829693990714097 26.48908963660801 0.5246683798465811 8.40597881922562 0.216479139082308 3.2596832231231994
Cl Dy 0.22725494770983676 3.3781811549822867 0.5643845802092193 8.20174955030336 0.18843376046539215 28.3930026020962
Cr Os 0.3126266508565735 4.028124143851768 0.507369257984943 9.629073729880442 0.19685941509164198 39.38926069904248
H C 0.48240947870432604 4.260808839353857 0.47869197739734937 4.26049544932636 2.7765160974001303e-05 4.066287729987027
Nb At 0.22269886708954137 30.015453095708263 0.5858858820917235 8.560686800318843 0.17462264370441086 3.1364905797196316
Re Pb 0.3144903711502467 31.69479970804854 0.6195492223078299 7.106379987990418 0.07459990374683123 2.7956744086581153
Pd U 0.19599937999569478 46.19682537793117 0.5765892998029186 10.49608470006022 0.2542364836563633 3.729142800860157
Al Ba 0.5694498406863452 7.485788844089597 0.19728853390403958 24.96098398231609 0.2049166785543327 2.7671086307678903
Nb Lu 0.33100355727264286 4.075391208310025 0.5510960999806396 11.06472618052231 0.16963835510230238 65.23354474159106
Ca Pd 0.37949411721580656 3.6396467202065614 0.033820584856991666 29.764866572092995 0.5370946059327336 11.241117604888997
Re Os 0.3223785969866364 30.39791918865609 0.07875779504040413 3.092438531958231 0.6034125809224031 6.880600122109778
Si Nb 0.535604769026224 7.93874191029697 0.2739952315797497 3.122311081646416 0.1738783720656286 26.715785799547266
Pd Dy 0.20433233574767123 3.517520663534603 0.2312994925929761 30.10759723451907 0.5532691575048786 8.51027928146821
Co Sb 0.3660212494272018 3.741462143854133 0.5455910611217527 11.720796335678923 0.06698633144558057 44.57402254753361
Ne At 0.3269191694619131 3.4828968072703845 0.8959565528543093 110.99476670339446 0.5612979484023717 10.866726565339446
Cl U 0.17035532877632742 39.020308599192646 0.2444675609000889 3.4500645272735344 0.5809215124730007 9.23718777175396
As Br 0.0991892275790863 43.04678212570255 0.5225911026283224 11.354958603318007 0.3867766285671367 3.8726927512017757
Cr Pb 0.20145989475689005 48.00226008124466 0.6126825804051207 9.263893641783218 0.22679629203096646 3.3801054125973056
Ar Co 0.3357707996322091 3.6706373708938225 0.2707676905163207 19.745934978018468 0.39083136582785727 6.915242852003635
H Si 0.0029617722864576776 3.7926436085585027 0.7503251081195542 3.7923398656942267 0.22853168894788 15.103423981660777
Rh Cd 0.4886710686066501 9.150406176764372 0.22713028542519142 24.094570384631034 0.2617537654776916 3.3389876800531053
Ne Pt 0.4878675752849907 87.20068681441074 0.5501290680304634 10.33944881220402 0.33200506080908565 3.67584029719197
Pb Po 0.3521338480035356 40.64347673973581 0.08804462816668925 2.7255358818244186 0.6429112748707533 7.58663567899295
V Er 0.15272479151469298 3.3057373927522886 0.2610137847745338 23.895505508505874 0.5638164337870484 7.098721730471568
Sr Ru 0.24036855814297053 3.3378200419764905 0.42772679482104203 7.658727803051931 0.3054081064245676 19.6725796929205
Pr Ta 0.10500056549114702 3.14458039580846 0.5466887789903457 6.834345280059613 0.3264738084707048 24.480426396899418
He As 0.3463610640857594 86.25356609063194 0.5282062907691137 8.821359023939698 0.3922915225395496 3.3671058706634978
Si Cd 0.12164575847096845 30.87579164484015 0.33953555741400204 3.379459695713331 0.5165794920318517 9.564938568969701
Co Ce 0.3585852047898033 4.083383790824845 0.34730726301130893 8.879203163662122 0.2595823358738757 20.201010229877102
B Cr 0.6809543756935797 4.494007124665261 0.24842751516140194 18.56920499474001 0.05736448013897303 4.494028638893742
Nb Pt 0.5615676275627547 9.160840091622473 0.20274569067850223 34.878029136903805 0.2313200392777515 3.58885037318619
Pr Fr 0.29066579397830633 31.84803892924685 0.11331035611728882 2.814578338572045 0.6065397649103526 7.812247980737422
Ca Po 0.19130761798744603 35.03789116347466 0.628105738906279 8.415623839142835 0.1772598128418273 2.9056127844683837
Si Bi 0.5492461289354964 8.447806738256045 0.2099901059083072 29.675043344915185 0.228179766408454 3.2160459837184727
V La 0.18794756614055774 23.948897877268376 0.4877112946595027 9.253365686877009 0.2974263430645694 3.345983791706839
Mo Nd 0.2253011222732266 31.112769917343282 0.23029499528160768 3.4977642071203316 0.5448010627356232 8.842307520519538
F W 0.4293146721954144 4.2509310742089275 0.3626157455390691 81.40202269690698 0.46108120109144113 11.39861267625234
Ne Ag 0.496347870825139 9.388533969258965 0.3641832988095712 3.3655982313634585 0.1192084546430073 33.303967703108775
Cr Zr 0.41591751489826545 3.962588853449177 0.10066038049934471 60.02390076256069 0.503976353020986 11.516827468208287
Rh Ir 0.23189757890935458 26.41036114757441 0.5267341651822323 8.458883973406955 0.20802729094681938 3.5433605455658106
Cl Sn 0.3319762052895887 3.3396399707345155 0.5617300383661544 10.301655108665523 0.07671093472917472 36.30160661979197
Ar Ar 0.10992782664641779 37.163255998560295 0.31190173797345017 2.706565358755987 0.6143183288084366 8.97434680555935
F Hg 10872627.56500277 527.0524329096099 0.5456435338210036 11.019306609053974 0.3556809160611266 3.723020435772601
Lu Po 0.6068005662269944 9.061469783739831 0.23330531208834993 47.73234636305834 0.19986329137301712 3.723179300591077
Rh Bi 0.21814831794510892 33.02078573798112 0.577842108549443 8.959179152390869 0.19807999386735123 3.291903417967633
Nb Ag 0.27321641781014555 21.579692518581012 0.2456084208645731 3.305605596996219 0.45721325912076455 8.278633826067324
Ca Yb 0.29844927746410344 18.811185423739698 0.07724066022037862 2.3902459511368743 0.5860021448451583 6.372736183020102
Al Nd 0.2338160474153911 21.909826197550988 0.5791730569254155 6.828092451857647 0.15101052762600703 2.6911931825490103
Pd Sn 0.18726264361744385 27.71115455391766 0.26647199046318565 3.3417504821907014 0.5281334960853904 9.809217590742765
Co Ho 0.2486640587642712 26.202232231778037 0.5112050789681684 7.8342903507102335 0.2285470161323677 3.7921445428614824
Si Ir 0.26421988228864485 3.560003510043395 0.1997130955923038 28.474835629737633 0.5190898213469884 8.600692185375545
B V 0.12238833108327161 29.312390404255797 0.1909801046567458 12.072627977174193 0.6902202403809201 4.259864626663213
Al Ce 0.22993405737016973 22.19036620990594 0.15790073611127506 2.6341142997269062 0.57739320879018 6.854525313880211
Ca Cd 0.15349074831796916 18.60582827966849 0.489803584987126 9.329765137173172 0.306967664877245 3.3013493507976297
Pr Hg 0.5861707136628076 7.470333402987276 0.30611032064110877 29.36487741886664 0.11368696501087616 3.0099351228072035
He Se 0.44774022702184296 3.569924086244019 0.4815266001743075 9.697598747908959 0.8639125646041265 116.61159791381574
Re Pt 0.32051971000036533 31.418758814438437 0.07338511729992432 2.941050866088269 0.6143985028666128 6.925623236009724
Pd Er 0.23300833549110034 29.755915493528097 0.5520495216180914 8.44735614548977 0.20141383529682313 3.531039830853813
Sr Tc 0.4490052209520558 7.164057423780872 0.31997560086277405 19.370014900619033 0.20532602497650435 3.1741982700010847
Pr W 0.11318274343250902 3.2063674698740217 0.3214528325954192 25.04589056419915 0.5459929745717442 6.97033337598246
Pb Bi 0.6426994814276478 7.545253170628068 0.08718892207620127 2.7317351990936647 0.360650807876346 40.79110022276011
Mo Ce 0.5393948636655963 8.779254251008414 0.22876139714100688 29.64044004508566 0.22880168031822495 3.417047039197183
Cl Er 0.19535107628180717 27.940573769931863 0.2184035192055278 3.3683463144968977 0.5652251567010057 8.068712628245938
Ar Ca 0.33156151027653 2.88814487411072 0.14144573226285398 50.66582539065424 0.5994414922507934 9.394255930734461
H Al 3.051030684351892e-11 10.707228341284129 0.6605628671991842 3.4365083377030246 0.3117271255723857 11.173577281938243
H O 6.631317928464185e-13 6.625713636439198 4.414278787804418e-09 5.5428246810536645 0.9637685186379396 4.770869522478237
Cr Pt 0.19488306655434187 41.785832417672765 0.5509908324452986 9.390950664404617 0.27401462489526957 3.7727627055273514
Pd La 0.2594664654532092 3.2766936233372013 0.4846440014484391 9.242349039002978 0.24333364554000078 26.2479128447298
Ni Ni 0.3919270383702568 4.094117141629805 0.244258355342639 21.88496280418715 0.36445046457040864 8.133319258714124
Co Nd 0.26858323126051026 20.862233394167305 0.3807083000353488 8.255895763935225 0.31962564567053064 4.032032923469566
Si Yb 0.0974164038736755 2.5328498588994495 0.3252234153548729 17.131103741438526 0.5344360513583318 6.242217664277224
Sr Ra 0.1908777467125644 29.41991247632781 0.19006223197156405 3.147162557990416 0.5905587629456425 9.095722214481611
Ca Ir 0.5334528539731996 8.88937405348199 0.19682940850109126 33.403122269318274 0.26670472121671585 3.653198623070243
Al Ho 0.5906809508022084 7.001504368319894 0.2328873436845484 22.798707929935837 0.14351171283057215 2.8575350240816766
Rh Po 0.2040844931332108 3.3150914381819954 0.5807810909568033 9.154284901155119 0.21187745558632273 34.39330748459201
F Fr 0.31545982666250566 3.4091680488776785 0.11612078155867972 21.88107652907195 0.5029833197847953 9.96226545039226
Lu Bi 0.1967229659191005 3.7199751823316674 0.22459314602257616 44.635874639209945 0.6037359287625957 8.935739994932678
Cr Ag 0.5393003750404941 11.194799199231953 0.36838249527002476 3.7230862622907663 0.08876686632093919 48.86542824056295
Rh Yb 0.3344411588808603 84.68008826222518 0.3127790158275236 4.074155842140646 0.5710098276030822 11.183890415025607
Cl La 0.26339234957118346 2.955932294561897 0.14827521618041217 31.95255623167538 0.5712208021566998 8.952011461751917
V Sn 0.3488231042526716 15.335130271905035 0.3665208455328998 7.019140609061274 0.2351834410666135 3.174051032475414
Mo Ho 0.21631534874090938 33.03809373293608 0.5501992401555529 8.905342516814999 0.23180076919448153 3.67598625533323
Li B 0.1913426940597642 35.04358783054619 0.8564030589765987 3.8180236791967554 0.02190290516383552 0.4508511656306486
Tm Ra 0.6175314528743582 7.528933268175554 0.30190971259234656 32.68066013927799 0.0923095500885767 2.8472610480529212
F Ta 0.30873401869994965 75.10476972065943 0.46397897890231954 11.172468068021448 0.42291858020238904 4.225756109616142
Ne Zr 0.3141039200230126 3.2727883776871116 0.20867413786332542 23.918021392509086 0.462452261194288 7.526389831215655
Lu Ir 0.23912315599836775 29.978972330740337 0.5677149772356342 7.782699973902629 0.16418596728587714 3.7241083325291444
Si Po 0.2124793653469228 29.692615986408793 0.21324598096846778 3.1023351606860037 0.5615288756466496 8.316428683984062
Ca Bi 0.18267462980806243 2.9604349770699434 0.19181543515251118 35.072361661683715 0.6225447401901232 8.435218758509345
Al As 0.32447163745736624 16.195833744114452 0.44115496668879767 5.635726962562064 0.20400967451069896 3.0912507722187845
B Cd 0.30453630455889164 7.091591262320164 0.38001167929675855 3.398891030882669 0.28587882350498733 18.518785361127286
Ca V 0.3304142318993127 3.4722089332576163 0.2773431370318656 18.94930942175837 0.3930385877771419 7.066386232382544
Ac Th 0.5864260095368371 7.808750911309562 0.2481804665485863 18.647246234034814 0.1048610155328884 2.7343673652813
Si Cr 0.4892888968271025 10.97115942927748 0.45561882652101027 3.654120381707106 1.2399032652576805 133.02434909825533
Zn Bi 0.576717381322071 10.00698499553464 0.19799427884525236 50.159627861420525 0.26839352080154644 3.727677777802248
Co Se 0.12295193395285041 32.732029333898055 0.49576044649168155 9.933753929164807 0.37436783206618557 3.896480597207306
Cs Yb 0.4927400335399991 5.745834972805978 0.403390253549323 16.49124896587981 0.04252417498702967 2.2101830248050907
Se Ag 0.2940321857447305 19.562605017785128 0.23560828426913794 3.3629824198712304 0.439205696636135 7.632398762185288
Pm Ir 0.30944688543004073 26.988233000500575 0.1136030672958291 3.2103001653640084 0.5641735169789632 7.194234026659155
Au Ra 0.6291675993331558 7.578935725371772 0.2982076502004554 35.11727360300353 0.08886755050279598 2.743163254012972
Te Ho 0.2458867779725706 27.967165627013465 0.5656759588827603 8.23910289255998 0.1693363466205977 3.22745345390978
As Sn 0.28528231000272464 19.183310478218765 0.25772754548065235 3.441747426622415 0.42026554859819026 8.043134799183942
F Co 1.0065678210388025 125.68581978932443 0.6059989197872248 4.372169787510361 0.3452889672935798 12.931999152143426
Ne Si 0.09044809009510059 28.590669436673032 0.405629858733773 8.927646475436616 0.48915541968079357 3.404180427449137
Cs Po 0.14617230979995877 3.0091753110431916 0.5767449687629937 8.010189704051603 0.28081677832205765 30.566496782042638
H Pt 0.4024987325846447 13.659835484368601 0.5144116502989132 4.402993368135022 0.1335958571180835 67.96592494580601
Pm Bi 0.1060102157096667 2.9221736373217917 0.304165718404576 30.821454158467233 0.6007091332380984 7.531704992622969
Rb Nd 0.3069983383422463 22.28868011330745 0.5408894595364443 6.905972946454345 0.1286754390028984 2.826697069322828
Ba La 0.21898862352598933 3.151308082149048 0.27384138476418185 25.486216722935545 0.4914781036640965 8.214480212321517
B N 0.037367953838397604 26.42008673815954 0.2077733135237114 67.75892641070247 0.9000685341578691 4.629853830663681
Zn Ir 0.2782369993025187 3.923661617546497 0.206112956413584 39.91496096907702 0.537356819381608 9.467676214657365
Ni Ra 0.2828820012149793 3.7097374703125308 0.30647235704144243 79.45866705689352 0.5928187962152837 10.644174190418862
Te Ce 0.5681467474996637 9.195342633732407 0.21286678313543725 3.1987240325529904 0.2083303099426983 30.495743468697576
Ar Hg 0.5922333780170744 8.640298506874155 0.19106896088510447 34.797689887327174 0.21839061483099262 3.2201750078590092
Se Pt 0.5560877645556777 9.650066629197172 0.26527950907838505 3.8131392204232357 0.2080766963816256 42.59759974655363
In W 0.5447857742816324 8.135610663185874 0.2503433713844622 26.250660231927696 0.17584476094789117 3.372652840323916
Ni Tc 0.43184907119563626 4.1472251795085056 0.48919721126442167 12.291884496006057 0.07491297376751213 51.923304347964134
He Nd 0.1296672275862107 2.1945149154334556 0.23095963858806096 25.438514986929498 0.6220061846217763 6.037227494098764
B Ir 0.5998701229487216 100.29903953879978 0.46965353668603665 11.799367442306961 0.43104245847510375 4.123740907619649
In Hg 0.5759383129862803 8.381830839246 0.24368532469087925 28.92873194717426 0.16551928107349376 3.1530967359403683
Zn Cd 0.3509853820055007 16.9008324499289 0.4156119359612204 6.621774651768897 0.19214919392679397 3.1599056517524766
Ba Er 0.545050302777147 6.668036714690057 0.09675125897361642 2.9253126314374023 0.32968964572549053 22.845327398751817
Tb Pt 0.312560493662916 27.58316557122507 0.08960029500467916 3.066440187121978 0.5855334615569687 7.0024560168094165
B Bi 0.5363503654606349 11.538442918053406 7.36504338478973 170.0546284633224 0.36878864469187916 3.5904767398051134
Ar W 0.20722225333022812 3.3066421986620593 0.20661157053404053 28.748191429403537 0.5684651041997612 8.017426529467292
H Ag 0.6409093792024699 4.202997641620617 0.3446270174622691 18.25692639679636 4.130910400845522e-11 5.260656155972688
C Sn 0.47966577348125194 3.736246082822648 0.16450057128709025 23.420799340474357 0.33313203362598537 10.50839237008548
F Ar 0.5680907597305137 3.715889949883239 0.06994160250335228 32.385762387467395 0.34998634555257546 10.569203581925308
Zn Yb 0.17922055510867313 3.4991033510386624 0.485255444174959 7.272009985604544 0.29322805365229365 18.698796848201916
Rb Ho 0.5493604072940748 7.951852286637455 0.24908233382893613 27.35771988535781 0.18746248276299696 3.370505842819315
Pm Po 0.3019757708528453 31.14605544735381 0.6022426850644751 7.592548079326613 0.10734088926377718 2.9114430225177244
C Er 0.17897237885180742 47.16192083740624 0.3483512171486333 3.8302776607195517 0.511572715521849 9.478765232166964
F Ca 0.5717671022884273 3.8227785528197367 0.07373324410426449 43.33903544538841 0.3599444169340474 11.170858186695492
Ne Al 0.41088338588073875 8.323216228375856 0.46617669036040754 3.29126149248078 0.09730736986420477 22.94262179939726
Cs Bi 0.14476044055298815 3.020427549472223 0.2845512986214419 30.12035009127428 0.5742439184355418 7.937482108304356
Pm Yb 0.5343135101312623 6.108936979044621 0.04266672279499546 2.3622595943292657 0.359125220283341 17.798487498377465
Te Nd 0.22007892937139134 29.71694470842032 0.20134311325016715 3.210184249159857 0.5661797876100225 8.912652379247286
As La 0.2392218987704569 3.284080819909867 0.4382499875657941 7.832148918414837 0.29319537110697025 20.883037445982836
Dy Ho 0.6031376777816196 6.304543022249269 0.33881224522773845 24.691049468204024 0.040759173729013096 2.4187785800419084
Cs Ir 0.1340136941144788 3.144738460458854 0.5383317527130126 7.292505036737124 0.3054688691106703 25.0084483124666
Se Zr 0.2193675709567182 3.2600396757792147 0.2806171564454592 19.73721418464642 0.4733408229350739 7.386407711212475
Si V 0.4289776630664117 3.4887936241984883 0.3268350668905473 93.36633219383647 0.5115146328938338 10.46195444738602
He Ce 0.24120814241973326 23.94371319010519 0.5770068144883723 6.023214145121787 0.16153102468453362 2.310702928484881
Co As 0.48958206935368614 9.516978188250873 0.138856371122088 30.255960118352668 0.3645266612284545 3.8771012330007197
Zn Po 0.20775102869231368 54.308763349291816 0.27394906355523874 3.7394609188647085 0.5776068110626101 10.195858547982565
Al Se 0.481404635506403 5.720867462284398 0.31024218097753625 17.023791069599785 0.18068757482929568 2.8823956141613545
Ca Cr 0.3437783901486277 7.575389293809481 0.39013083435594614 3.7491822453386194 0.2669233716933025 19.612227331087734
C La 0.3111028664936792 11.293155650154283 0.488893133961629 3.604698922172892 0.17034528508651506 22.230710968396103
Ar Ta 0.1861662548900241 3.1883790334292477 0.5771614867724136 7.726309153332585 0.2144847073320878 27.157700129081494
H Zr 0.41392655136436096 13.98404801541257 0.31266912470687064 3.6460425410233945 0.24468007832384803 3.646219451492855
Rb Ce 0.3227473215297794 21.117563991379107 0.11835835091844794 2.6754934008186377 0.5328816390448469 6.68793737810382
B Po 0.3531518439490139 3.461985203742279 3.9026064010579296 153.5126992739029 0.5503156732996749 11.370153951648867
In Fr 0.5759608807095432 9.055256205812661 0.2160276904249172 30.873171029999494 0.18918967187076707 3.1478939259272702
Sb Pt 0.16196579034882572 3.1594837187266793 0.25152466645948507 26.96379754040976 0.5591597627177087 8.160106234878915
Sm Er 0.039629217268015396 2.32692689186362 0.3480095941509525 22.936738075346746 0.5858585666598276 6.192021723848243
B Yb 0.6040704834570577 8.3865364187887 0.23269059244249624 3.1691533329958084 0.1596775322651087 35.01582331532559
In Ta 0.24783872741771892 26.45146978347277 0.5428883834506503 8.198364251130794 0.18101297564812835 3.4032210811860706
Ni Ru 0.48960679587435263 12.294135529888171 0.06779095141668197 47.41244787180094 0.4290425343067073 4.135805961407363
He Ho 0.6737753627979007 6.752170516621001 0.19897635340722553 31.33955060765505 0.12106799917140945 2.3026053347147886
As Er 0.19581687983303464 3.508668950160029 0.5542794013296757 7.990875472683719 0.24633120036032982 28.866938975439435
Ar Fr 0.6496511630093446 8.235158483263 0.15556191330311725 2.6256943612650434 0.19586645989325482 36.16584254393932
H In 0.3925625429262311 16.191928735995834 0.583195840489705 3.8554157446248083 1.3788678474860231e-11 9.066984347658947
Cl Ge 0.5122893916017287 6.749744287457129 0.24339122503369348 20.997320237393385 0.23162040477975257 3.108908803199505
Se Pb 0.25220921111406547 3.661476954030732 0.1908822132969067 43.5936616908591 0.5799855501636497 9.838668061198701
V Br 0.5549912875429973 7.882911514074768 0.18101730970359484 25.088633895771398 0.2480547791645987 3.2219485494410587
Ne Mn 0.2941213974701576 84.28050487884151 0.4622185924689531 10.019955967298745 0.46623449581991433 3.766809180143746
F S 0.2822280835990451 15.255238866751487 0.6955827508523121 4.119375718303966 4.537307146938443e-09 15.38296216438937
Zn Pd 0.3428645020061812 17.071862939245122 0.4063663722490102 6.719430712279211 0.21145814683090178 3.3198375634149677
Sb Lu 0.1791934592544671 50.0698141225071 0.2587511771780388 3.7250519208271293 0.5875892473660503 10.190758515408927
Rb Sb 0.19488450030027252 3.017374921662524 0.31263982803770135 19.492320110062273 0.4599065589158626 7.4363880515721545
Ba Dy 0.11789693525490595 3.1282057891634545 0.524466701209913 6.779166594354072 0.32902437868608697 22.61030657450669
Tb Os 0.3216723142799461 26.41211978438706 0.08495096150096225 3.104026221371045 0.5775547443678808 6.8240097576010275
Sb At 0.2201491606600972 30.991308822017896 0.19144919847415817 3.1769075500400263 0.5728798402588607 9.095202361414405
Si P 0.43987725986907406 3.241195944382267 0.08632421847606901 50.13563775662521 0.4897094051493825 9.474559600017745
Ba U 0.5149205968598604 9.509161376738287 0.24318610284601533 3.7583772794658192 0.22848640444183524 31.682707948966677
B Au 0.3797070627441016 3.7782167152214114 0.7129534053577101 103.99345360815258 0.5174713697166032 11.21406598347871
Tb Pb 0.09383964457508959 2.9433913247768193 0.3113209040425242 30.51100934310161 0.6036153705704801 7.31256611525755
Te Ba 0.1955840223001687 31.562877075453553 0.5517041451484116 9.784813133452312 0.24623497728903007 3.2802413447851135
As Pm 0.27103260781234956 23.723122750719764 0.5423861911756998 7.386066518444122 0.16547547537761698 3.174482037435373
Se Os 0.5419038941084988 9.564600568501591 0.2125273441014388 40.60377236649968 0.27269008878700146 3.887841022866611
Ba Pr 0.5295746193339498 6.326695720530877 0.3511880623934985 21.208756063345625 0.0906887561167807 2.708036463150414
B F 2.959597310760833e-06 146.0158625679771 0.8526213941854339 4.518114737772203 0.13721946019968878 22.389421288031883
Zn Au 0.5665189511466566 9.30831187667081 0.25100406217512095 3.7179839587255437 0.20213742680332508 40.877000239693984
Ni Rn 0.2729163699633793 3.6824963847891232 0.588658836731266 10.298048203170609 0.24231754195197236 64.77505162657955
C Pm 0.17050650406062937 33.562506509428815 0.4460793958128812 9.08527146621869 0.3834537509122367 3.7848765880856963
F Cu 0.3599092266278167 14.653659549742404 0.5353335710880911 4.376497437287007 0.08020670642379625 4.37675925077802
H Os 0.11247826421955763 58.20592329041024 0.39190202570617994 13.361665406373788 0.5186623420335404 4.425611090575957
Ar Rh 0.3577034803026664 3.5075038270206633 0.07398882698845088 28.728969803796023 0.5290227803630517 10.275904740777182
Se In 0.2823177731594172 19.714400110848757 0.43736185297799435 7.971069295984865 0.24698114665251858 3.385755375620858
Pm Au 0.5825516072342206 7.2047357935230485 0.30574124519309404 27.7705911299337 0.10137261668949209 3.011085350737987
H Pb 0.5160568260863835 11.781147814245776 0.39052921536702445 3.613656496248982 0.2064183347894568 74.20593838027757
Au Rn 0.6330093557435009 7.514252648985108 0.08551777966862782 2.7312288375093354 0.3048424236097935 35.76114050548456
Te Tm 0.5636219763578396 8.073111307844306 0.16126809157783598 3.2017839038294027 0.2533828209678144 27.31989593197198
B Pd 0.5828656638132014 4.091566791311503 0.3840726699394814 15.767464287562298 3.835282291813157e-08 4.449566437780757
He Sb 0.20330425372667676 7.161176291061419 0.3276521388948709 17.27701984960656 0.4381213893069307 3.325913175142529
Ni Hf 0.31696154104182644 4.146482612267486 0.47990553394678254 9.356688260079359 0.2103813817112065 33.97866242953307
Se Lu 0.4959469882324856 8.40730662045423 0.24288351076891732 3.751707837865632 0.22341195498109076 22.648819700537487
As Dy 0.17191681944334886 3.345745770647936 0.5599942942485866 7.627165692730981 0.25675447350419617 26.73688993065005
Ar Ac 0.22446093436982978 28.895646118057524 0.632866769009185 7.873913505149543 0.14058916519032327 2.546311491331094
Tb At 0.1044263830656285 2.972043694275008 0.6092042381612582 7.612728306595566 0.302416055828349 32.5311612236766
Sb Pb 0.5748077185951515 8.90678494870136 0.2312911640555255 31.829963794522712 0.1872819533838876 3.2077788247520713
Sm U 0.5173702739698236 9.379329225878738 0.237329157437537 3.9698221355036654 0.25219462136720605 34.63556918386863
He Tm 0.6652943163239079 7.261089538564577 0.19001110360299814 35.73794931045593 0.1504743857781042 2.503497333120699
Rb Ba 0.3286302985815377 20.701133942092078 0.12398365465240564 2.641404523748257 0.5210045956113318 6.6393864626833725
Ba Pm 0.3459971247454027 21.341229489953264 0.09946772056343221 2.868630701783616 0.5240525020114304 6.444784510791165
Tb Lu 0.3486435210096876 19.135660631091067 0.5632665243490634 5.877641830773761 0.028095897138185385 2.2462244445727575
Zn Nb 0.38264534350393525 3.9123920296880335 0.09988547620048102 34.980634692635455 0.5031055638387747 11.051508677056537
In Ac 0.553963276524048 8.831868021802796 0.1843118185716001 3.134908830195298 0.23289400647373976 25.108737522927953
Sb Os 0.25674470397138327 26.379003530645967 0.5537922363745055 8.052348207517513 0.16116877470410698 3.2109748116702823
Sm Dy 0.5848496738323113 6.200604899385232 0.3466486737601388 22.956351269798716 0.043227371450737774 2.437095792439679
V Ge 0.27338413332667943 3.441419158756722 0.1952160783451666 25.60688363934695 0.5256160096391254 7.790420796880337
Se At 0.24542340514079053 3.5713852269090944 0.5939418301180075 9.997361433208322 0.17465097746372868 44.386049944788276
C Pr 0.4323747734219033 9.106341190962102 0.17027670986634685 31.655109360757223 0.39266467032067504 3.710579946119697
Ne Ti 0.487788241711669 9.15197503217016 0.42575877439338966 3.4540034001801367 0.11565129422526961 47.39810028163831
F Na 0.7153435701375384 4.248842508924236 0.022132810515750702 1.3209938709138924 0.2393846967589385 15.985841848244881
As U 0.5805551259574129 11.220632160192313 0.18228336761727854 64.2518418306384 0.2951497517752481 3.9272371846311476
Cr Mn 0.3519578624420723 17.77591697717195 0.0015797178619133653 4.78837636285761 0.6421620377876184 4.78794170211075
Cl Br 0.24416807664875914 2.9741546297779355 0.19406165342198214 25.176264067123824 0.5514801442098969 7.518517871947311
He Ba 0.2515719664916696 22.7198051387869 0.23901940451027323 2.5475750255634764 0.48839424141672744 6.355263939759626
Ni Re 0.3093673480672144 4.111293723440588 0.5036556453406758 9.553398470690237 0.20404495642096673 38.305605245497276
B Nb 0.5570222481955017 3.9104141166193744 0.40949556339784726 14.491658769017393 5.357020023318926e-15 5.88337417208667
H At 1.4133358444619668 138.21772739083198 0.4182841919848945 3.683715589977481 0.5061398574871924 12.924790448228366
Au Tl 0.07814948131536177 2.754063843306018 0.6376543793427197 7.314271408104778 0.3109745620632078 35.83296361290721
As Pr 0.1598874788184493 3.082244774802281 0.28712158234982715 21.81597721415692 0.5253735050023701 7.174181390219134
C U 0.4636556142511822 13.964383940827505 12170239.329033157 550.3397027015785 0.46142833714159576 4.183227533687824
Dy Tm 0.34189865548571907 24.466992204151992 0.6012383345687262 6.2649482739143805 0.037145162719012824 2.3261121190822815
Cs Au 0.12669312800093413 3.0053625528946584 0.3006047481648753 25.84703609040137 0.5529083058255347 7.342311160697625
H Lu 0.4731577454301758 9.368184656398896 0.15295379045766846 36.673223558686715 0.37155359777218594 3.741642925119529
Ar Mo 0.13276006246694236 22.454962234971173 0.2931147057621187 3.203594669330615 0.5322860494148611 8.730933406904732
C Dy 0.4843079141645105 9.580171419869448 0.1680346145553397 43.20025280537462 0.3718734610508061 3.8999138041208976
Pa U 0.2098485436659176 3.84167615291493 0.24384638300552525 54.24910370388667 0.614557146557451 9.923542550171124
Ni Tl 0.21520891691530966 48.646957818512014 0.5785622873162558 9.564322813787246 0.2570739683218856 3.708413931676655
Rb Tm 0.1745744461257021 3.299241609287526 0.5554316979038177 7.8088394294886045 0.25359281450853244 26.92576483530611
Pr Re 0.11976217240340983 3.244849812586024 0.3156844874860432 25.6575517725422 0.5472963384778821 7.1030075299182105
Sr Mo 0.1651889296733122 2.935185707979819 0.4636911081688482 6.624075512889053 0.34506021140351406 18.587347407669505
Ar Sc 0.17782582421179838 61.00243222790974 0.5744457225808227 9.874403598606552 0.3630737616588894 3.109925855878712
H Mg 0.496676348485638 3.002972288635755 0.465753551400598 8.063996341317111 2.270962161374842e-07 8.076952683356172
Cl Tm 0.20470334779623064 27.01152089288698 0.1930785582253311 3.2245374832675946 0.5791039174089666 7.783482474363164
H F 0.005567573739825876 5.0290219657161055 0.7725416581351714 5.052507545953666 0.18736881459286533 5.052140305295147
Cr Au 0.2509721832208224 3.614084693302214 0.20205962287576681 43.50643480461109 0.5745085012183938 9.203793903207332
Pb Pb 0.36791869747897665 40.287242084678134 0.6424122609291663 7.452010855228849 0.08343093894918574 2.6909187645144157
Mo Pr 0.227035936310522 30.072004835249093 0.22926100033128308 3.45874838188505 0.5408698527856785 8.791580576221854
Re Au 0.6177208543065337 6.908696550059684 0.3204603557799791 31.180587177539294 0.06847281076715059 2.8278811537024837
He Br 1.4934320730808066 130.3854721562809 0.5695645053659794 9.051200341545064 0.35772090313002597 3.0026282036993197
Pd Tm 0.551455927795864 8.380276035829668 0.197425582612465 3.51180837774401 0.23440729684400152 29.14394147325187
Al Pr 0.23554759221005503 21.67497443938454 0.5765005732788123 6.78014465820532 0.1512519079842986 2.64981562823871
B Ti 0.6371978952363764 4.223084244275344 0.08267842052814958 4.223643189380137 0.26619375580212423 17.474076943269328
Ca In 0.49330000929310036 8.908961910854202 0.1752541123305734 18.887531739396653 0.2847196968428007 3.2006931367279967
Pr Tl 0.30119463603267643 30.030806379507787 0.5891789051002949 7.5946078356257445 0.11755839197000603 3.0191621034306433
Mo Dy 0.22033964843825163 32.62443587615705 0.5513578628061199 8.819184262344901 0.22720528229690873 3.641048152192859
V Sb 0.3692281810638731 7.686460163080715 0.26043314940213946 3.2205500396454565 0.3207644668949435 15.652788430212192
Lu Os 0.24207266099841826 29.7291067616081 0.17447601155750087 3.8145224516848493 0.5547875905766602 7.787180302850081
Li Be 0.2051564673355269 27.631071732216167 0.8262248055964948 3.514367745458654 0.02720232905269403 1.0879873152418256e-18
F Hf 0.41680628946115167 4.19213012488432 0.4671047265133097 10.988274829741993 0.26375837316974227 69.01045834051827
Tm Ac 0.30462647414721594 22.97579397365124 0.06305999150658123 2.5128931367907517 0.5919004216755618 6.929273341842712
Ne Nb 0.4587380476658984 7.503631644638979 0.3159679592868485 3.314188794388842 0.20953528413900127 24.027383920655787
Rh Lu 0.32447198113696485 78.00414012430963 0.3171099434557501 4.0577475770794225 0.5573605231721613 10.970734145812246
Cr Pd 0.3877755512449184 3.8258828364049413 0.1415267645049563 71.55100363238094 0.5313466439775727 11.549095134829896
Cl Ba 0.21354020627154854 23.229280352613024 0.5793321945297544 7.329131730757359 0.176783515639472 2.673106800191013
Ca Pb 0.617946988901934 8.47975790791752 0.18863744362338764 34.64611816161016 0.1883636474248038 2.991292957668844
Al U 0.2026486899704579 29.752212128170907 0.23583234341625736 3.3517839358213446 0.5413755632942593 8.575150984705685
Si At 0.5794937397983934 8.223729953797013 0.21376469388879776 30.52626091061373 0.1977580170336758 2.9728300025790273
Ca Os 0.5255729723772071 8.813782829348453 0.26962610515487684 3.6944272831063283 0.2010314398276333 32.537325411802925
Sr Ac 0.13356543601363965 2.788687289378301 0.5253549474401545 7.556956455725945 0.3119234855191773 20.557732437055936
Nb Nb 0.16804414548709046 31.8334814391502 0.5040407964932536 10.314971595447316 0.33106826566827985 3.652649874925974
Al Dy 0.23554676458761042 22.460971129579896 0.1362037157325572 2.7911150617385703 0.5941914241929535 6.896549355212941
Co Pm 0.25792787041880827 22.06139342453219 0.3076057159512487 4.015701827812436 0.40777070828170303 8.267214355105498
Pd Ba 0.24354454111097118 3.3851983710687845 0.5277169196398152 9.117391376552202 0.22360551765014416 29.40178612189328
Ni Cu 0.36420916994027075 3.937318984411735 0.41844234975351796 8.366255998743902 0.21385775215509853 23.132702699428563
Si Lu 0.17084565166062632 3.0926325023470542 0.27096549504730555 18.321880344962317 0.5146164780906617 7.022673515048906
Mo U 0.5718495194687284 10.602627484905279 0.19027646140172375 46.95943515032541 0.264908394175512 3.813618198904637
Lu Pb 0.17427140471119118 3.5935051397728164 0.6049096991656245 8.452879382554926 0.2220598210107171 38.41303618471374
F Rn 0.10119942388418654 24.27099926112538 0.5194693863984607 10.081311414728637 0.3168840852325289 3.4272011482754556
Rh At 0.20901906546762006 36.4080008972497 0.585669551417831 9.345362254485098 0.20865950143808792 3.327743914866438
B Mn 0.21509128997780896 12.801653690458961 0.6960284135835612 4.479268101874286 0.10102874075439613 37.98295198341795
Pr Rn 0.11260160539605758 2.8430422977289957 0.6045625792970251 7.759077543469011 0.2934602881445287 31.554104827340137
Nb Au 0.21205604635331257 3.4538005491167847 0.5712015311179587 8.91254273944171 0.2106674725331148 33.52916982055414
Si In 0.5234167532598211 10.070237133318026 0.35278348500285417 3.419442281056132 0.1048768529012763 35.280693181210026
He Ge 0.21412630868585888 66.30331181847153 0.3250112070951069 3.123516860393645 0.5845346829437996 7.96275621869592
Co Pr 0.2656591518182513 20.433399914361093 0.36005137159496153 8.545867047661757 0.34102548781991443 4.067341877422953
Pb At 0.6428465198176884 7.63000879047617 0.0889250796966094 2.7176504249410143 0.34646730438510376 40.50863492857686
Ne Au 0.45934641799635084 85.34702394009216 0.5639252384943274 10.205305982230097 0.3167599259669944 3.555278105831159
V Tm 0.2583313262100983 24.572381127957826 0.5875569326563063 7.043604848086248 0.13350240635818697 3.1201050519391993
At U 0.12814069194996822 3.159839702240983 0.3199600762102283 45.215596238857906 0.6351527381389671 8.53937419671047
Ar Fe 0.5266847919502514 4.101941559976129 0.4328580483177984 12.87750094025275 4.325996970498241 163.2396116205129
H P 0.20230947038208197 17.993530330600457 0.051407772691142835 3.963477223110268 0.7349015145012489 3.963981941630957
Rh In 0.22690171665033873 24.31930487572068 0.49540580049001365 9.116468204428006 0.2554099086735533 3.318766238946177
Pr Hf 0.09809733634091676 3.083102279069882 0.33070376029010157 24.132885370151637 0.548326476152066 6.726745184845443
Sr Rh 0.4288261560370395 7.878461632501951 0.24832035066335312 3.3659963510611313 0.29612663103382836 19.977355382723307
Rh Pb 0.19617402385837443 3.2819555832826808 0.2193459458931707 32.36507722385527 0.5761975416834944 8.873744626399192
Os U 0.2699575092610067 36.80192774894965 0.5778869547741462 8.580344286476615 0.16660440775395013 3.6659659688693322
Lu At 0.6134029592549701 9.06877086007508 0.19521013873510978 3.6778566733063123 0.24141504305696906 49.36646753686881
F Tl 0.5502661757612203 11.02280224900396 0.35196933065221087 3.6786857775702457 44586607.75088058 564.2741513069499
Co Dy 0.2512907781086676 25.423740984484276 0.4970470499134124 7.838640614041737 0.23757683004209432 3.8356519566852
Pd Sb 0.2825980606703554 3.3748383330420895 0.15860715624585742 31.520265963209173 0.5461655812461156 10.474790590086183
Si Os 0.27715282451913237 3.629541950694129 0.5175945899125111 8.81916002304227 0.189592778278845 29.507935983244867
Ca Lu 0.2694239341814338 20.785949655164462 0.5684805895541061 6.844310564751278 0.13000714977520997 2.8816937599073604
Nb Pd 0.2685876439092587 3.4210611746663218 0.25019289854998783 22.645888402972354 0.46005163128105425 8.727550619562432
Al Pm 0.15563714209813867 2.7555193848142387 0.2274714626637312 22.405121247828443 0.5817409247486051 6.949985241568984
Co U 0.34552904597764594 4.180887586956491 0.5503337640840694 11.60605003885606 17716005.612761896 542.2379778617553
Si Pb 0.20727494164327906 29.51340846963003 0.2346898664057614 3.2775719605842215 0.5440450272626995 8.472988594133625
Ca At 0.19270666265138664 35.45221348318917 0.17047789971706714 2.835755682561742 0.6349751956374334 8.385914177138046
Rh Os 0.22213568305882644 27.256076847629128 0.2261493674991801 3.6533496084602923 0.5201787482586432 8.725031334009413
Cr Nb 0.12386436964963941 72.22944172826497 0.4276178482838168 4.025054470941629 0.4981983917170848 11.86907533292864
Ar K 0.11733781777486303 33.38962728376517 0.3087611158724023 2.7403879126633717 0.5996931278095583 8.85609046547476
Cl Sb 0.07923684183208743 36.13018700476301 0.5746844559644487 10.169832867890824 0.3167680721372521 3.2411628235348977
Mo Pm 0.22526290424498022 31.18828567167487 0.5453177812531829 8.816391003287434 0.22911377417551193 3.5259210569765447
V Ba 0.25748058344907104 20.51431092696155 0.4596449724956104 7.772679835324752 0.25136838329618344 3.3952058221305377
Lu Lu 0.00202047216314945 0.3942171743327594 0.43772034072687943 13.206415948752683 0.4716247465504263 5.055587513593911
F Re 0.4651388786690324 11.526133468914637 0.4259459630941832 87.71818222286511 0.4282497263257328 4.233809193514391
Li Li 0.016169172868343126 3.072468974911398e-27 0.809972360256681 3.160359162929173 0.22713864219371024 22.6661915699859
Ne Pd 0.47400437020402875 9.304220744565809 0.13103488759393894 32.1730955718097 0.3774127396116102 3.4670405227997625
Tm Ta 0.3447073329994091 25.37638782823924 0.034091648598618844 2.406096143312088 0.604575387188742 6.240272498085691
F Ra 0.47090597826905256 9.590268936923556 0.30921147145163475 3.3858032446219997 0.15423375931488362 19.710057754675468
Ca Pt 0.23871394239270244 3.437333204752385 0.5613824019109456 8.709717162315625 0.1942381584676312 33.27327293691306
Sr Fr 0.19410773841518894 29.820772268230428 0.18922652209781587 3.144702665400938 0.5907874112472605 9.02794894575113
Al Er 0.15311064599471771 2.9292617547992754 0.2292975405796229 23.0809846958253 0.5851164059487858 7.125790029537066
B Al 0.0038844198002562337 1.9587993038372397e-12 0.6212716524587363 3.463937920457049 0.3511868459764699 12.59467475519562
Pd Ce 0.22083224373793703 31.156249558052732 0.23002992524616167 3.405812165697444 0.5477788732829361 9.018447854599042
Sr Ta 0.2861348525972406 3.889575436877503 0.20263796472832227 32.19091826879106 0.5017070619946559 9.552928485616135
Mo Er 0.22923739806375276 3.6691354546035746 0.5499852273254846 8.861913187448673 0.2159542224229791 32.509825786321066
Lu Pt 0.5839527978302035 7.950568764301599 0.22558210845214519 31.82003272640944 0.1630558067886009 3.6456011592447646
C Se 0.41138854578841993 13.454745923994654 0.4111673558859489 3.9795878634291264 0.1438426218606755 3.9794870350989178
Tm Fr 0.6202718068783729 7.537201787404753 0.30284108053911557 33.09326602200447 0.09204042540781825 2.830668180426173
Cr Cd 0.34424038926828887 3.6164874629708996 0.09583139130072706 30.710916594669428 0.5297825792590674 10.529788870377079
H V 2.3371899366955725e-16 3.9461173009664936 0.798738730291963 4.209012328944303 0.22648627133818586 26.814695413739397
Cl Ce 0.5777410870478157 7.640270932842898 0.19399984240034945 2.8874676745738315 0.19940841359526854 24.66368905818773
Si Zr 0.24300600245594495 2.956155451524219 0.18919741597478149 25.296101691410524 0.5508194877452178 7.512578650928776
Re Ir 0.07565118362525776 3.02616285860162 0.6080981112789742 6.898234788134037 0.3205966370389651 30.591774633085205
Co Sn 0.3280374365935374 3.643220681990826 0.1819511422384573 20.531971680779336 0.44841478032367454 9.653248893879237
Pd Ho 0.5530040302466742 8.503413864597306 0.23173514655652874 30.1985483677868 0.2041101025747055 3.5327012456779436
Al La 0.5357366703968454 9.720819199309865 0.13210867909860818 36.90441520679522 0.32293858375446366 3.1417995142123423
Ca Ag 0.06635464536979534 23.073941300883497 0.5337765461487879 10.561874236203925 0.3492477530812116 3.489497306890513
Nb Yb 0.1399094033208921 40.40267176230859 0.5899110693219893 9.85948693406242 0.25586672132012067 3.7704997470444352
Cr Bi 0.6169259392642906 9.285128455996729 0.21141117046416166 49.48250667235163 0.22439504390606188 3.3604570409258097
As Se 0.5167953441843851 11.16546965333992 0.3884115221693317 3.9201974765523873 0.11817426439932507 45.504547063493334
Ne Po 2.7101666915010214 142.99759281713676 0.564060181728386 10.961561671460437 0.3322769055730815 3.533319705542039
Cl Ho 0.22823472138842435 3.403864182494122 0.563207682110307 8.216496128842818 0.18864808616545198 28.57507109276097
Cr Ir 0.296800975008503 3.9320176853426627 0.19652318585216105 40.474481431462856 0.525382718539335 9.5355364106561
H N 0.4408063768200924 4.509054041344036 0.5215241306643509 4.50924384270764 3.5198049137890927e-07 3.994503591312866
Ne Yb 0.13890856572829569 43.91546412546556 0.5519752386210687 9.970406009185586 0.3242376365603593 3.7284355039959864
F Tc 0.29308457223711376 11.455909932526579 0.1422293370771631 24.21035100542253 0.5379747955969727 4.119363063170062
Mo La 0.21622374279411477 3.093525006483385 0.2894735243845012 23.428602715417682 0.47795008559074725 8.0716358125796
V Nd 0.32448130977051665 3.9527598380692797 0.24350582929616107 22.420949371078187 0.40708126930073807 8.56853799748525
Re Bi 0.31040992193785294 32.108103159906996 0.6192898039273841 7.208864608894339 0.07938723618871361 2.8356394751278406
Nb Po 0.22190165739248996 30.711458862590785 0.18200398659376957 3.2064759164695373 0.5831558137480968 8.629908397046778
Rh Pt 0.18318428326631908 3.356975907120386 0.24117557083413105 25.042688898162478 0.5361568114999254 8.12042559131586
H Cr 0.21803027483435125 29.244283562447336 0.8130820760731208 4.383699337862151 1.2330146239121053e-14 4.109544290370271
V Ce 0.30192934526153453 3.7639821139408087 0.41563491825320265 8.263638901111024 0.2544526340364208 21.257309594903564
C As 0.3994876093753896 13.536259605713886 0.42530543720526526 4.072798000999379 0.14255763076981606 4.072584809973664
Ne Cd 0.3599333954087171 3.309071401387518 0.5117933206333108 9.589060095358223 0.1058924095460701 35.05076075491141
Tm Hg 0.6043531622230585 7.0589749553597265 0.31734290548726 29.60520893527477 0.08081340498135586 2.937919817100002
Sr W 0.29352426530398296 3.9280974625339056 0.19633262174152805 33.84881546099633 0.5049035111116935 9.793227451664398
Co Er 0.24599035331233515 26.922808429825043 0.2202417177819343 3.7440843914425934 0.5239836190003636 7.833024668797622
Si Pt 0.1992784888035526 28.22586238587922 0.2513827252283509 3.4635829990909928 0.53064248216635 8.508522490982639
Nb Cd 0.27324556096380076 21.95544286989523 0.2324218524880165 3.234476190907678 0.4716590765429088 8.182355000851006
Sr Hg 0.19732112398640092 39.89448798964397 0.5697088773392388 9.775537108719542 0.24958033086717304 3.616076147426649
B Si 1.4120379696078886e-08 3.4426811071454466 0.3361495160838118 13.371733256732668 0.6425980625472588 3.5183395677994938
Tm W 0.3412468666677702 25.332519313812725 0.0367539056203525 2.465723528248107 0.6030157390321652 6.287416534237879
Nb Bi 0.19238946347734134 3.281857740245565 0.2192271516848633 32.393978404277625 0.582975988516244 8.789952725748389
Re Po 0.6199748082012899 7.276490168589342 0.08167405289382544 2.838379117873763 0.3082664654198424 32.43357732755817
Ne Ir 0.340183860833073 3.758906020453289 0.4021794677480673 80.56010092817237 0.540273971099846 10.35954731148445
F Ru 0.5090302047238842 4.020883756742396 0.31199531659840646 10.635528638104773 0.15107319270664418 24.184178366164122
Mo Sn 0.23670317004605665 3.2609682531693935 0.2587765856861731 22.864717374885654 0.4823488685807338 8.499556886841104
V Ho 0.26184845525632094 23.602894436852694 0.5410000451171286 7.205265524403194 0.1747117358994459 3.4639557813139077
Ar Ni 0.38384705908849553 3.8221476138021955 0.2510290487912169 20.255549138742058 0.35737155898111994 7.480698183499009
Cl Nd 0.23007219082660513 3.167131175115356 0.5790825086779645 8.304948959541838 0.16955772301567915 29.213719441570046
Rh Ag 0.2229266464929003 24.16395443388376 0.2700659839765579 3.373093072509669 0.48492245073378143 9.248457187860666
Cr Yb 0.31504185513970456 18.939496730830733 0.100627881544193 2.952216600791299 0.5513891941265668 6.4703523092757615
Ne Bi 9.816834687874254 175.0805455744828 0.5681475028634403 10.823879645001732 0.32818999610989824 3.5286108873703306
As As 0.40450087206003926 3.9927901512327866 0.12032457214288134 44.60158069893064 0.5020317198347428 11.319288125469026
Cr Po 0.6192988939779549 9.319222024994197 0.21892692404863265 50.80386783503728 0.2228670705040712 3.3348491447602977
Al Sn 0.345172657194835 3.351538619142738 0.11744417317603056 42.543224149492396 0.5352686853420816 9.920650943222554
Pr Ra 0.2893134187603136 32.02387614332352 0.11707999688472785 2.85999832711401 0.6039775264163358 7.866765596562778
Ca Zr 0.13315066763296976 37.737726483794496 0.5828482682737435 8.988519012581033 0.2845762315443709 3.1728234541955684
Nb Ir 0.5392418862214041 9.435452772807267 0.19696059203211114 34.8622148279783 0.25777622291227226 3.7744370476784788
Si Ag 0.34823092532084604 3.4353126807246723 0.12270866628906295 30.689619598861302 0.5069541808772177 9.559570650368672
Co La 0.38310021634495545 3.803387318537961 0.36165116391091373 10.511046567397667 0.21619681064955293 19.713697655294204
Pd Nd 0.5522993257547044 8.910321497262448 0.22342228170518963 3.4425521327788817 0.22399440744643445 31.617308442930653
Sb Ir 0.16087652103607694 3.1844332287171833 0.5553373872551158 8.092908114771259 0.25596714490506073 26.488338893560712
Zn Zr 0.10091260821557371 38.63850678579141 0.3791878845395459 3.881116630472511 0.5134942875922784 11.027688893170358
In Ra 0.20635614467298868 33.60421372232371 0.1978398611923132 3.2036644133542147 0.5839886445897806 9.333951765829678
Sm Ho 0.34750289354789254 22.867322413335543 0.04126774899852242 2.3836108871233206 0.5847017820684882 6.1911266956383075
Ba Nd 0.09569042421498722 2.7977067833091027 0.348443747238094 21.283743592460556 0.5263326778572207 6.390663156664453
Rb La 0.4811125140567284 6.344022960185746 0.36358989091788624 19.690473294102265 0.12784795683477912 2.575649681115738
Tb Yb 0.5467302595290875 6.34742319517415 0.05388885043530267 2.6595006923784954 0.33563540934156827 18.713975178631248
Cr Cr 0.30939412113542697 4.731857670873533 0.36050374573041627 17.765485140280266 0.33149788417040715 4.731913979184279
Cl Se 0.24275730180580918 3.0311960865949934 0.20707434020987192 23.87433379320638 0.5393850958218331 7.312972602992592
Se Po 0.180213075273471 44.47038550596788 0.24876598498493763 3.609002514476762 0.5890002167341442 9.965572594664577
V As 0.1871383114424636 25.979778525979466 0.5337417669058957 7.904756815409982 0.2709745154499097 3.4063789130806112
Ne V 0.12685949714874561 51.19579727720549 0.43311173735847464 3.5538964021498516 0.48147034633717894 9.29658336964778
F Ne 0.690829668224751 3.9578046502929602 0.0024014871988461113 1.8901693090020356e-15 0.2892240932219808 14.896719711355837
C Ce 0.17146659754346238 30.8313469762354 0.4268232178103084 9.087215989604942 0.39526016970680466 3.6637178784465143
As Ho 0.5585287216018454 7.775414783970881 0.2524572734552423 27.69212294804923 0.18140058559318326 3.41786188990735
Ar Ra 0.19611259058637043 33.65693841234769 0.6445351107852425 8.151554406723873 0.15193855632410702 2.6153393202833413
Se Yb 0.5307591066056829 7.916333895947313 0.23715903004059946 20.993094012749154 0.18641633161922785 3.461387615434974
Sb Bi 0.226448089557262 31.868935358385322 0.1899841630136245 3.205853630519288 0.5749706053495284 9.009276101792334
He Er 0.19364904054159238 33.34811924508911 0.6716246262601496 6.992944644171566 0.1337067346426688 2.40188489925834
Tb Po 0.10134594583276477 2.9710422792786306 0.6066646896318859 7.513395894142385 0.3050566490031333 31.75648489269752
C Ho 0.17210197841761418 45.06149732241681 0.3606302781463878 3.873072514803459 0.4977490038727603 9.53645920066233
H Yb 0.1604511054541844 2.503898437377553 0.6445277748104724 7.27544627501924 0.18605397029319407 30.955435918056445
Ar Tc 0.3212282426582879 3.3534760351131987 0.5121359366518249 9.159882094392394 0.12312889325389931 22.12299197302389
Rb Er 0.2509031525515638 27.049784619514252 0.5486311148860697 7.90500682122458 0.1845965564042057 3.364778974404568
Ni Hg 0.2510093210380517 3.702556843382299 0.20998015600650644 44.86040070841083 0.5759161047558544 9.353446234173726
B Zr 6.513576712478717e-08 4.1895790344272275 0.42454091914378944 13.963879525300484 0.5407779969742949 3.811593334485846
He La 0.28281612577575177 20.79458735005376 0.3728923234582503 2.8776199304206878 0.3200419841209785 7.188043699413006
Ni W 0.3137390831720307 4.1336944542642975 0.4952189119804463 9.521058076298354 0.20614227149814132 37.10292490327737
Dy Er 0.6020441735385171 6.27428377035159 0.038268740822825435 2.3643863141796815 0.34076110655093605 24.504742226589993
Cs Pt 0.5473599091467573 7.300315558729894 0.3025398523487571 25.451661893406147 0.1286025861524493 3.0596255450535117
Au Hg 0.06869273208790976 2.64738507469322 0.6390195560586571 7.1302778602398655 0.3152664120911391 34.77325795016005
H Po 0.5032404741560654 13.826877823105812 0.38799540834843615 3.7879536507746066 0.05330948583795081 3.7878629861164286
As Ce 0.1592828021764676 3.042390658789859 0.2919656647763291 21.50007229901031 0.5208134815629331 7.126141678020573
Tb Bi 0.10022774077683848 2.984517967700595 0.30706325827087216 31.348434408441438 0.60459484609719 7.452625220360098
B Pt 0.7319670888110038 105.89116064395432 0.48736982970588577 11.645616331523737 0.4131953937318813 3.99061953265784
Sb Po 0.1913743262148033 3.1953698963846358 0.5759799090594367 9.080436695477824 0.22203215142806818 31.9199791357502
Si Si 0.08920693325881117 40.59644913817939 0.46922703474123323 9.306348566239881 0.44969188198989124 3.2670909536847748
Se Ir 0.2696800982593716 3.859191293182422 0.2097021290227222 41.02993271339196 0.5475131367502794 9.608890851081146
As Nd 0.276558183104698 22.841298202960306 0.5344022407028921 7.31719148945737 0.16475040193595702 3.1403941779269022
Te La 0.15624961599520162 31.304881039458518 0.5246156052830232 11.236001141589846 0.302742997580511 3.4014229844824047
V Se 0.26488381304938885 3.3441344920737404 0.17959999820233932 26.644567553523437 0.5466299095315614 8.000283905361798
Se Bi 0.18854574332086696 44.972925741672924 0.25122161891758793 3.640150513896094 0.5851940850770498 9.925484473876098
Ne Cr 0.4755210298350873 9.534484412058545 0.442847314680216 3.6438169980336452 0.1514398125271569 58.65439111220316
F Cl 0.6800822930909337 4.088010481476319 0.28146293661668714 14.496318141204947 0.016698006510021297 27.78495524438317
Cl As 0.22754327839218486 22.080065730680072 0.2359926670292195 3.061493128356626 0.5240055880405693 7.000156375435458
H Cd 0.33278950012626396 3.9153104573117115 0.2604803680484267 3.91522260095822 0.38420529148543586 16.40940002089772
Ba Ho 0.5335468696045798 6.733543823483476 0.32915138093654117 22.72970142239703 0.10873984250131974 3.0501599490732003
Rb Sn 0.19554794586887775 3.0419047617840413 0.3091528738495942 19.57667249031864 0.4632604001071684 7.432288628898172
Tb Ir 0.5797319890728077 6.919576163769677 0.08856396937659382 3.109251563068849 0.31779929628421266 26.93853446660769
Sb Yb 0.1768737902233441 64.23912828622134 0.6037156204795053 10.93456333902551 0.27281094282429447 3.801938278381265
Zn Ag 0.41711227247497046 6.603777451548422 0.19398466384730126 3.1989007119730246 0.3487525646311883 16.971533055060338
Au Fr 0.08352335565729634 2.6735871981486063 0.6342627928912246 7.493016354886752 0.30717307770159225 35.92067876847185
H Bi 0.5100858915943779 12.250138326185107 0.294591828697038 88.81523189809715 0.40396031729421156 3.6575038580150716
Pm Pt 0.30623184250800145 27.43870329020278 0.10812877113210682 3.1189317587545218 0.5737922352069188 7.211295981101038
Te Er 0.16512347886081416 3.2209693578829683 0.2505464366676827 27.446549620827437 0.563110584924514 8.136461420932246
Se Cd 0.2848044383314455 19.77666382089702 0.43683548918610593 7.8899837375540836 0.24678731074896082 3.3968478298232965
He Sn 0.3412948582892924 5.372582661309123 0.3494847055261672 16.922731759378333 0.27945633196366765 2.9473866376380626
Ni Ta 0.4858724840392313 9.397058222087749 0.20696755780454956 34.69481914185071 0.31441508679206637 4.139668400623705
B Ag 0.2732770767197554 17.96387791694067 0.5083486858684901 3.8150894711054137 0.18710403358603903 9.358145173382038
Ni Fr 0.5946870611604105 10.473541699283865 0.3207234591085738 77.5067210580833 0.27629482799677885 3.665688360619911
Zn Pt 0.2030072278270085 40.49994964207419 0.2635142328407213 3.8177978527188623 0.5533713864629498 9.372899203046389
B O 2.7083130976832324e-07 4.646104459776773 0.12844025321675612 36.96867124633237 0.8941255471409272 4.69395776166786
Ba Ce 0.35139859467278806 21.387389451468447 0.0878100697320783 2.6266125771288498 0.5346359233547086 6.30391093630558
H Ir 0.5285605487311685 4.478469231463783 0.38999151483280525 13.90158746065577 0.11856246625343864 65.58991461555479
Ar Ru 0.09589557729865623 24.90681112324096 0.5198302182475764 9.760240006700938 0.34289149420182524 3.4464519921275474
F Ni 0.5428235392108428 4.462914562763823 0.09132774613764458 4.462458035328172 0.34242239430842114 14.95348839270897
C Nd 0.38810711053913843 3.748811210947999 0.4402726925449391 9.108499904852419 0.1695894652061087 32.794343939597816
Dy Dy 0.3397741735663555 24.49542371958218 0.039925781592698974 2.400310429565297 0.6028506023919334 6.283080094008285
Se Nb 0.21540113488615825 3.2697385954110283 0.2927643055281632 19.444990564773892 0.4646344999842327 7.259953048175369
Cs Os 0.5371487214714854 7.190661928597698 0.30871738063606213 24.548369883070983 0.12956057299762974 3.130120629194441
Pm Lu 0.36165090147049 18.181174687593916 0.039159289193440305 2.4150850406466904 0.5367814034057034 5.8710363268683246
As Ba 0.4965663688700776 7.18435891442039 0.1775321265890023 3.081239152628328 0.2969596168892626 20.934732197420026
Te Pm 0.22386750685199985 29.66563775309377 0.5675836245949262 8.810346526804777 0.19613871524187115 3.2144000549759686
Al Br 0.518127676199282 5.600770778528677 0.31101904755630416 17.32887717285031 0.14430893697824343 2.580817356986191
Ca Mn 0.2944006811079526 8.975710217446498 0.47799128035076316 4.075083401333165 0.22939796256966735 21.149619690143883
Rb U 0.2655029736299277 3.7454550007105563 0.5899719847949315 10.757944918306457 0.15063260246701982 47.44419737203526
He Pr 0.23584865308594016 24.826318523099683 0.14264172061208305 2.2426628064914964 0.6034331222492185 6.017865262998848
Si Ti 0.1915306833907397 74.28527399284677 0.4003648896775084 3.3100636582037275 0.535274153006852 9.959537900888874
Zn At 0.2712879196707421 3.701637302319246 0.583685784284485 10.264069549230978 0.20658763996932367 56.08860579238007
Co Ge 0.4831686422899689 8.839799729269673 0.1652888074857001 26.548851252132884 0.34155828588647347 3.814616102493202
Rb Dy 0.18205913914126975 3.321846238291907 0.25123785543060545 26.83062145280474 0.5508956144147695 7.871959253750304
Zn Lu 0.46866148912644234 7.53400853434095 0.2787790486357849 20.231515893930283 0.21870819036743183 3.695899459956369
F Sc 0.3386192474411535 13.882267174464197 0.00028614151285449304 4.083652328556495 0.6315790123246618 4.087953577970655
Ne Mg 0.4710578748170858 6.633555340623821 0.14706288091356276 21.41368431093169 0.3637177944675731 2.984828355252766
C Tm 0.18744232561091012 49.212255572821874 0.33122244633448095 3.7466092129995103 0.52963980253474 9.3806673679009
Dy U 0.26738170766576025 33.773495131672405 0.5394933602048942 8.816169717489448 0.199043750476575 3.8277162609361537
Cs Pb 0.5751682047738789 7.640415420531908 0.2970833791877888 29.16255042357663 0.13066351472767562 2.935294075765084
Pm At 0.6048365753713231 7.649040452169849 0.107895675505964 2.89065559665215 0.29953418560419154 31.55142569796525
Ni Rh 0.06922502923582276 39.11111692046603 0.49155585542422897 11.991863423667724 0.4159867818463452 4.078880129143391
In Hf 0.24828033892323095 26.269347257481176 0.5387476630620845 8.211463598333657 0.18447805864101086 3.422278200579856
He Dy 0.11538391231069935 2.2434833332032253 0.20391605497305887 30.176079114430472 0.672292129942858 6.592751066575938
B Lu 0.37166053107286523 3.873456539842987 0.14531767816727767 47.1909419418584 0.5026035361706012 9.895458960923586
As Tm 0.20715083177437743 3.5723365629197574 0.5506114746197123 8.171417321346967 0.2413999191310484 29.802926658741477
Ar Rn 0.6414517367977685 8.199285895132663 0.19733998697489177 34.51488148915297 0.15853725325007695 2.6719856228041774
Ar Hf 0.5847249788039397 7.470196780499369 0.16697112325978034 3.0717246396547764 0.22302762123387349 25.847566768724374
H Nb 0.5005086624747972 3.786141156832306 0.39190239812578986 14.899357335638971 0.08224943632736025 3.785855406963425
C Ba 0.4222096190038295 8.833346457627131 0.179415291731657 28.470727919149464 0.3875312864193134 3.4996828492352794
Sb Au 0.24734626684330902 27.40716251477301 0.5614196807523001 8.257394428172368 0.16465345292078004 3.146822101006489
In Rn 0.5777925705765435 8.888979818603518 0.18179292480511497 3.1295101557522442 0.2206192266500992 30.176839283222083
Sm Tm 0.5874294651941389 6.235758806934632 0.3458172390833538 23.181474501277556 0.04080725453676979 2.3159125134312304
He U 0.49280145738766706 13.241822404199002 0.4239177328859856 3.732582945352325 68269.56041947915 405.68092348455326
Rb Pr 0.31476425966279303 21.70727682712356 0.12457399912978713 2.7611794648705543 0.5362080520772176 6.8077828239740565
B At 2.3555635222862077 139.65413820569682 0.33383422576191124 3.307678774221857 0.5669774665229391 11.133315306587756
Pm Pb 0.10397190911178761 2.9189257716333215 0.5991476427040251 7.4581998238261065 0.3070116054050533 30.39965649916914
H Au 0.5288301439703604 4.40557469207943 2.0916245981819224e-11 4.412430803509044 0.4199677584034505 15.19160697605411
Te U 0.22224720274933443 3.466006479732698 0.19019291243655442 35.733294465129845 0.5752462079681918 9.962695378126366
F Fe 0.5976529078164234 4.506650058689795 0.32160196290990395 15.456342390401334 0.06082853717213204 4.506331859446756
Ne P 0.16815386741667737 24.15936499831076 0.5364454640282059 3.552748434491394 0.2987628259196795 9.497385926418527
Cs At 0.579095172932217 8.052213933931071 0.27864845638814356 30.80115143709925 0.145799592751516 2.9843665660592658
Ni Ac 0.29580701511458607 3.7709541166588556 0.1314243540467647 55.99591781866145 0.6004148157720813 11.036401568405138
Zn Os 0.5272305511600831 9.485351857458154 0.2863565108093423 3.9783719892314573 0.20651067186210204 39.089765691518565
B C 0.8724361241479531 4.3558254551015185 0.21362384262632075 61.515894426350386 0.05144331667478352 14.196248432901186
Ba Ba 0.5193002998353183 6.640424792226021 0.12398476931597918 2.8070189053492878 0.3367214689977425 22.408380876173393
Rb Pm 0.2995397841304745 22.958989684285772 0.13256029841627723 2.886050642932128 0.5463350634881463 7.0094897020277305
Si Mn 0.4789226295076171 3.7991624957379164 0.4690807903801102 11.404620925475356 210493.77145899655 439.66131910990134
Ac Pa 0.38316734142901065 14.473791603620237 0.4446359246364411 7.025079518220801 0.09721042319324229 2.89035470153717
Co Br 0.49893998050657207 10.575435307195423 0.3919211317261405 3.9191415753557295 0.10323550588714066 36.64721124582515
Zn Pb 0.19701019938274955 46.215105689204705 0.2592982280495694 3.696536098971955 0.5761305966416194 9.732869282885618
B In 0.3790444119826058 3.364867237352391 0.3312457197264917 7.475207404115001 0.26220156201009776 19.648926960438416
Al Ge 0.33730952422841937 15.5870348744115 0.15433870581175957 2.8824878390462696 0.4764081884682645 5.320609793969558
Ca Ti 0.42602624447021253 6.712363495028895 0.2829611726628296 3.187528268720644 0.28944438334261313 17.92981131497804
Au Ac 0.6103010058516903 7.278877279101887 0.2756191272180896 25.287127162178635 0.07641499941346977 2.612136584916919
Pm Os 0.11250764096612373 3.2336297854327025 0.5583992701500348 7.10026203812358 0.31340039784641743 26.324026342869416
As Sb 0.2860819106345422 19.149627716549094 0.42025580200073126 8.084661884312702 0.2563564489733509 3.411782906550913
Te Dy 0.2420868701307598 28.279507753741782 0.1721168124677759 3.2209565740559 0.5677142282757307 8.314094803220256
Se Pd 0.2250237623167276 3.33930486463532 0.43903243491234695 7.379260357052867 0.3047577577175786 19.189890508955926
Cs Lu 0.5139402234793993 6.079019430692939 0.06853392092704354 2.6010781852199463 0.3557037329112273 17.643678862665055
Ba Tm 0.5569444902880057 6.576054949905292 0.08276011978398096 2.7538159242778657 0.33200466299862874 22.895133488841534
B Pb 1.9271657401886513 133.39375289266056 0.5427974057147322 11.250756533151803 0.3584868512220858 3.5580009922582927
Tb Au 0.5917888952312815 7.03162427990995 0.3110302860533708 27.959564181617647 0.0864145717677674 2.9814418947556782
In Tl 0.23116974514668862 29.759342055605643 0.1783495407907795 3.2213962240000265 0.574762555782182 8.652832631816706
Zn In 0.34239107505865596 17.011265522441896 0.40196850340540075 6.906090958193423 0.21338162193665333 3.2541071028370037
F K 0.5451203237604371 3.6755006985769874 0.37493206871079615 10.350232133427033 0.07535219323948869 36.26723160021405
C Sb 0.1488514694708374 25.04141448624388 0.45882179320561095 3.610817375893218 0.37052209560352833 10.478735933024453
Ar Re 0.1990370755990399 30.380768353511442 0.5609791038314513 8.30236266274975 0.2262992857309797 3.4052731445884685
H Pd 1.2767719252868993e-08 4.184055195927354 0.6491943059572107 4.245683099890638 0.33745883479343375 18.458722396831515
Se Au 0.20473595981937803 42.69599919029912 0.5625869753862999 9.672285972333327 0.26042468461345347 3.763751408268295
Te Pr 0.21489114498105774 30.00974084233859 0.5666851543142084 9.03857086566641 0.20672451966878075 3.203491856678995
Ar Tl 0.2107031130917413 3.1529729704713314 0.6042599262062353 8.637140916706231 0.19032588610080123 36.27762671283896
B Os 0.4293456928883721 4.140566105956697 0.42762917744417156 89.25819876057665 0.46793680603345883 11.596657369775617
Ni Mo 0.07848518866007552 55.29320700488262 0.4933768455980565 12.259458170506736 0.4303160857998942 4.130616802981159
In Re 0.25349198377346605 26.02788529718099 0.5467853189781454 8.068102659351224 0.17006418321745687 3.3310863628047316
He Pm 0.12044304585645842 2.1631196807787014 0.22781362061352176 25.911978298486087 0.6350483286170354 6.0650019828333095
H Gd 0.19334932148338943 28.360524021822442 0.43344471035824844 8.058969504393275 0.3605336721729802 3.590033724847315
Ar La 0.23108932962002454 2.804682647870848 0.5663340897456178 8.350991349393466 0.17565473217885486 26.186727102284372
C Ta 0.4493555713255961 4.256425141951256 0.5560670833009457 97.13889133799572 0.44779378290859484 11.571348959395818
Dy Ra 0.29947538648943084 33.17101151725337 0.6135087296203219 7.680906818067775 0.10301749494060687 2.92831956100765
Ni Nd 0.41270056705673447 7.91249723262963 0.274921512333793 20.913773284579946 0.28184497448933976 3.870694435201062
Co Ni 0.4946752274088764 4.380485108606338 0.17159939846196798 24.67047407628829 0.3310689452828147 10.422717229798842
In La 0.20375972950719454 28.67348626079345 0.5057433004790473 10.13098103899067 0.278273722627267 3.3317462676062757
He Tc 0.5536624790786183 3.745223092875543 0.4120787542060149 14.201175285280643 1.2569640903056475e-12 3.8919001820535764
Si Sr 0.23812121928528007 21.614603753596572 0.16848295606360797 2.5139423597517614 0.5738954109767884 6.524224729826294
Rb Ra 0.21034758520845867 3.270688792983978 0.6010180891175387 9.58598437192914 0.1694267419775736 34.149878242064425
B Xe 0.3192681399007831 2.8906042872686246 0.2381298951222602 19.734735119418957 0.4084542542884765 7.666173454739283
H Th 0.5532502780633788 13.427981508751557 3.6207788174791635e-08 3.165523951436594 0.38870654223874845 3.2180689660586492
C Fr 10193648.439086495 531.8861349292283 0.34140877270177755 3.3387688707615224 0.5669424554035862 11.436651420981557
Ba W 0.11516531918833077 3.091160808530527 0.5414445435800302 6.953397997064823 0.3198111359464446 24.177270559083283
Rb Tc 0.473381120754099 6.610388005026894 0.16021009818352258 2.937800525663542 0.33942990960484354 18.72660006013611
Sm Ta 0.5597460056593531 6.678796523052556 0.33030784221877496 24.696878698093265 0.08822517017255738 3.1002821459830425
He Ra 0.5787551515052999 11.149709781518979 0.318441176985308 2.8718537848731036 0.5779880788133985 99.71162900016284
Sb Eu 0.18726830682366438 3.239368371707413 0.23089278546221317 29.84361270766184 0.5706273789599897 8.60050450932478
Zn Xe 0.3024849310203727 3.5132537613380816 0.25616538526960003 18.296317417911084 0.3963127744943762 9.088565522821582
Ne Rb 0.2998454656304118 18.090700425805377 0.507960620337815 5.710516237201914 0.16829195547998976 2.6543912230747306
V Co 0.15190532085508177 26.361105218812337 0.5811512960373633 4.597979101318737 0.26982691172366485 12.331302758748775
Se Th 0.5398275595799107 8.702742745204679 0.19534506654960138 3.2837116984336605 0.23671525277875352 22.947992213702847
Cl Ca 0.19715466023873796 65.48283903935719 0.3619233826515743 3.0203106771033084 0.581574404182605 9.803768397683058
Ar Er 0.2274813592582911 25.336053350463814 0.5887245902107957 7.3486981966195986 0.160010840861182 3.0519948616009502
As Fr 0.24879718290937985 3.562625253060115 0.16421963983073398 46.058847231933356 0.5976285925448331 10.154401550050569
Cr Zn 0.29411632389180253 3.618880718526127 0.21509263581690583 24.26044679103851 0.4877136203739702 7.6446420812832505
Se Gd 0.1818620088474688 28.845369700654814 0.22811665921769195 3.58510204109791 0.5653436226722385 8.668095112957303
As Ta 0.2733706081325371 3.92404543910304 0.220855142517654 35.85533905925521 0.5223969686927751 9.194085974292046
Tb Th 0.5883395181012209 7.261528630297779 0.08463447887496123 2.7327782628493664 0.29310369570828715 23.952843092015826
Ba Hg 0.1300345726064298 3.03971765735747 0.5702775414524179 7.5719909540240105 0.3018062802516216 28.52883337879771
Sm Fr 0.1069078305251525 2.849287742388657 0.6119474500810261 7.739735366798124 0.2967312124628126 32.64427018551206
In Er 0.19162572554575147 3.4265188756227323 0.22751707418952108 29.379363276909892 0.5629253432460845 8.543270765075937
C Hg 0.3831057921838636 3.789179640218182 1600.7099934445407 307.0651491063266 0.5219609247630402 11.411917066268545
Ca Sr 0.19480976662734392 24.008323953336557 0.5996729832228743 7.335495672069135 0.18583645468683452 2.6320849148936207
B I 0.19130558793271626 22.03240320398791 0.3805961938230293 3.179413410092507 0.397823863222181 8.829587494508187
Al Ni 5292858.121108905 525.8134652121 0.5000820566254173 3.942831318410438 0.4471890029344233 11.874741341660599
Ni Ho 0.22944365307748033 3.7765036448881184 0.5138363809971386 7.926483910496933 0.24789188826203118 26.74337797703435
In Sn 0.12705502560656098 34.26848487466987 0.29226704298730444 3.430886615258392 0.5639953019605036 11.034387119072344
He Ru 0.5684164262747636 3.8388743618791903 0.3988009638628325 14.72685498930285 2.2125127429738723e-11 59.850197252545094
C W 0.454538054298592 4.289886796223791 1.1356261914145758 118.08257296329802 0.4462401151924068 11.781364367815401
Te Ra 0.5753979823372525 9.369662601164244 0.19753147241938715 3.1657630500343537 0.21452112010174576 32.349893129743116
Cl Ar 0.3561196046762019 2.9093154611758276 0.14049222547539975 59.92412256313659 0.5930498933885708 9.631381300132908
H Eu 0.2363112291085058 25.2256440772702 0.5680354536069848 6.322948888376828 0.18141538567911086 2.757968036021098
Ar Sn 0.30311209424708496 3.205705172505513 0.568494182417701 9.800399083164276 0.09493979422784034 30.00801974602377
Sm Hg 0.5914540775219056 7.399893464627091 0.30934078409775273 29.944872454406603 0.10736571352994942 3.052243033654628
Ni Ce 0.3134869219213052 3.915000086862975 0.3782019535574042 8.231122210177125 0.27564785497321737 20.27861689114376
Sb Th 0.5480582854995494 9.064016069467833 0.22882952417749242 25.271400208635555 0.19391494706915888 3.1671182345885627
Al Cl 0.3946773888806104 3.0546768415630106 0.0880282720052502 46.68250810023306 0.5307163718914959 9.108987526229724
Ba Fr 0.13205746333802015 2.8730904067720107 0.284527868204369 32.27497809423603 0.5946338705755178 7.95023226937487
As W 0.2792168125259812 3.9510992736596973 0.21670843866031278 37.39789845439271 0.5237959283204356 9.362348878536464
Se Eu 0.16192248237901438 3.1914851642483097 0.2646999924931072 24.775341881172803 0.5543798039482081 7.4722903007126815
Cl Co 9549282.144804459 533.9082280734821 0.4096554387589938 13.367461774564532 0.550463907649889 4.215929538501463
Cr Rb 0.30198055115866984 3.4462463178357283 0.14125445667702338 28.370342565830025 0.5394688880470871 8.951142722485612
As Hg 0.25958418314886816 3.747622109183767 0.5679624044072983 9.71209476946984 0.20074615877177007 43.06849028688329
Ne Zn 0.46523145074666816 3.759036003826496 3.180052106263146 151.49714530721548 0.47661612337832876 11.062002134973635
Sm W 0.32511475397416784 25.255252398834436 0.5590830071356484 6.808183441517397 0.09620968771785075 3.1667390178028803
Sb Gd 0.33827273635236743 73.443357053008 0.6216012326615479 10.121172104409498 0.24016832556472623 3.567959029859289
Zn I 0.43800238719460505 9.860188028701783 0.19668932128977987 20.289144287014324 0.32317253490276937 3.6155715879214885
Ba Ta 0.32497600898439294 23.88207720895574 0.5443366492992743 6.83332223881884 0.10694762705325232 3.023490284438483
Rb Ru 0.3262348711797183 19.04494595871104 0.19487504403679154 3.1247426536070013 0.4513737611017785 7.021390888981481
B Tb 0.28512652867215466 3.472600976211886 0.18201905352330694 35.48125139162727 0.5404283949798089 8.265962281593291
He Hf 0.2046360246443545 51.67249153596154 0.27273980602537595 3.258095678107685 0.5831789177074579 8.729000676790792
Sm Ac 0.2902958825496688 24.206488503881058 0.09299735083840792 2.7407848376092123 0.586327727592264 7.368235640588259
Ni Sb 0.4809190610220676 10.484841872630481 0.13531948723279683 23.109388984391668 0.3435764105605385 3.692234320697069
In Dy 0.19566755810094075 3.4171169803965715 0.2250473046666412 30.18438376910744 0.5657785251108197 8.639761895146405
Ar U 0.1721339958886261 42.71179601485655 0.5881360959174706 9.444572325644954 0.24762126966084075 3.4713477154273207
Ne Y 0.25816294963779285 20.473946376528957 0.48375275429501313 6.469188850292365 0.23874814937510047 2.986341127982086
C Mo 0.5841641733471732 4.140732458984569 0.3851786701045002 15.239281038012516 6.060197546550394e-12 3.9885137813503166
V Cu 0.4197699082919306 4.026891330688003 0.18290635811434827 26.917299095863182 0.4010611730786448 9.13756868157845
Ar Dy 0.577095947067976 7.792733368234934 0.20798022291661766 27.11902753553896 0.19542023291552957 3.229034669539933
H Cs 0.28991485391264277 20.089962797853037 0.3528579828600886 2.8612263336423647 0.33710213777404535 6.95897531932657
As Ac 0.5549659377918696 9.218520738001752 0.20157502557566692 25.383486157673026 0.21965995183439424 3.4252133658516692
B Pa 7943264.578873346 541.7856796394293 0.4906112544087994 13.705568563373687 0.4411575639558803 3.9911149601389693
He Rn 0.2816968668195945 75.16196665352743 0.2987345520027757 2.8311558665261143 0.5885971274848771 10.591384544439492
In U 0.19643501063852364 46.26499275880195 0.5894029531674824 10.381059407364877 0.23867226742810946 3.6062287961008477
As Mo 0.2921117777329659 18.944721731076633 0.4277776633589045 7.53984839396299 0.24974276236321674 3.4650493548024524
Te Re 0.5521394206276447 7.966702554358812 0.15709064985306778 3.1968838917410762 0.2623045974091038 26.079745624578074
Pm Tb 0.5784157731276939 6.169460757134807 0.0456668559278486 2.4860134563236 0.3492725837725145 22.516096467344095
Se Cs 0.49409293090957057 6.924181865762105 0.31563421793960533 20.185681072059413 0.16033957365620471 2.9331661225055665
Cs Sm 0.1286102287371493 3.0442973246794134 0.32811860873264487 22.049386077938042 0.5144797420341864 6.84219854301572
Dy Hf 0.5874426332717079 6.265710252122699 0.3444496279432482 24.2888110132089 0.04537533017683853 2.651557930783224
C Ac 0.3702642490920725 3.495748932920242 8214392.446582722 540.8582018189927 0.553010447642231 12.186234109737278
In Pr 0.21556235636426316 3.3083547804029054 0.5692554256837447 9.10359663457035 0.21273869272969564 32.12082613437621
Zn Pa 0.5834959649720661 11.37406794166949 0.15383067464528982 56.69616425621523 0.3127998942654181 3.9790223772220528
Si Kr 0.2726269521588955 18.970268438105418 0.5612542332195078 6.003605506786641 0.14039754348878306 2.381739271212214
Rb Rn 0.17635277979972275 35.69967743803808 0.6010530883951227 9.533302072760147 0.2119751314879846 3.306868880075697
Ca Ga 0.18251730839076175 2.886095981115211 0.5830205875722668 6.716408990376122 0.23043289644643455 23.443421552599062
Al Sc 0.3252741075725413 2.9182929728629774 0.5872850904657106 8.637254124135188 0.11681008933641462 45.32264682699363
Sb Te 0.3087706040887265 3.4302275065066903 0.5989679559605298 12.19339820722723 0.1470126737339759 67.58933925967814
Zn Tb 0.18825447360044756 3.4636524064565206 0.26248025289551674 24.637086483169465 0.533186552822212 7.54506327568802
Rb Hf 0.5092882186927545 9.12291763903313 0.21622923610584407 31.04532966914548 0.2662468639631592 3.793471379619073
Te Tl 0.17862433491454496 3.1881334616702652 0.575237369747932 8.758861025569114 0.2383111331821866 30.89624947683414
Ar Pr 0.1830389312983941 2.8960273729412545 0.21564781745601022 23.270352416134905 0.5700275285349098 7.477980606055199
Pm Pa 0.4989993717310238 8.534523945775385 0.20276833848768802 3.7654285880114147 0.2660145500251434 24.47802914518447
F Br 0.40428896944661413 14.570076514453872 0.566541709156868 4.091033628063818 2.1899873332020074e-08 4.566612859542011
Dy Rn 0.6132708754989615 7.6251306302526825 0.10181979366471285 2.9436101163326764 0.30168460827894483 32.950016490326384
He Tl 0.22140469437422677 64.61293401688202 0.5792612348276924 10.029500574127917 0.30030968746287656 3.1575284259489442
Cl Cu 0.3638748757358508 10.24724461852967 0.4858004431490428 4.05051967555744 0.14689580227959795 26.359437951831648
Ar Pm 0.2097243963246151 3.1257508450101725 0.18866260194580653 26.757789817185607 0.5763449500112855 7.987675557334116
H Te 0.3801743722009875 17.39301455110575 0.5911599198725518 3.914900783894817 0.008182489968627221 3.9148909220469816
Cr Y 0.09039613817276503 41.23524097703905 0.3901130548560727 3.840751520331172 0.510608271544171 10.830035617248038
C Rh 0.5744213746520856 4.274639308177922 0.3677277819987859 16.454713058202376 0.032313578967647354 4.2742107937140155
He Re 0.37262873582684947 3.7637047909742636 0.5129279212825992 10.41058561408767 0.3054508902699244 75.78483467319298
Ni Ba 0.36899810244117215 3.9801988604035565 0.38168677071475443 9.707513672068545 0.21635154176439161 21.664088254093297
In Pm 0.20883505620060228 3.341919236095844 0.5702819493651164 8.961727300617722 0.21663156840734807 31.875017561569987
B Sm 0.18891510238854886 31.536608040895544 0.2896968817223915 3.4018381190767606 0.5195478721835427 7.956721319456942
Al K 0.10663302957948283 39.7620276785406 0.299276055670163 2.6671494219229723 0.6081740550845017 8.217037899240438
Ba Ac 0.25949002780963565 26.23622988943716 0.5767167469215196 8.061940142956631 0.14144635667434105 2.9508350603184863
Cs Pa 0.5014442762490093 8.46407632904055 0.19940685655120235 3.4744951498088894 0.2696161997682775 23.63793109382913
F Ge 0.5660631685048945 4.146512332792074 5.11687298236722e-08 4.170515687077536 0.40492942008882116 13.925119836306477
Dy Tl 0.10351343145595283 3.109511877219187 0.30763133126150366 30.66653553948624 0.5966367931760185 7.392607801127132
Te Rn 0.5792242538030214 9.219898510624162 0.19113763401479694 3.149106243674083 0.21777407898196052 32.18158789157066
Rb Re 0.5233339031377187 9.798880371456923 0.2851153418322406 3.888233309010717 0.1982709164000661 36.61835265096636
Sb Cs 0.19202630390713207 30.796500468061424 0.5381504666220812 9.978873820939835 0.2612243260062408 3.3191655679857544
Zn Sm 0.18410577055296484 3.384200783967825 0.5118555794866146 7.289090522263098 0.2798104144205223 22.28374609629364
Ca Kr 0.20844277560429295 23.0301414186662 0.1597735583732891 2.5015353774730236 0.6127036711964406 6.945727429218844
Rb Tl 0.24871830368062903 3.6051312143276153 0.1955644660998312 42.74026987509621 0.5794161006442001 9.864222344915083
Al Fe 0.4743200467813711 3.8061574169195835 0.46955047443119624 11.148510438373231 27913.378442730987 388.6123712365316
Ni Tm 0.24256760602572716 27.995040371351113 0.5239068226412856 8.021813681409478 0.22753134273233364 3.7570507348853055
Si Ga 0.41568708648912817 5.949368910541073 0.24442615536643147 3.2756859751914904 0.3101270646220792 16.408853571468224
Se Te 0.43881141084602154 7.926290082590742 0.2903525331344421 19.40069727433013 0.2346274307745385 3.2802592983670995
Cs Tb 0.51489019277707 6.9607012997532705 0.3216691529021711 22.528313897799602 0.13451789876289677 3.166639695667988
Dy Re 0.07001308007773936 2.985303380750805 0.3289852649082163 25.82699177602446 0.5831351817042396 6.627102415893473
As Rh 0.30464474973301797 18.919570618126563 0.23291164690526994 3.4023223589177913 0.43058964332711425 7.347417221586222
Te Hf 0.26417377342802606 25.92348381069245 0.5416374693319802 7.993515706917265 0.16700925068338215 3.28478031518753
Pm Sm 0.07228165515502182 2.8624972118582446 0.5678908733680896 6.390606583414782 0.33872130761788266 23.23685333626372
H Y 0.004875774997615522 3.4857258543094205 0.4408205253089035 13.080906680631902 0.5221186876563066 3.4859248157246667
Cl Mo 0.31393995212586573 3.3044656164710053 0.1251298243234199 24.159702157099222 0.5244701883965578 8.955698146489146
Rh Tb 0.22030837724086053 3.595641380088358 0.22565157076195907 31.56088126689773 0.549224904943093 8.734100749255617
Cr Te 0.2671192188308624 3.2724341972156137 0.3058683517540299 16.25635266356682 0.3792366152308593 7.965612578230215
F Dy 0.15803618107109565 46.231414889311075 0.4777269775465858 10.25092930839801 0.39137338499259766 4.041929682349383
Ne Cs 0.3325724936226737 3.2853687363656254 0.1613869944662437 28.02933722338342 0.48333578794742155 8.803358401438445
Mo Hf 0.31541864123755853 4.069283324750407 0.17228488395761749 40.20561280619279 0.5147827600437094 10.482702307054106
V Rh 0.4056146718156281 3.9022837214573776 0.5164812881340256 11.715870523630338 0.15020971373860004 75.35406026465904
Si Pa 0.21284783498970533 3.218319856491365 0.5641290638281777 8.386744731023677 0.2243006833617379 30.728365007168517
Co Tl 0.584770980623253 9.4068950946599 0.2488206106637381 3.651877652408187 0.2171260851068477 48.48574686502827
Zn Kr 0.08666671156139605 41.60401925792093 0.3916163490693339 3.8791013266767993 0.5186635228958654 11.290275155154863
Al Rn 0.586011173019109 8.286206033723966 0.2075829331561793 31.598142891305674 0.19897730552832185 2.90724401122461
Sr Tm 0.5512903575245747 7.8120546625623115 0.17573423399022658 3.3106795639249595 0.2538703603360068 26.63200239693843
Si Tb 0.2087366083290724 3.1763816269208083 0.17453581926153255 28.426666873020704 0.5917097958732893 8.098070831917997
Co Re 0.20489433775972177 38.700895364575004 0.49865518687626337 9.57193395890571 0.3154065733412348 4.134835759920453
Al Hf 0.5556460504166991 7.986302256404689 0.20121369151870097 26.49026705591541 0.2189264568006952 3.30450115639638
Ca Sm 0.22745960967706255 22.806173713978335 0.21501524389532733 3.33363555078732 0.5259124891573209 7.702984529842589
Nb Cs 0.18111521297176336 3.0042939777939326 0.5203779812699805 7.632627955216904 0.28310073258852536 23.916587509091638
Os Tl 0.31236523509040914 32.47711986519895 0.07639592265523074 2.8517416061734977 0.6232006658879794 7.164843779943395
Rh Pa 0.20981013194041648 31.601294948757673 0.23636844970208967 3.6421257865850607 0.5564862514524466 9.79482817047439
Tm Tm 0.3352752162689635 25.615317701689204 0.6066984006631968 6.386801081080206 0.04320871267400534 2.4737317197901247
F U 0.13779551575273613 19.753925657485034 0.42056920312270546 4.13192000326644 0.37585221872026436 11.408915251494495
Mo Rn 0.5951816550671842 9.023856573429045 0.18808861347757377 3.1871248463332296 0.20775440242727236 33.2462966325074
Pr Pm 0.5555024716810968 6.296945283580964 0.07319827031250095 2.7940079780352454 0.34663421236130854 22.262806833970174
Sr Ba 0.5278756933491092 6.753585394915393 0.12604787070377446 2.6489559596582737 0.3212578942668691 21.209252714531686
Pd Ac 0.5598135309092889 8.829739352728637 0.2454035776087357 26.975897154816444 0.186560861854449 3.1580853935970357
C Na 0.6438066649560278 3.615216120754854 0.0006416989839301265 12.153871325219827 0.3288461633662212 12.154061596533634
F Pr 0.4125852062899381 3.869265872337981 0.44135174082048134 10.067014336017717 0.14233577272887366 35.43776515915474
Ar Br 0.5920517944021959 7.132013562183775 0.20329779463090858 24.67242889974302 0.19366909753649075 2.6866061228971505
Se Y 0.08522342966617157 2.491471381410903 0.3921760249687201 16.433552588640318 0.4906041074394211 5.543479820105341
Cl Ac 0.1489788378855582 2.614749363131193 0.6303739928877459 7.942449011086964 0.22093260280027888 29.931618155421475
B Kr 23156319.2081072 549.6250194454269 0.5252793435902546 10.515774328028158 0.4111722891482549 3.2095730973452197
He Sc 0.2594158219137078 17.943741440142176 0.04591700221722138 1.442441422179618 0.6854266350120569 4.025733341320259
Lu Pa 0.16910351564702522 54.579437847466664 0.25884416866062215 4.100018564612856 0.5992767105255153 10.499822738530934
Mo Tl 0.21938371774708873 43.081141967800406 0.5877564096105795 9.592580747304478 0.22983285756470187 3.5396712594234607
Os Rn 0.08777345889724154 2.837685962339319 0.6223596508840786 7.463031661453616 0.30137823307730777 33.42313851890992
Al Re 0.29163491645285644 3.6497145858816165 0.17315027465924016 32.10428750211745 0.5241277832558462 9.155262937505395
Tl Ac 0.0917108770825762 2.747568321378618 0.2869222459161568 30.354994337322932 0.62960111388254 7.672772428786068
Ca Tb 0.22548301731400014 24.439098253271393 0.1888055516387378 3.2886395706787996 0.5579838780725043 7.533754635259922
Nb Te 0.22766434429849117 3.1714279624380426 0.25305190453103754 23.168322283649548 0.496324582623798 8.500873030183213
Si Sm 0.1761730901261616 27.566749358400134 0.584997419356633 8.018992295503153 0.211970097626608 3.100089699673784
He K 0.6569363555722297 3.5728889464976583 0.020149615844821236 0.37049655250654195 0.308078744756643 15.044053756162032
Co Hf 0.20809626192062242 33.41244680181916 0.46858915821973407 9.388162810200463 0.3272424653913968 4.196943927387249
Al Tl 0.20252561004629632 3.1141558834509615 0.5342131586324071 7.744453697663677 0.23722725907497696 24.529428867214918
Ca Pa 0.179511515084193 37.21557115524879 0.252729498129568 3.5410896202909234 0.5808678405716683 9.530111358330275
Pr Pr 0.5555476563591508 6.39626063343749 0.08185974634131347 2.7867274787748095 0.34085445245964435 22.538918679728273
Zn Ga 0.15108012340229376 29.609439222325555 0.3550874167319645 3.8071787764888785 0.49630444127231654 9.523165223526231
Co Rn 0.2710854775455069 68.89030545471371 0.5965087836204499 10.179469230055565 0.2667169418413017 3.628471523708267
C Cu 0.3504624711162735 11.914765475823435 0.2871791713213322 84.50841913719542 0.5871616708642855 4.256478724858631
F Pm 0.444354281474846 10.240170763830548 0.14161053683923083 37.666987140220265 0.41466067263730777 3.963811718131833
Ne Te 0.0689669552680553 41.52489891185858 0.40196792569313505 3.4383874325330073 0.4997715666146565 11.137197229806311
Mo Re 0.5250030511055332 10.191714644568854 0.17862856709575817 39.14162900947161 0.29674827372576185 3.9823521047934545
V Mo 0.2046200140882779 84.78740059712929 0.4260396272300595 4.006840610215984 0.49912482297997857 11.828677388471167
Cl Rh 0.07859419344970832 30.270376521544986 0.3699103517528592 3.5717473434117677 0.5155570625940384 10.263702638795579
Rh Sm 0.22476387299356143 32.39767810127567 0.5509501540339723 8.881010785754812 0.22604609556537983 3.5397847441538652
Cr Cs 0.3030885474954613 18.289240300195786 0.41996202161427737 7.258225099134141 0.23864586483399894 3.321971743099197
He Fe 0.17569291704798656 28.22079066544414 0.39433681013381616 3.925610885845415 0.4361472284242805 5.738826710894069
Pr U 0.24328603645105296 3.9102644403239473 0.24193352513051578 34.311237368682384 0.5172768209521291 9.530512723293295
B Ga 0.443600006617801 89.3627183250723 0.522588804434025 9.27310645286465 0.39967808459162524 3.47991858135281
V Ac 0.6058500194125922 9.155973480730921 0.21353623672833616 3.220347085225283 0.18426556487254095 33.66748023677624
Ar Ge 0.23617298263593833 22.16636881366868 0.5788804551541133 6.567617208755595 0.17535831057429854 2.757633661192587
At Rn 0.6482464611735266 7.866678788160047 0.36860049796499045 44.87890902338191 0.09667764876969966 2.72547874276715
C S 8.448790431996749e-17 4.060322356950258 0.25790302904271806 17.33912814823557 0.7292154352306449 4.023231318755202
Pb Pa 0.10776295454147133 3.0197589207223103 0.27017611588861873 31.48618077691016 0.6290695973577938 8.033849226992569
Pr Dy 0.05763179269980462 2.6246764492960875 0.5654321731821178 6.259562092321512 0.3484051165141382 22.216751537516792
Sr Sb 0.31663640954247 19.5875342818809 0.19077796237445604 2.9905719109295847 0.46128799580755425 7.396069559187006
Hf Ac 0.5850852442963325 6.995689435874698 0.3017505374481146 23.091450169695307 0.07225563671019136 2.687358124483539
Ca I 0.18200017447828593 20.968305542216633 0.23787016758766674 2.9036289633184267 0.5401805264451757 8.546777862408458
Nb Gd 0.25378089388327696 58.962232503800436 0.2666058565980648 3.770419325160721 0.5868890809282507 9.852733880460995
Al Tc 0.3058754234802462 3.2790377816964553 0.16760582255580816 27.76675553804781 0.5110765404099509 8.274803336304636
B Sr 33017044.580488056 565.4626897482497 0.45577979924101975 3.395820711951536 0.48758739760634306 11.528699323507224
Hf W 0.3333560061348626 27.754843238623803 0.5901586557046037 6.5738264484898785 0.07044453582630296 3.12681141632257
Co Ru 0.06489579616625758 55.765725234763345 0.43604707347857413 4.152842988413775 0.4900592168910724 12.441609151468548
Pd Ta 0.22938809973933777 3.681415938243239 0.21845484842229185 28.833770709935543 0.5278882691687763 8.851422304993442
Si Xe 0.10773900947545388 49.02231093934149 0.3051386427401844 3.075237006977151 0.5887004302324705 10.125397184408577
V Hg 0.23409483027706537 3.465453518736507 0.20303148909577476 43.72457782246178 0.5958660395470093 9.091448763750622
Se Rb 0.35802921497663975 16.95923359807084 0.1367814820353627 2.808511482186958 0.47526306754387665 6.105505312537913
Ne Th 0.21024128273111564 18.878020009589036 0.27095147136459247 3.214380066026696 0.46626839438079115 8.781224957284754
Cl Fr 0.1647707817806931 2.699101755472108 0.19272332944274234 35.86145419248046 0.6412411575784143 8.279755474168761
Mo Tc 0.32700974400166904 3.687044898624358 0.18200121173061118 27.0519665737148 0.47836152233743323 10.122206131985374
V W 0.4749358336917509 9.53169153396309 0.19375036528933454 34.01008568817981 0.33006125019157995 4.127874008238995
Ne Gd 0.10309275275020063 30.310497728645455 0.5159438233147502 9.994471866719282 0.35595967354720004 3.8083942972628217
F La 0.46842131048484725 3.6524828110817693 0.08334702272196709 25.73150235068225 0.41516132639764136 12.254780302952017
Rh Xe 0.27220842632306386 3.3267584940494235 0.15784474488514685 32.921940397626344 0.559190430175821 10.453545569241498
Cr Eu 0.2684653384482353 22.62750468259625 0.44409649343359336 7.7118972292333785 0.2653318998117491 3.9006926849435133
Cl Ta 0.23742063881124711 3.459589275429881 0.5563950842115907 8.38720363688674 0.19192086557255364 30.299368238189754
Nb Th 0.14081055401179923 2.854664690236091 0.293254260915934 23.562436362815344 0.5513892247890524 7.8310239879520624
Sr Ce 0.3142031224006313 21.79298213377429 0.12989374889875993 2.768504773583461 0.5323144695721184 6.874789917708672
Hf Hg 0.6058778549300393 6.973005577853251 0.3179088271047127 29.73342166058156 0.07701381571615974 2.933494255599375
Pd Fr 0.5854363539327508 9.62468039413857 0.1974593690219518 36.745343855205576 0.215218705384055 3.3006719465147425
Mo Ra 0.20955722424384343 31.294592202816013 0.18386644072577843 3.1391193033152107 0.5886869453796406 8.947728159686504
He Ne 0.6219280659747152 6.231511646561266 0.23358225924500564 1.9840768999736198 0.09882215348676186 6.231112858422458
Ni As 0.4881916111720751 10.025331344856419 0.1257754841415886 32.706981746024965 0.38232758359705615 3.9441208017549148
Zn Sr 0.5175926560341906 11.155283619842468 0.08757586976566546 36.69038232953523 0.3821413232624975 3.846027496399401
Al Ra 0.20369501698287212 32.55976153403842 0.19719936078708034 2.874139503171049 0.5924116517904854 8.366946573236348
Sr Ho 0.18020818255423876 3.3423816794102814 0.5440255143850969 7.800294801489784 0.2554990456692068 26.110027367609003
H Rb 0.35015521058351 2.758338836368985 0.5753805614898129 9.169604426858045 0.5617113602231505 99.2051167194626
C Ca 0.12641634176740715 24.319186164485053 0.217450716209334 11.435292911140026 0.6544038707204893 3.937240459934486
F Er 0.3888084763266059 4.069444721300854 0.17756249070988117 52.17884260256728 0.48500658118366113 10.348483649752787
Pd Hg 0.24180713264874606 27.470405217624865 0.17252506596941108 3.204835316629601 0.5627451262418817 8.252663138864184
Re Th 0.07926057504688624 2.7388102259086273 0.5907954791215366 7.194139244854026 0.29040021444619607 23.93227672265068
Pr Er 0.3464245638886574 22.464474095060908 0.571813072747262 6.286491426869812 0.05328011735627594 2.4972216201153876
Hf Fr 0.08602294194002047 2.8305226623362474 0.3104997819121329 32.645771279505766 0.6171600328396983 7.348224683918817
Rh I 0.16204474204264235 31.94896544281037 0.5519257435236902 10.387297310982111 0.2749845135973923 3.3541383648333625
Cr Gd 0.36659364764250385 15.919448337558743 0.3516968921887671 6.51764712458048 0.23654188969843754 3.950958592422685
At Ra 0.09800913395152065 2.7216490356926992 0.6452392011758155 7.900511518189396 0.34721008446353613 43.37496594899521
Cl W 0.18984353712492305 31.921918369056723 0.5494023821526007 8.62100729388836 0.25270013027161764 3.5368054801380167
Mo Ru 0.4689465861796876 9.70848370980451 0.3103972723395493 3.6028024878756386 0.2033353534497127 25.07769543215707
V Ta 0.32277988297469146 4.106356030517598 0.4727816114173271 9.308758063510624 0.1981935686689075 32.03823922285376
C Ar 0.5443246032888478 3.4649593103003298 0.14447070062217324 22.517176014725646 0.2995628832151025 8.474601033057992
Ne Eu 0.32636461834987524 3.6478798611228846 0.5180193913072745 9.30837008546296 0.16024237668870903 36.6335441606346
F Sn 0.4697067633011656 11.26138837327004 0.4340284377901613 3.59614770837481 0.06912250672034949 33.63319031232086
Cr Th 0.6014712436384194 9.846129281685725 0.16934159196310306 39.3721236711357 0.24511484188858532 3.430499037138922
Cl Hg 0.23446796029851114 3.3298422451995933 0.1899168455608887 33.97986120662994 0.573964368139738 8.707551857560611
V Fr 0.20743294579876254 3.143100737159361 0.19545137467798934 45.15532557219227 0.6264987941263 9.190408040693294
Co Tc 0.48814583203169987 12.387525329396352 0.07769748462873209 59.673548963759565 0.43805899530479847 4.163042549880029
Pd W 0.5294130127468464 8.795082417851784 0.22476535806864983 3.6509107625461223 0.22014599840971066 28.509822889147255
Si I 0.3222570649912102 3.193016365092877 0.11104809346698662 51.80498941266797 0.5750855032999446 10.285024593945366
He Ni 0.15856311335071369 33.72480085553131 0.4496793531022598 6.433096688232082 0.40731511777947316 4.0427123789189965
Ca Xe 0.22868642620982968 19.18375862195873 0.5201324630779043 7.902283294145529 0.20921688836889651 2.74426083718692
Nb Eu 0.23788340361066207 30.223551859080292 0.5538286406356725 8.345361911511725 0.2053765861438576 3.4537290060801693
Al Ru 0.5002721197056144 8.788820527420356 0.33338657584681824 3.391388329715142 0.15128963827872102 29.521985078909445
Hf Ta 0.3346969108194999 27.296167485042453 0.06327885501953695 3.0234248714825407 0.5934715978445523 6.488360591818672
C Co 0.23538049979126469 15.096174431000522 0.1197283942099169 61.19582215158364 0.709844252802916 4.712726490653748
H Zn 0.31710495753555584 7.294199734850778 0.18180438101420063 37.07464437163947 0.5417719775638508 4.254283031687733
Sr Nd 0.5378953185654307 7.047415343710632 0.3021090625262296 22.759276002696005 0.13816580538374426 2.904922207939694
Co Ra 0.5771721224049213 103.39610572891831 0.2834356382162662 3.693905521477904 0.6003685267094097 10.658678991467927
Tl Fr 0.33003466096513334 39.03338758179083 0.09406989481584341 2.75916886599984 0.6373200406523373 7.73839630695734
He Cl 0.3589756132075222 3.319577621248568 0.28702343042495904 3.319604587487558 0.33742748072267054 13.59913838296986
Rn Th 0.1050593334296306 2.7673042276009507 0.2742170586987173 36.028092005059506 0.6491746654023549 8.100643396155922
Ni Se 0.113291172206702 35.462281609098994 0.39017835817147506 3.9653933219071384 0.49334106586722465 10.391175946334812
Os Ra 0.6187996612907507 7.569439776675409 0.297385648684677 33.56672132297851 0.09383725003654214 2.8778641239313694
Al Ar 0.31826037541936947 2.72469116787204 0.09709887800721297 39.00267709254098 0.5899471878001913 8.296218135842015
B Eu 0.18765091242229068 32.70057409853327 0.2869326570472419 3.427094980771832 0.5269583410775137 8.032087747841889
Ba Ra 0.1449555259342449 2.9697923904279593 0.2743532374313837 33.119578791589426 0.5919054909300525 8.208219269551947
He W 0.34226388933689256 3.6133432931194025 0.2500871707742464 65.53397830256087 0.5337519945456702 9.836739924145038
In Nd 0.21401818973303652 31.91555979502384 0.5696230484046084 9.034048481197297 0.21228633561836216 3.3259125172754955
Ni La 0.29887405699635033 18.111938060878614 0.29339228665845274 9.355915625645949 0.3690200271401293 3.7771924937178003
He Hg 0.2962407869644035 3.1635343242180807 0.23456579227705784 67.34723374805142 0.5854293662318372 9.955590547838312
C Ru 0.6073602303984827 4.2784399254965 7.434634587821343e-14 17.07299548415147 0.3658733983762383 16.266682495698618
Ar Nd 0.5736429333026342 7.7903311223084195 0.1991134523119318 25.304552677659686 0.20003687764356048 3.035218182064864
H I 0.37613783056190375 17.811807959429967 0.010905641010930776 3.9426517270397445 0.5938447741064866 3.9425078315196145
Cl Ni 8277677.430914156 530.8001956278165 0.40261549003628233 13.535396574191823 0.5557310292674021 4.256022533505243
Cr Sr 0.11348052986049835 33.18104358016192 0.526759534106451 9.838811853212786 0.3457268823374737 3.635078543766232
Ni Er 0.22520264379209268 3.7576173114050375 0.2465000809018061 27.09054994812426 0.5197140738033895 7.922053657742541
Si Zn 0.3920656950896114 6.121225317724995 0.30698475606900744 16.1843932418619 0.270930263743477 3.3533617618177236
Rb Hg 0.5703736558724352 9.730643761738591 0.1980807995137811 40.05581815818313 0.24927736851438545 3.6245749438510417
Ca Rb 0.6085221386677576 7.017563415761262 0.20801181547309008 23.02168600339198 0.16361784262753507 2.509250357861851
Al Co 2301225.772858441 501.8197750013576 0.49008771024222597 3.8970123783584247 0.4551332638268645 11.514997419642606
Te Ta 0.16134088857512405 3.250364036323398 0.5443440335673478 7.930577566859241 0.2659786717933545 25.744144895562613
As Ru 0.30749664755710143 18.751351062428714 0.2330109222747805 3.412258288071338 0.4279371963032463 7.28037714769544
Pm Eu 0.34275421520277205 23.037702125229686 0.5725235570183849 6.307258679259877 0.06219234418277894 2.7472549956635093
Cs Gd 0.12614234382892678 3.1299656150207227 0.30548756470234667 18.554540102513048 0.5071214033031682 6.857237708624795
Se I 0.44352237033085035 7.919734431441729 0.29144892257822713 19.335271631515333 0.2282584348086755 3.2282013860640197
Dy W 0.06136198327965929 2.889980975016403 0.5841410004604202 6.496198109747606 0.3340172553799626 25.190583649528595
Te Fr 0.2167029388430303 31.837955355389536 0.5743780344288605 9.282406424268617 0.19500958920273326 3.148837995014829
Cl Cl 0.5670526276887484 10.140914415499362 0.3970362935809107 3.09524052733064 0.12418973940397218 63.10238080458224
Cs Th 0.2725102555879354 24.666883827112805 0.1435633437575587 2.9384403725965242 0.5591537911203992 7.961146725629812
Dy Hg 0.3144975401194343 29.671330116404256 0.09198504090323373 3.0194924509456214 0.5980104649320601 7.190537431936662
F As 0.4071357960097815 14.075188227956785 0.013792919396257318 4.123054095802545 0.5498291558935151 4.123293569000574
Zn Eu 0.5206813102189369 7.285732916275563 0.1790030866529204 3.3828660056329944 0.27776209587544504 22.714686863018105
Sb Xe 0.30006807878676023 3.3787475407078666 0.6053778444984701 12.140309607805575 0.162999253052378 70.62732550425154
Rb W 0.20159351904337733 35.75728449376577 0.2842518838417846 3.880784556566319 0.5194567607921967 9.700618841213663
Ar Ho 0.18120218319861547 3.1726466931545456 0.5803062661666455 7.597261946837761 0.21728225415129523 26.280448929239764
H Xe 0.3202108899146733 6.54042955189435 0.3410290798043328 2.836656224349123 0.3165886301657606 18.766555188130127
As Ra 0.2563458724315071 3.5991923690688115 0.1618294123512822 49.26458747936984 0.5984116851370253 10.392551583613585
C Tc 0.37195301721221247 15.842936148012448 0.07753474292812813 4.229030809757001 0.5219935419438332 4.228816807343348
Ne Sr 0.1875840182461908 2.7187646828289664 0.2789531332792663 19.398088054287907 0.5136583598179278 6.005193794553643
V Ni 0.17728212073810345 26.16932234699802 0.5156276356858027 4.389882254183469 0.31027640530955286 10.399569254167401
He Fr 0.4154902392954812 88.42258612533287 0.5842653211106321 10.871411244734684 0.30866713970626525 2.8430941963871903
B Th 1.0118272501773002 129.83078258974265 0.36314271740347687 3.3923248538614814 0.5539968831127444 12.064602666695624
Sm Ra 0.29481827480791356 32.50698548297349 0.10967752861516031 2.884863953001928 0.6089057885399267 7.77449771086102
He Ta 0.3086112269523887 3.4431889927765265 0.21426051829376308 57.23150397079573 0.557813398070425 9.275986495823947
In Ho 0.1960031857936486 3.4379038649653766 0.22405509961628509 30.18425356844843 0.5651486984780483 8.640496191472199
Ni Sn 0.25019408017761924 18.54415285276396 0.305531211752091 3.5920121793958106 0.40152504740933154 8.731407540542735
B Gd 0.15969159868029523 31.267393886881507 0.4929233783983757 8.701250599500275 0.3367686655793887 3.6838661077175794
Rb Ta 0.48403430434962813 10.62079509981055 0.340489422611093 4.154266807697482 0.1849377065316592 38.55932187415115
Zn Gd 0.25708031815641647 19.878175870273864 0.5094096284679143 7.441621148171925 0.19031815376000455 3.5031424766203325
Sb I 0.20971663285698475 79.95052509614939 0.30552028469394327 3.411520545641535 0.6045269758620104 12.233804165103086
Dy Fr 0.6156701403826647 7.638481792052167 0.1000625949275226 2.892108573478464 0.2993427195198525 32.95759894516431
F Se 0.06961136234651644 4.110010016937585 0.40684624709516776 14.313874190407956 0.49452334729234854 4.109784930601604
Te Hg 0.17681255697470236 3.1934079889536213 0.2422867680921268 30.764447965587014 0.5740673482979899 8.664834093254468
Ar Ce 0.5676773887008956 7.1326999756481415 0.16265751663842073 2.724284660770339 0.2358038371584942 21.632205584406076
Pm Th 0.28381793599502503 24.785516359811044 0.1021327965565229 2.794902871165598 0.5862026767021196 7.533890931129252
Cs Eu 0.1313241301468745 3.093072437169354 0.5141192032064287 6.8914399727965 0.32561960626180125 22.196946780074825
Se Xe 0.21783182710458232 3.1516112373455374 0.4514738937380989 7.839122401709343 0.2935372962406027 19.378384509948216
C Ra 42788376.324297875 571.6316740621633 0.3560155362368996 3.4225318950755264 0.5558479542124448 11.756502067151397
Dy Ta 0.5857951064230478 6.380436789308738 0.05336608026128634 2.782226117416537 0.33902271560251185 24.726028262455767
Te W 0.5497337965542134 7.953702376929978 0.26410385158877364 26.110743609637893 0.1589960560180381 3.224594123914353
As Tc 0.23806145839227114 3.431218118089884 0.299626439867394 18.94943417160883 0.4315699632493508 7.360527388136532
Pm Gd 0.545119609534989 6.615872983361215 0.30597958192651714 20.4472575354748 0.09638933512782358 3.2011217685723032
Ca Zn 0.5679536159901282 6.543624736972506 0.2453818395269718 22.45501759797046 0.18391783103796772 2.960411918935465
Rb Fr 0.2049691469851726 3.241236517223062 0.6005554774731893 9.416186586029648 0.17667169176495545 33.71912237556778
Al Ca 0.11457635965122968 43.132430728459575 0.3028328388495796 2.7363666953040027 0.6064113812451751 8.340773021526328
In Ce 0.5667479874912139 9.139623319380043 0.21167086050022224 31.715496715307932 0.21817346644739824 3.2874778688956217
Zn Th 0.29165843980657613 3.752220043189655 0.13299323031106355 47.15157953858223 0.5956563403168298 11.091036855241331
Co Co 0.2902124903224758 11.89944422156284 0.55279720115856 4.5536561648678715 0.16050108373560598 24.851586243774765
Si Rb 0.25674367572063406 20.102829173891326 0.5712985234181084 6.211476371196979 0.1486284316763029 2.397174806631015
Ni U 0.33911297745678637 4.146552563373958 25134442.100714236 557.5489527322477 0.559980166917333 11.6325053188568
Te Ac 0.22011483553597283 26.48026132334529 0.5602371429809172 9.197735533203401 0.194701731207236 3.157636506028755
H Sm 0.1952590596458312 2.7910910530218684 0.54719953878182 6.2772574778471695 0.24306285304859343 24.64826776284398
Ar Sb 0.0930998190632225 30.619933306375973 0.28997650803469577 3.1080834796701806 0.5832396121082399 9.742150924624132
Cl K 0.3513606659924368 2.9177286551558597 0.5945770815916274 9.6503344385471 0.18049327887556701 65.79300632915951
C Re 0.4621113886547744 4.323301004195565 2.031894761754665 135.17180112920337 0.44195972440448184 12.055692746967663
Au U 0.1376874769474252 3.3746293808971566 0.273374410256532 38.15440332011618 0.6082864093135936 8.37650403930827
C Tl 0.38420856886934407 3.7667736853368057 4624.660574912058 334.2700325271226 0.5216361373359301 11.52117334817719
In Sb 0.30539848316183676 3.457857236367644 0.12349658266901074 50.849991777582154 0.585986345420773 11.732993579695085
Ni Dy 0.2323565802755834 3.7885835431426993 0.5036817006255646 7.872281324555124 0.25118729619310626 25.67484664362567
He Rh 0.5783525074284459 3.9068600652886705 0.38973073163965477 15.15068125140033 3.777946117355596e-10 3.8523493465690355
Ca Y 0.5833597718136838 7.933627515003645 0.17002821561961337 26.224847928452668 0.22830792577570178 2.885185469150627
Al Cu 3526766.5451902235 513.7536411237803 0.45404770417639206 11.825406844757484 0.49125861393385445 3.894941922059089
B Te 0.4253338599967712 3.400329532377836 0.17235987320652948 23.301139519718838 0.37475399406354043 9.59348567901716
Ne Ga 8.357208190419609 178.51434887051852 0.4682010358022441 3.7713142598462115 0.47617808104758796 11.35573434295729
Cl Fe 12151344.708915833 537.8142547548622 0.4266429202246661 12.923351315612651 0.5331305719911146 4.1128495994988645
As Tl 0.1961784326453862 45.6922356546739 0.570489197486911 9.941866248340276 0.26587284259990634 3.7676181145038945
Cr Kr 0.15812021644305124 27.559887092823793 0.274631033348097 3.333241379159379 0.5530783026691186 8.47499069394868
Rb Rh 0.22833577039307468 3.286957846609331 0.3075352375729906 19.52811820404484 0.43623927841395 7.5204915621185515
Ba Hf 0.5443720339059014 6.767328742080781 0.3282575796399968 23.704260269813332 0.10367022712186959 2.9917645134832473
Sm Re 0.1035531450393129 3.21335716093136 0.5597731025124237 6.945228371028997 0.31949724788820827 25.89859393146136
Zn Te 0.20189815549950463 20.2528776846102 0.42966655696191586 9.783112073977954 0.3270923521228962 3.651348425375971
Sb Tb 0.2383211724930034 28.93128008124393 0.17727228162734843 3.2392446923721523 0.5693276575405661 8.386568830155152
Al S 0.08854299385231836 45.65138296351651 0.4242761563959888 3.1793488414466338 0.5002170419299162 9.2165504636619
Ba Rn 0.13114494115444955 2.893059621829474 0.5906008473517487 7.913614026538896 0.28368653045810177 31.07462249490376
Sm Tl 0.3050004778657566 30.504614091155627 0.11073375387868716 3.0602482685038077 0.5937106151582983 7.50646297156869
Ni Pr 0.2798070936630989 20.377793238644173 0.392681811808432 7.9879368073763475 0.2953786770431868 3.889309504228533
Sb Pa 0.21068325078145736 26.270582235397722 0.5516471576443547 9.382561011393507 0.20743428997927213 3.3794125502491803
Cs Cs 0.13970319082109756 2.804459786827719 0.3342449345617157 22.434079934242355 0.5070652165743964 6.777747834066871
Se Sm 0.26931876421267165 24.11170921380972 0.16133628941349804 3.1588358242416166 0.548924507840778 7.424926707287141
As Re 0.21463951655855618 38.15821376156234 0.2794066505373146 3.9461081502643456 0.5271881422156305 9.441018599796134
Rb Ac 0.13987259544807665 2.8502227617258704 0.5237941712204346 7.628467396392577 0.30668985932092524 20.571348981209663
B Cs 0.22163534287346326 24.936082732160187 0.5196709002431456 7.014676503891475 0.24383714093231745 2.7297234073603867
Co Cu 0.3871386703827934 4.02503798677291 0.38100333833427436 8.330752850349826 0.2222151940930681 21.872617091987074
In Ba 0.21278536890974448 30.100258468569578 0.5443877012347407 9.307784377404268 0.23622171609159587 3.297687617247544
Ni Pm 0.2660298272751163 3.840914033494017 0.4323771027022857 7.79718708500344 0.2730531432244218 21.427008194390947
Si Y 0.5615982292808912 6.933706746890366 0.21947710633739878 23.208874727765807 0.20230106199836448 2.7360906173443658
He Mo 0.4356750786563795 13.370303487869366 0.5270750256183674 3.5912932203557095 8.740255085696648e-15 3.7066420622822296
C Rn 0.3349293041924078 3.3189984300366024 0.5708098974853733 11.242611756111902 129324.4419667402 419.9833225580169
H Pa 0.4889028587833528 14.054827550127602 0.4435931373796164 3.7739403423547486 7120534.015133889 533.0481393110848
Dy Ac 0.5893793432240018 7.130957974072142 0.07707219538518624 2.6739117838492055 0.2975319317446137 23.55300051666787
C Hf 0.4409088130621306 4.211340724651516 0.38447088299928117 84.64732120914086 0.45201825813281676 11.30006101506927
H Tb 0.22775314983149592 26.08040549526403 0.1552475955131907 2.6786907392536827 0.6032616968971037 6.379369493005859
Ar Ba 0.5766521852710789 6.931098129133063 0.2415441425601036 21.2419052003729 0.14843700987657696 2.503050919462679
As Hf 0.2664691302016678 3.8847134238002434 0.2230091747768583 34.45446256703611 0.5226630164364323 9.030020738411627
Se Tb 0.16660030139202303 3.273500649071943 0.5623203446276479 7.6037916903909375 0.2555456730307389 26.248343816347525
Sm Rn 0.10716073191760596 2.8865510726727237 0.2982301379472352 32.26261406866226 0.6090800440011442 7.696602430457337
In Tm 0.5640503802623399 8.443508441553508 0.23068962027443787 28.92495530887531 0.1854330367970079 3.393830785303431
Tb Pa 0.2870273635498671 23.12954974339307 0.16041229119329908 3.611909117040241 0.5129798264009722 7.898170146956081
Ba Tl 0.30285677050281323 28.903759011990157 0.12443056517229875 2.978925529886867 0.5768439741973558 7.551463494241179
He Ac 0.302788501175462 86.49071419381158 0.3339544635691896 2.945489529540357 0.5697061348041457 11.534439335216671
Sm Hf 0.33663098761739557 24.163675831625817 0.5624082210237231 6.533675625821128 0.07770586980166319 2.9928844026233348
Zn Cs 0.2766387518767309 19.92623616135531 0.40483064214583125 8.125362225831589 0.28271400037183964 3.5666610548544986
Sb Sm 0.19089981535257602 3.2296277955121973 0.22874008972154095 29.706322715844262 0.5688643123233962 8.664587367756635
Tb Tb 0.5990495067136361 6.2804879525558714 0.3393700361680565 24.139084305771576 0.04256649786675655 2.44671848156334
Rb Mo 0.48080783643359387 6.244958170873806 0.35908765282579264 17.98099575621737 0.1316924447369782 2.731807309430704
Ba Re 0.5400915126371437 7.077697862422208 0.12278093966306523 3.144545042957291 0.31496363747004347 24.619879036232444
Ar Tm 0.6090207401257399 7.060354137437901 0.12838784145117554 2.799362673542232 0.2378498697300087 24.770988651322693
Cl Sc 0.5578050255247486 10.203462125063254 0.23286951209054976 72.2149778266833 0.38831382374106727 3.213578288983884
Cr Ga 0.21018570174934884 24.439427706161272 0.5125965977385721 7.581188729350744 0.27164349237893914 3.5143485281210958
As Rn 0.2465308723343122 3.5627255489597216 0.5966691369650442 10.050236625121224 0.16792310431954277 45.17299667170442
Ne Kr 0.19076177934084165 2.769312174292413 0.48574261019051307 5.823213869289448 0.2980652695873913 17.757049331194313
Se Pa 0.16305413628805687 29.613801317967443 0.25459058733410617 3.717624854120696 0.5642847961471348 10.088924530854767
V Fe 0.635092637999603 4.753994980714767 147360.34321732805 461.6298087782109 0.3500591457091087 17.107522979466857
V Rn 0.19732633046966658 42.71644015423928 0.6269946678666034 8.983103841585622 0.19947712370703236 3.1248847561792616
Cr Pa 0.17603112649868477 57.79178387354794 0.5432106126665421 11.496357386659742 0.34506487228938443 4.131898113410461
Cl Tl 0.5852441861140887 8.713244172254536 0.18438245599104466 34.525951220699795 0.227087559312833 3.262305666577357
Nb Sm 0.23912981583755946 29.74282346794814 0.20554248909740372 3.4259728260996085 0.5513724528631573 8.328908202251066
Ca Cs 0.28081939101064224 19.20799819080724 0.1424697638831976 2.5057424274387143 0.5414780543748388 6.640156198469374
Hf Hf 0.595674569243045 6.451856573692969 0.3376445448812622 27.375595535361814 0.060541749305454015 2.9668694447193134
Al Rh 0.13876723741526115 31.393638670505467 0.49915273715991315 9.171579800853324 0.3478747427196804 3.4413604078492774
Pd Re 0.5292792728113626 8.622707870007924 0.21525340926459752 3.5956086270792103 0.22707333532010757 27.592202802936953
Co Mo 0.4374491401708226 4.152860189825108 0.07815798364797721 59.93948744649513 0.48968872492607707 12.340570608546065
He Cu 0.6018257912418499 6.547751772660447 0.15463683128359046 39.710965954888835 0.2726831145783743 3.334134829926321
Si Te 0.11422951517460521 53.908363658293105 0.3386345459930212 3.2975106545976804 0.5612858896181149 10.431062455121898
Pr Tm 0.050117419553919296 2.403059613841224 0.575327953323526 6.286005702566584 0.3461871406245147 22.56205132164696
Hf Rn 0.6115876902221783 7.442758205058255 0.3051090351303251 32.46828025424049 0.09436808500889472 2.952387263224131
Pd Tl 0.5688057580386552 8.400822764782118 0.23388883281549017 28.387200042887514 0.17557642124227468 3.217524644984331
Re Pa 0.13303348282710264 3.4551681614369794 0.5603934230266804 7.849502443851795 0.26540332459959304 24.698329351731424
V Hf 0.49099945241062853 8.745865760956834 0.21233235265377215 30.051499094176148 0.28791781685681606 3.961056960127338
Mo Rh 0.22062138643384305 24.08960191267634 0.4629081465474811 9.40242235301567 0.2975871070804363 3.551939476378098
Ne Sm 0.32866104198638096 3.6246151289532604 0.16175868519259756 34.61149699689073 0.5087579794868555 9.24124633940782
F Sb 0.44150315223051456 3.596220591314696 0.04624426219255154 35.2922102777723 0.47986734559037986 11.808515754932026
C K 0.5553888341735592 3.5568873568172754 0.13431648775732852 24.954209405899284 0.30506136919886007 8.92932125944528
Cr Tb 0.27046737750725697 23.2184643371597 0.49754501241810656 7.348447568385198 0.21180449913762725 3.703871358980792
Rh Te 0.5392852952463684 10.19568294043836 0.27457215530066775 3.3569848116524277 0.17151379116493023 29.81794694615159
Cl Re 0.5445584522714699 8.837647752539237 0.1883344344445718 33.69038235960588 0.265413760048871 3.5982558754223293
At Ac 0.6471333992684478 8.037546879761711 0.2748337836959259 35.4497447268027 0.10439677348949668 2.7879681767056423
He S 1.2191957605356362e-25 1.7446662712454528 0.2872901020990299 15.325157690742676 0.7028012388632652 3.630213622131755
Rn Pa 0.6455588304185471 8.5441547627153 0.12597493617344763 3.1041066671098467 0.2536515628130594 37.237373386699154
Ni Br 0.4944747999637334 11.128836594647145 0.09130480705871571 39.80589872581859 0.40997339502619495 3.994989894138409
Tl Rn 0.3301667619432253 39.31393332503104 0.6403204819539068 7.737883882028679 0.09280960075184566 2.7684755444206415
Os Ac 0.07569218190706123 2.690134134335477 0.5954075243265313 7.1583346051014844 0.2886581541345109 23.989553427843813
H Ga 0.5823331782151787 4.225200215351096 0.300193577445997 8.80189807601293 0.17133590305367122 43.39577653392958
C Fe 0.24237668201885665 19.59060397682061 0.6322796987022623 4.791732945485079 0.11688965110867082 4.791525397279526
Co Ac 0.6049750949018018 11.027405629486488 0.13868832470298492 64.30772641009936 0.29624391765184066 3.756056559380174
Sr Pm 0.543351391252927 7.163813850642462 0.14267322778976613 2.966269472456214 0.29411881033690096 23.487950038531256
Cr Sm 0.2659235405155407 22.36873991484545 0.4164166981376962 7.98106965915626 0.29471313254742654 3.982264650610772
Rh Cs 0.2310623496070113 27.8842161444797 0.2478453581882251 3.367467808297377 0.5130390684232083 9.038578571135755
Cl Hf 0.19622442831812661 28.6053337159762 0.22176062475198347 3.3779411957596985 0.5620339690222729 8.146170579384014
V Re 0.19372588844242783 36.991108499558166 0.4885099597254583 9.631084809175759 0.32589230938753666 4.093360698148633
Mo Mo 0.3497956337499399 3.7409356099488305 0.1426490079450697 36.845936899923835 0.5160901619837961 11.12634433152402
Ne Tb 0.16339845565028305 40.287344390672374 0.3194411158664014 3.6798755400699665 0.532807186687795 9.353182837268106
F Ba 0.13811485676586777 33.31761200806863 0.44908652257624465 9.860712468284351 0.40331971054708654 3.6492017083331176
Pd Rn 0.208198269077242 3.2965476334772603 0.20624551138602112 37.531663183370824 0.590686296863928 9.463442296495453
Nb Pa 0.5500590719572938 9.28274737424042 0.22586849566995887 29.001820933337036 0.22073254542288737 3.570410766560676
Sr Pr 0.5336796705500839 6.954517883356165 0.30913714559875977 22.186497264781774 0.13430896607447573 2.8417895397995574
Hf Tl 0.08370547673269818 2.9891984105106557 0.3132248115820135 30.21568015719125 0.6049761495678059 7.1028507742263125
Pd Hf 0.5266575240912427 9.039486794281734 0.24032483992994985 3.7376070140275717 0.21261460973009305 30.015177467403785
Co Rh 0.4271814113533067 4.1098772953372205 0.49456411205678474 12.315312356564291 0.05550302750454314 46.9123121275853
Si Cs 0.21068419083818907 2.762079703359751 0.5730913483139908 7.699623550681559 0.18829934656223102 25.57372738261018
Nb Tb 0.5586414905656898 8.386783830430618 0.2329985095330208 31.05779530424463 0.20535148021078048 3.4999027473189654
Ca Te 0.25806171587513327 3.0139381329629216 0.545397021454052 8.935650565549365 0.1562047403859176 21.883661863187296
Hf Re 0.3315317627559631 27.85185037816125 0.0724924105918639 3.1362024254018985 0.589544139772523 6.622646373954266
B Y 0.5264533280002359 3.7195970965281395 2.462798241440466e-07 3.6642201205603837 0.43827763322579477 13.558739549322665
Al Mo 0.27406917648844337 3.1277834468907613 0.1815937173081659 26.376531797387763 0.5285316816300271 7.826379090067251
Cl Rn 0.19317569559418882 34.485067761644906 0.1717225349444335 2.775909569437338 0.630776599405496 8.294576166395869
Se Kr 0.13412481442865984 28.97475725298712 0.5178315114437693 10.155459965111467 0.33704778359510457 3.6513232350458944
V Tl 0.2250887017094265 3.4033600726483666 0.21099925864342983 44.33689105288567 0.602564126745286 9.019933101329306
Ne Pa 0.3061991133637309 3.6481373027045714 0.2569915617302396 18.305903246652242 0.38465364950307696 8.443408601180309
Al Ac 0.5882724186686419 8.217800086328374 0.19074642704119957 2.8463697233922316 0.22166679664028027 30.32212982301862
Sr Dy 0.2660552979003808 24.991811017616868 0.5465136638724178 7.552151374839241 0.16432056948404178 3.2375150830697295
Zn Y 0.08575971106135455 36.421187798769495 0.5127594962781711 11.257263495470097 0.38646445848632965 3.8894323806097524
Tm U 0.15966042539812447 3.5910445786375984 0.5652732901620545 8.337038946470065 0.2771678592233906 32.80156713114394
F Tm 0.4923139204084025 10.310489897008171 0.18453632207935394 53.73359159637481 0.38179667635036163 4.042633439509366
C Sc 0.7004098128192557 4.182296168736018 0.1985993257965086 14.006298863127636 0.10179622900713421 25.637542314016795
H Kr 0.4057648917465479 87.27818300425668 0.35540752698251704 2.9021787965019663 0.5657799130969868 8.951339449715938
Mo Ac 0.2695976606913544 24.991707904008408 0.5594418088907843 8.245028685287881 0.15891786952858775 2.990420052576048
Tl Tl 0.6430897777255812 7.486553351566402 0.08490097100380714 2.800304584080961 0.36101363349125837 39.89374750130243
Sr U 0.25875683454882 3.7191204301243332 0.5873589272555116 10.587419417495836 0.15361034342158306 43.61664203644445
He Na 0.6286248566226462 7.144033560896047 3.391048600941695e-08 2.3633108425487013 0.3352375499452886 2.3308240930211706
Ni Ge 0.48479440701668297 9.446584464007042 0.14632739565195382 29.413032353002126 0.36410303307172853 3.8869105906883568
Co Fr 0.2718812050512006 3.621930600960964 0.4872666784483766 91.32987171946546 0.6020854033168471 10.381983685708219
Zn Zn 0.3378204877833301 3.7332330895876957 0.4747186088546067 8.827365567519102 0.19000024700678278 25.511841078472454
Al Hg 0.20968376179522089 3.1564385798556898 0.22200133185337995 25.353298169568887 0.5420464453990764 7.912119466640977
Ca Th 0.20986363546216966 29.89760536910769 0.630295538508771 8.2452376400078 0.1568724819294731 2.7146551054674775
Cl Ru 0.5122472439225041 9.897338938022319 0.09245223329647138 27.705361040136854 0.35904082675334703 3.523455557690786
Cr Xe 0.26005776442512135 3.1952052194261387 0.2923396643505193 16.688060461877622 0.40013432471193544 8.14985654332268
Rh Eu 0.22460093808781792 32.4204273970827 0.22491870989340182 3.5635667821295485 0.55119438071012 8.855613253665458
F Nd 0.44096946207448323 10.124946059267304 0.1415931879874524 35.84338994514652 0.4137363728661589 3.9199474818432627
Ne I 0.058007367796643124 43.622054340766745 0.5081643835897365 11.292938271427683 0.3991343156554918 3.403738850239702
C Ni 0.2759363498834667 17.107501382445435 0.6795569046664431 4.686032374232994 0.02632516725594176 4.685937758224863
V Tc 0.19616757134741336 83.21704943969 0.43018263911352395 4.030051563519974 0.49472355119093725 11.966214334403631
Mo W 0.5162049669757667 10.348819411639735 0.3078270793472749 4.03868850026374 0.16802551778571245 38.12108807891687
Os Fr 0.3009437664467015 33.75565031784818 0.09046337397953386 2.8382494736517816 0.6215177573067875 7.512664812906825
Lu Th 0.1760947076331627 52.9061794971102 0.21672116302707636 3.71773990143156 0.6355549607778447 9.861006513719982
Mo Hg 0.23912648736901546 3.589345903861583 0.581483127283786 9.692683104240315 0.2218282453189952 44.1347227846137
He Ar 0.014214347376819595 1.4865751845299513e-10 0.3266253151735187 13.880159335065255 0.6408026962807216 3.4292390124919185
Si Eu 0.5879725924077467 8.05498609050672 0.2110568922847839 3.129531394258933 0.17465398692542206 27.964666624670272
Co Ta 0.4781092184546644 9.457140180778563 0.32415240465799505 4.183855013696504 0.2065088657870888 35.10434925626852
Tl Ra 0.3234471137811478 38.03338059774191 0.09321968234630028 2.7589244160427366 0.6354740900416548 7.726124695311429
Al W 0.5337288527090267 8.789722611512156 0.27064141292726923 3.5569251532689323 0.1804262929710684 30.29488785677691
Nb I 0.24852866376952273 23.386836229475406 0.22187890893795228 3.1192064610212844 0.5060570621877498 8.535000620756371
Ca Gd 0.47241662618616087 6.174291215918632 0.13267307226681485 3.0810760775617343 0.3516869612059187 16.08961513726591
C Cl 0.28006728792207314 15.88955950147061 0.7012937583114244 3.92276298569522 2.7130746610658273e-14 3.3241073720130405
Pb Th 0.09142747795561545 2.7091692113337076 0.6316750688279533 7.698143075373444 0.28799841247631475 30.869979151828403
At Fr 0.6467096531292746 7.828966249062494 0.3559705918779889 43.53184740731676 0.09488079312402264 2.68284922688776
Ar As 0.226580093712826 22.7342905962211 0.18888977763344633 2.7793751726483564 0.5741181286168252 6.791484900965663
Sr Sn 0.3104062312561428 19.793065083474985 0.4665959745894604 7.4343491337487935 0.19254931831953195 3.018389667798958
Pr Ho 0.05379782178860832 2.5402538920604116 0.5689257672397551 6.253564690240533 0.3484729810957039 22.26251519836661
Hf Ra 0.3009955824069607 33.094756382757375 0.6092615290369868 7.585715455619298 0.10190606007821351 2.9912817473059037
B Zn 0.2800764324040663 73.15367543364925 0.39809874750575996 3.4995827773994224 0.5182692367619823 8.991366496607096
He Co 0.3617708843190364 6.326808149552503 0.16539797777850684 30.422887741694154 0.4818566203938172 4.156112375361315
V Ra 0.215073881619315 3.2097394858577886 0.18831008678837627 44.607458728275724 0.6200487917175522 9.294423307549808
Al Ta 0.19096244687864378 27.94989311791134 0.5434799303702611 8.353431650147666 0.24440217389232433 3.435227237545587
Nb Xe 0.5170044821560774 8.570836414004292 0.21606361661539256 3.0607621728303465 0.2426725973656161 23.775139298392933
Ca Eu 0.5349925997252858 7.668528890575603 0.20858017542989432 3.3362962461149994 0.22575826361760962 23.32983254869807
Si Gd 0.1502936643391016 2.9122912029126824 0.284064039966569 17.120926763096005 0.519730556075212 6.704188086874341
Co W 0.48772395594013235 9.528782572657837 0.20418711256794916 36.77345345287432 0.32081580936570697 4.16547791995484
Mo Fr 0.5876900765827068 8.921956587557967 0.18521768609100733 3.1429064988738924 0.20952411342930738 31.332976009773244
Os Hg 0.31687366030098607 32.42552963112079 0.07067899361652573 2.7959356142731906 0.625608109064567 7.050499139162245
Rh Th 0.182124119026798 3.1346543393749124 0.5589624818365303 8.745826046616283 0.2518921565523489 26.761064777801426
F Ho 0.1678365178632568 49.314968110163 0.3896733764427814 4.056952897570756 0.4819961190078311 10.29560088389225
Ne Xe 0.3945024827581359 3.3512134960073916 0.5271881414811544 11.498981344546014 0.0355411691546306 42.873885686868505
V Ru 0.5043332214991093 11.871089252585648 0.18063395607050978 81.15742800798044 0.4196094721818278 3.977298850151226
Mo Ta 0.3195056326869715 4.088309967213912 0.1646261287379996 40.2122604015052 0.5133985576191161 10.60274293009951
Cl Tc 0.3429264955859022 3.452790078618043 0.10584033696984335 26.437444469162863 0.5158211685123812 9.496809550314392
H Sr 0.5130626997673812 10.545672469011398 4570.645492242181 337.3528944702067 0.42796159853616844 3.0498748426761337
Cr I 0.263391259343002 3.2360384367216444 0.29977274204092713 16.458873027921996 0.38940139088521386 8.055873037760842
Rh Gd 0.5914334926181049 10.153704864961682 0.2701255794492294 3.8091506973537537 0.3322694683118713 70.96730761969164
Al Fr 0.20056837562884308 33.22739632347479 0.20112658118364077 2.8913194020022757 0.5937841109230283 8.436250485865196
Sr Er 0.25049626411073556 26.840716343169554 0.5452951638298122 7.917758518299407 0.1858819173322062 3.377474918332927
Si Th 0.605362056158013 8.26349159897861 0.1807782783615149 2.816149175489619 0.22355155501891788 32.62333509445533
Zn Rb 0.0855693765655755 39.84472469203992 0.5202965065177606 11.234827501412886 0.3860654432340201 3.8563154308359344
Co Hg 0.20827402177761864 45.209429292542225 0.5800041299609651 9.288357101363687 0.24783104971901315 3.673260124937589
Cl Ra 0.1576055116833381 2.6620303678842347 0.1945919147675578 32.73820204675924 0.6362573217535293 8.133070946040469
Se Sr 0.3949105995429394 16.333046542887406 0.49660594713323897 5.469149846847941 0.07742026847358205 2.3785721835134965
He Ca 0.2830221367065623 16.311661971407467 0.669931053878958 3.8030815992775864 0.03433087511431142 0.8715336025369292
B Rb 0.5154035921486632 10.838748461200971 32161908.64772968 559.840048996863 0.42303986904326013 3.2434825772876636
Pd Ra 0.20084035446201692 38.577301071047266 0.5901405809871999 9.688723710291537 0.2149817876938706 3.310353144635112
Sr La 0.3527366932459145 20.198747287613337 0.483711507160311 6.566153251450758 0.13766463547070676 2.612397067289012
Pr Nd 0.0786773439255394 2.8066578528591366 0.5550909282180482 6.356427911160639 0.34246109649233303 22.40820587125449
Ar Se 0.20714374437142574 24.34582552079681 0.5719071870587142 7.182870574499837 0.2117123589261476 2.848332706590708
F Ce 0.141825727683907 34.601671939137596 0.442083666807049 10.012053879932923 0.41070317685938457 3.8103456953082673
C Ne 0.30420432353279414 15.16221573794349 0.6814952039277031 3.8163354950032202 0.0022891536677670933 3.816078919336999
Cd Nd 0.2116402158235095 3.3296393713531103 0.21978720263369392 31.854396118809795 0.5666649444035764 8.933101161955776
Cu La 0.33775361865455816 17.378439915704707 0.2581704692837848 8.919201908591344 0.3644834680269675 3.7557854856871127
Li W 0.5208748217627523 9.983927905898675 0.12669924772844376 45.78250310707015 0.35105728724424484 3.7160039990193607
La Ra 0.27885566374930587 33.52390921269442 0.16446677821794153 2.9550076298810026 0.572094567742036 8.37483620593316
Mg Ar 0.14145842073778553 27.635275739443543 0.3019606350984209 2.678766040570559 0.5771639117589263 7.68869686581795
Be Eu 0.5991003502711357 7.093923182172577 0.19097186382672726 2.8516978721504525 0.196899967911377 28.71913784871341
Li Hg 0.2950533877888409 3.210027511273499 0.5855408438107224 10.00747005067233 0.11577120239756673 50.20447643069088
Mn Sr 0.51163470994292 10.601655932510113 0.08919592121442287 36.32239411382377 0.3821418571870811 3.8228133855186157
K Nd 0.22491155367130392 22.850088585951646 0.19603582618692023 3.0831187568624068 0.5482208082671183 7.549912760594366
S Ni 14209376.298723683 544.6549634516687 0.5505880560621611 4.217460875251566 0.406185890727548 13.208670893492176
N Ru 0.3615695327172453 16.334874402477823 0.6107378705729462 4.344967087326447 4.3750038097984596e-08 16.232317055163932
Mg Co 0.46705996696254937 3.797542182071848 0.478853740489105 10.943679056777118 246335.30000746477 439.66657623949556
Sc Rb 0.1988725067339059 22.772042104411433 0.18847565358347804 2.73567649512849 0.5891269465896677 7.280237165724113
Kr Hg 0.20099268882631421 41.347682535022614 0.5754556716566165 9.68980978609017 0.2471490963258471 3.6223519775573534
P Zn 0.2357433008969146 19.429244060619684 0.3796580744650565 3.686415135274087 0.367771959847999 7.6330263561325475
C N 0.14477469359702297 44.79188188919414 0.9050068273912917 4.78381322600614 2.225842268920373e-09 47.64440590065437
Cu Er 0.5222647540625033 8.008160517257668 0.24529894578531428 27.34836780560112 0.2250397806339935 3.7125861904855655
Ho W 0.33672696819556736 25.186527994171342 0.5904669739686975 6.416345224387801 0.05243972694094149 2.775299669719069
Xe Gd 0.26510744454393487 66.57117545288102 0.23330694373740804 3.4967257495657234 0.6251105819797991 10.135531813513229
Br I 0.22853320042588088 3.19367091478512 0.44525402838112393 7.966223604704745 0.29102920396916854 19.671802047961272
Nd Eu 0.34546595750478976 22.556841496081145 0.5629002031813093 6.299030770797642 0.06676405465177306 2.795524210072675
I Ta 0.2699326564508357 25.31875348116094 0.5438855669178995 7.881362900948359 0.15622038460972873 3.199233550587038
Ge Ru 0.31737568998522614 18.233916762407222 0.2346828002985004 3.442752638019635 0.41499999541747595 7.139232362667079
Ho Hg 0.3152703762085918 29.70988338302259 0.08996851466822789 3.0207481984123175 0.5989095709533098 7.161128653022919
O As 5748041.445390137 527.3535677655956 0.399546543670836 13.114937702947495 0.555404003242359 4.110895535884306
Xe Th 0.5634053617165415 9.343746401411673 0.1964509978160922 25.710567969839552 0.194492200190009 3.122827684157777
S Cl 0.39943281259318375 3.0967707438134284 0.12911234012253245 61.944605896093314 0.5582233962402058 9.972996344182272
I Fr 0.2153702199492261 33.51305096412329 0.5839031978119832 9.363061440465978 0.19267492180210802 3.124648542790243
Kr W 0.20976430079598615 35.948588693752576 0.5308431964267571 9.436018083705653 0.2694847994574596 3.8239807420416825
Ga Eu 0.5438920304262325 7.2198834177405065 0.2769286589010031 23.524984001430475 0.15991099833468278 3.2498329412388625
Sn Xe 0.6025806789844189 11.82501429320721 0.29333499843102634 3.374694139762755 0.15199387737040165 61.432965634365154
Ti Ni 0.3095760349317922 10.126859025947585 0.18482818679686472 25.674950718903023 0.5095887524335025 4.341178536706323
N Tc 0.3630283323026565 16.115475525289746 0.6079567422291168 4.32555099770907 7.7755275860401e-13 4.184121816302407
Na Sr 0.5760343204918186 5.02048524484852 0.0658008827658097 1.8722742326107027 0.33074100182348476 16.867877962816188
Ge Ra 0.2632982336481555 3.6365146796569388 0.5952351738242402 10.468074473760657 0.16831502841817836 52.445097872508576
K Ho 0.16847439612055393 3.142306535128259 0.5831840393514639 7.434627749655766 0.2223068261350404 25.259725732735046
Be Th 0.3416172443522685 97.50813272629341 0.3499335166366834 3.2334028068231153 0.5625787988313418 11.863963169349129
Li Fr 0.10300195697352817 2.102553333452082 0.5131443943208063 13.099884410464213 0.31418933866812077 4.317742503963458
Be Gd 0.1747465797247292 28.590205199478735 0.24066948574372032 3.1802544766018146 0.5669333357738177 7.650265481871689
Cd Ho 0.18845677154194276 3.3985769292005203 0.2326804646990716 29.853527812668524 0.565737726801811 8.44162129133859
Cu Sn 0.38158605614411495 8.533179281709126 0.3022355806496159 3.5826772271898375 0.27322109528035515 18.067780374111383
Li Ta 0.31913641455413166 3.559905955845969 0.1308853235585382 42.894383336037166 0.5448095199839366 9.469100983682917
Eu Ra 0.6102807616169009 7.746406099713064 0.29637656296690235 32.67091436210605 0.10757524686373339 2.8943979574846908
Ga Gd 0.17578205992967172 3.401299258033663 0.5213175599283214 7.354658983567985 0.2600743297215629 19.907759564972388
Sn I 0.6014969333120104 11.96101404280393 0.3003135095317778 3.4182233057137563 0.17080257744426527 67.91813030178369
Kr Ta 0.21369442698777194 34.003595477027 0.2651644559572761 3.803878473461381 0.5254049486579538 9.248447347443495
Nd Th 0.27895418413212253 25.239756787999074 0.5857859866916861 7.656229504587325 0.10979290341348168 2.8364961923800025
K Ce 0.5469195348847663 6.8577934234807465 0.26508783367809 20.13711309395034 0.15260784672809447 2.7301143009297153
I Hg 0.5752984275084796 8.621232483266448 0.1721893602510053 3.1571153337479214 0.2440208736551537 30.428723020743345
Ho Fr 0.29980017305867607 33.00481789047033 0.6158826397537445 7.620805096758855 0.09915308472518108 2.9019996901561553
O Se 0.5692350267463363 4.121883095706982 0.00010405302438569167 14.175986436870188 0.40064045913429647 14.205677374391355
Nd Gd 0.09035043720132996 3.1484502893440527 0.5305621209495613 6.444237254460528 0.32167601281898633 19.248454503917454
I W 0.1541900248261196 3.175442736693714 0.26817434639487375 25.78911452672739 0.5496231476321786 7.910714065412885
Ge Tc 0.30220698297696985 18.503315160171855 0.41037254552066205 7.4219515466591 0.25503850726110977 3.5227006337150817
Ho Ta 0.5923133082183758 6.289658079509978 0.34267726521989533 24.678822947949005 0.043485983355840224 2.6283660773460418
N Ra 0.3670626319821976 3.548229512035266 0.5479995847864911 11.925715949330918 19831620.320898753 559.9987829756168
Xe Eu 0.17958397283885255 3.1465269580512074 0.5637318049117978 8.534194642104968 0.2360519264505359 27.693203822120417
Br Xe 0.30929737352562814 19.201582545287323 0.20658899217805624 3.060886637227736 0.4477436978086769 7.619291038103837
P Rb 0.5513345596964544 6.857533748827812 0.21997328299854013 20.322878771769506 0.200755845494886 2.680557146435824
Fe Co 0.5743517055423142 4.610649848752421 0.1122424572949344 27.27734042702488 0.31213825859585204 13.142866542122608
Ga Th 0.14709143688735926 30.851902293457343 0.5740544762812325 10.164982010349279 0.2585883450155403 3.6223878312735427
Cd Ce 0.2176114110314444 31.705678459444357 0.5644510789410169 9.030268756316737 0.21690451872985972 3.2877522201449225
Mg Ca 0.14926479049373564 29.51985715429228 0.25911605182155767 2.559905046276856 0.6149212253502329 7.474866609283942
Kr Fr 0.21493361394445604 3.309274943138974 0.16797916012051875 36.64079057131724 0.6050117684416805 9.635125960134092
Sc Zn 0.22316111854920404 3.1998208327549382 0.2329248630393019 23.463213273142976 0.5429422044631399 6.922141199305255
Cu U 0.32022684037332416 4.030689954716439 624.8086631630035 288.80637429883984 0.5725167966981903 11.373518960193847
N Re 0.43687144179305487 12.39901927057899 211.8481030355095 258.66446963217794 0.47363601475203015 4.409034330187925
K Sb 0.11150468645081459 25.55455317091681 0.2796496856999304 3.084785519661526 0.5698968085031957 9.480571734925142
S K 0.5836963791260175 9.602994566390324 0.36032739944627545 2.963055873156707 0.19123270329590317 64.24355930725326
I Ac 0.5670917725353186 9.369391773284253 0.20020050484052143 26.478399502736526 0.19712001985254268 3.157099387901871
N Tl 0.39542930284834843 3.8667588604880994 10765327.593237681 532.0689244149576 0.512573696713656 11.654109419267623
Pt U 0.27295263502296674 37.571473878133055 0.14416290771007037 3.4592418958512154 0.6000121586956565 8.395169217768048
Mg Cu 3933621.367704079 512.2408038476112 0.4689553999088628 3.785007596342352 0.47835529013593386 11.286533339805521
Be Te 0.3119859630788079 8.690875530852958 0.23523825670290624 19.69054954851838 0.4204895982790716 3.3270432572533624
Sc Y 0.15532759171888907 27.761484582194445 0.5619190811513526 8.45622457622256 0.2663436192018451 3.15088116923197
C F 6.005610862339958e-20 3.972421163154291 0.14967328429591795 21.824380269217343 0.8416345997138848 4.537565936681281
Li Rh 0.10820426135045137 14.689237698432663 0.28602985329520003 14.68859658608525 0.5667297049972048 3.9450832907428857
Cd Sb 0.5755546013291488 11.347009702199495 0.129205737912705 42.288109831768494 0.2982134983088037 3.416902916041257
Cu Dy 0.5155017034362686 7.866004021658319 0.25055695864092536 25.72605548887235 0.22090366368076805 3.678610341835846
Mn Kr 0.13434439850956822 29.1900429371912 0.31419882825418693 3.5403237028959302 0.5352686214131762 9.115900234475564
Ge Tl 0.19888422404181266 45.95092220496307 0.26298257126209207 3.7540991040379827 0.5724816316747117 9.843359274583335
S Fe 0.4284852412671034 12.691791693459 0.5303094012304197 4.084252585118539 17833779.444021016 546.4928257539532
Na Ga 20075375.797115177 545.927346952757 0.4448035029371258 3.6930681283685076 0.49442141124652295 10.76009642072721
Ga Te 0.4107347022596249 8.455780752041724 0.2786395513790955 3.492559949932778 0.2702642206842962 18.938715450613216
Sn Tb 0.19665497116769803 3.3848120561121466 0.22165578467046396 30.43615783934146 0.568826138143653 8.743384583969448
Eu Re 0.5661133496220022 6.855818826599187 0.3220056855991532 25.844781657001832 0.09430024167825402 3.161505142478743
Kr Rh 0.32359998467135326 18.908582591681956 0.4525956318287362 7.027702232051641 0.19401921002042402 3.1336870555573197
La Hf 0.317911931718215 24.36011867452374 0.5313201638857882 7.032336337785986 0.12857623585373193 3.02429651448324
Sn Pa 0.5655593131540102 9.465202281205741 0.19938747807088078 27.744899303749694 0.20769091940004486 3.4165352008229313
Cu Pr 0.4328649645126441 8.141388190407694 0.27597038808607977 3.7368351477080206 0.2624195119423704 21.55031801476169
Eu Tl 0.3054889743777606 30.571269634531987 0.10872949034821452 3.0736377096295424 0.5948183970630447 7.478079160755242
Be Be 0.2282708515427629 45.829962215600695 0.10011586988689519 0.9221003727878214 0.7977493378160895 4.294907024122896
La Rn 0.15636319582660455 2.940706594646274 0.28596743812077835 32.82539207809171 0.5740373419186854 8.19551051614983
Mg S 0.4412582190496325 3.241054830813546 0.09356448318985461 33.66751814449127 0.4771074852456068 9.121613730891161
Ge Re 0.28794716387997327 3.992421614589141 0.20931376169965563 37.609978788407346 0.5206150578384944 9.517069675774687
Xe Cs 0.18117231723026234 29.59600836351416 0.5437849556500818 10.101210890706378 0.25599810045572596 3.2588768827020926
Br Sm 0.16332315672161993 3.138387785259759 0.2763183775255821 23.472775872448487 0.536638354002453 7.3652307347373025
P Y 0.5558533077379071 7.410509144380341 0.18734748501783674 22.93536807589145 0.23171987808776678 2.8688642780865945
Li Mo 0.4308598752664106 13.42807114833668 0.5280533077675463 3.6867403505660667 24.12909872270353 686.6009072705165
Cd Ba 0.21802729985060884 29.808815967479397 0.5397596832832048 9.200836767058815 0.23636571266190975 3.3055587030501106
Fe Cu 0.3799243463485876 10.033644348732956 0.4556086278387979 4.1954036330226 0.15716604178371082 25.89999457149991
Cu Pm 0.24829060994297356 3.693266155205272 0.2672536241004131 21.959874525399837 0.4578271414596286 7.83646702527967
Be Cs 0.2459932864527583 22.86107672283597 0.55029204032599 6.273944366785072 0.18367168538213746 2.320732682539152
Kr Ac 0.290323666194733 21.116906826007416 0.15118365010301768 2.9465647332796028 0.5299175890833745 7.843381996685326
N Rn 0.5611789783122828 11.499867543286436 22374574.663051706 556.724569163807 0.3495226761847235 3.466253804036787
K Ba 0.2573219362659613 20.365161155754677 0.14675121799814478 2.5388835261335827 0.5619435869615078 6.843948274036716
N Hf 0.3633337092972475 84.32408977776358 0.4583655519413097 4.332587351266087 0.43737758961997175 11.680076583675469
Ho Ac 0.07198778606123747 2.630303249865646 0.30112862401665674 23.236553368915448 0.5889435894618252 7.0469424182290865
Br Tb 0.2540285606061623 25.994608063347126 0.18690553671795965 3.350767439509836 0.5425138548976667 7.8099461810039985
Ge Hf 0.222873575774878 34.05487028023753 0.2694806843395941 3.9010350210089473 0.5191926515072182 9.014775333436619
La Tl 0.5665611844878108 7.790328203530712 0.2997999173461084 30.163662116608112 0.14431155097087198 2.9676170809500815
Gd Pa 0.27826273779351923 65.7319226881884 0.27291054433294193 4.189992358915226 0.5826210034335925 10.59667273542005
Cd Tm 0.2383500765315942 28.729533453224178 0.5646016132607322 8.267859184374853 0.17896955492052594 3.3600227098078452
Eu Rn 0.6101235528395813 7.666792785488418 0.10505047216265308 2.8962589092956423 0.29878741998183306 32.273532993608214
Kr Mo 0.48930300430593676 6.143770314036303 0.36004614513982075 17.83408408245486 0.12166028980191719 2.680287524622935
La Re 0.13705156542917973 3.0727936881726294 0.3092879955516999 25.623277915395708 0.5367184601858273 7.270290039924468
Gd Tb 0.13759217228218082 3.494805141669486 0.5810463529926376 7.439912641897889 0.2580327407194561 27.76729902421175
Ga Cs 0.21872938305149162 3.3047656899443583 0.30204761183910983 19.863478291003357 0.44581509920619267 7.3170926676405035
Sn Sm 0.2019135240639733 3.3272817189252675 0.5692064536684557 8.861261039602313 0.21800767658208764 30.590642649768853
Eu Hf 0.33870691255697527 24.142172869816914 0.5686157472683109 6.458037237485927 0.06906893017941142 2.9264558909622553
Li Ac 0.5726717200568306 11.730968359304484 0.15000164701607396 76.85801204152003 0.3385429063841126 3.090045075950908
Ti Fe 0.6386931418262425 4.731416777421405 0.000662432011970475 4.734765797099061 0.3541655244881703 17.55076482432239
Br Pa 0.1533849366419711 33.3314677486639 0.2601387196658805 3.7102650189552073 0.5772876451127463 10.394678627408727
Na Kr 0.35298069895385104 15.84405824658223 0.5641254473772169 4.795365318785277 0.05430344957232119 1.8118803655653966
Ge Rn 0.17639937731897243 48.99965516064942 0.5956894232548577 10.134592210569204 0.25290122789743524 3.597717509722209
Mn Ga 0.19603337611964458 24.297579472273174 0.49124985039624924 7.947524639101172 0.302485538353324 3.661711408021481
K Tm 0.23979844118427476 25.62641366555643 0.615733505022517 7.067782266803761 0.12442996193630038 2.7993629491630494
S Sc 0.2679957332653115 77.25188826606721 0.4007415271896769 3.2598303245657547 0.5485048301197426 10.28072695857094
S Tl 0.18774350244439528 35.53850322558249 0.24262635891726528 3.3512300843265335 0.5713592684091273 8.81614117128918
Mn Pa 0.2818613319051768 75.2830624891211 0.5432968684931354 11.515181653157558 0.3512266507827556 4.16992792155627
Ti Rn 0.19230370145265388 37.51751685941787 0.6305728055725536 8.632085095392164 0.18106457570882545 2.972046827980676
Li Cu 0.3360945665428881 3.42715376961621 0.1550090471399086 41.57834969309361 0.5460914564835123 7.338260620634021
P Te 0.5651011373393985 10.315243428129637 0.08715175999441784 43.54409766744233 0.33252752266111457 3.282338808551709
Ag Re 0.1960786348355549 3.4794728815057234 0.23667285327993595 27.04004973126324 0.5384542234887909 8.389159899583413
Fe Mo 0.07906929300518455 65.75610627346586 0.4890160036958358 12.35562013043002 0.44095722408601534 4.15116943993605
Mg Rh 0.4778749931604601 8.201295904972843 0.3161905595367115 3.3079788753471595 0.17384428373449598 22.653335287571938
Zr Sm 0.5592753871653491 8.17801930170566 0.19463060978399943 3.3477529162552493 0.24182642315026068 29.448901576311105
Sc Cs 0.28291263059645855 19.23579679964212 0.16209688831753466 2.7116378830009484 0.5205685458958736 6.799972375360128
W Pa 0.2668843197347146 24.54667547741537 0.13820964684873 3.5000653759937634 0.5537160414343594 7.872557552975216
Ag Tl 0.5625314212257687 8.33578459198506 0.17256708452074004 3.1837132044154544 0.24158657091361227 27.498270748647517
Ta Rn 0.09217198840851229 2.92154671481643 0.6149741590734662 7.447267184941092 0.3033555999288265 32.64985562908015
Ce Tm 0.5724203291376875 6.320779840960031 0.05418282330903686 2.436208055692144 0.34462943108999666 22.495510641231736
S Re 0.5316185416761183 9.02696550314649 0.2837796451144503 3.683304798101663 0.17960688927658083 33.90654170318664
Po Ac 0.6413862357786619 7.927593179904401 0.1008631368081426 2.7769230417585127 0.27595973839342713 33.55111256875794
Mn Tb 0.4812642729695099 7.853889537696268 0.25224969595659424 3.882719711338014 0.24771324342191406 24.588615398549223
Ru Te 0.19258475720830295 27.615394404784897 0.5274227818088101 9.736516704315124 0.26316631961408155 3.3156634661834534
O Sb 0.449428178410827 11.81356529699278 0.06308605065494996 32.81826471084532 0.45854946281675246 3.6547914611339287
Na Sm 0.27103287694862527 3.396804993946577 0.17171058252812857 33.93622582273577 0.5574165094273887 8.480541256186756
N K 0.0876767627399249 25.260668004114706 0.6564530105050369 3.961883232485705 0.2423112723915843 12.177645441385264
Ti Hf 0.521949324046937 8.47651834759462 0.21045522636788971 30.083044277799342 0.2572489059540297 3.7670489739298203
Tc Rh 0.19293685493583307 26.215068715837837 0.3110357456954279 3.6002390227807317 0.4795867843263683 9.919309532821803
Hg Rn 0.08600016709529652 2.7135484785207082 0.6395158858926233 7.583790568023544 0.33288757028652527 38.026418188064135
Cu Br 0.08353571456851798 46.26504239668337 0.4973501110638857 11.664646454142488 0.42193491653599763 4.031958352863084
Fr Pa 0.11914607849257719 3.016725140507141 0.26176136161174746 38.04731879641922 0.6505070118064634 8.436209234117795
Li S 0.056523403266549456 3.382090515440677 0.5834011382616716 3.382095728738903 0.3385062479260743 13.32080445292783
Ir Ac 0.28671815798437833 24.21312224089378 0.07495494104479755 2.6610133023254896 0.5986613057449812 7.176604021821607
N Fe 0.7250837558877382 4.769987983555218 0.23631691778301311 16.617645792525167 0.08337758809837124 62.21492783390436
Y Pm 0.16054033178375318 3.11529143490411 0.2836875015063837 24.391426641713235 0.5384398681668321 7.426106119992082
Fe Ac 0.6063823661252106 10.736201741575167 0.28625792962907526 3.6845423240248194 0.2291180951647427 69.87555759857189
O Ba 0.43295663733354395 3.762033608645349 0.1448062722234221 32.14903254707032 0.41199921895898084 10.04273213492352
Na Tb 0.5622174923442451 8.67628522427972 0.17419168568925852 37.254820815379595 0.27351734555355794 3.506797827202185
Ti Re 0.19175804078758107 37.3623585073118 0.31520028793929983 4.003760946659561 0.5013697651042732 9.50240668453202
S Hf 0.17581607351026607 34.72688310497055 0.5466499279910861 8.99353041362093 0.276318358251663 3.621060894626325
Mn Sm 0.41213746104023136 8.577934363967318 0.32650447663715243 4.099050973256275 0.2384507635765861 23.499844421438407
Ru Cs 0.23545125268599354 3.312711636160373 0.24360424656367266 26.81611100136352 0.5111327725388958 8.702991052812237
Ta Tl 0.6095300177215078 7.099422266546001 0.08065065468754336 2.951104790934014 0.31333925154891623 30.597131882075523
Y Pr 0.5284168791912656 7.307618157057251 0.15804872656388824 3.0304277441733 0.29327641016980666 23.222989131229085
Zr Pa 0.5514360616585406 9.134861410960132 0.22924442626288957 28.39633811112453 0.2139799176601503 3.526287661066899
Ag Rn 0.19928125297528637 3.236265133037998 0.20692932519872329 34.061851195614246 0.5852215909556092 9.251427066043481
Be Y 0.28065546617418236 3.090393694530654 0.2159043852375083 4.193982549343673 0.46290738858703206 12.581693034642418
Ta Re 0.3281234913669113 28.787583652290284 0.5919139595171254 6.722046134297194 0.07788417063004474 3.173354846976832
Mg Mo 0.5306890101818824 6.590392371225689 0.24022478425728905 20.316576911200062 0.20148114712390425 2.82595251078356
Zr Tb 0.5645900064217176 8.271075852069377 0.23331921849980547 30.718429228416394 0.1976131653076413 3.443857974119376
Sc Te 0.19936112835374076 19.440900946195377 0.5027454134293237 8.597047163423055 0.25558267101854343 3.066500362222048
P Cs 0.20785309650761133 2.762961165541467 0.18347135828733288 26.621933467386736 0.5866553026976272 7.744875032569701
Ag Hf 0.2168771611767326 3.6044137320872003 0.2260296994731066 28.421642770961096 0.5333243999461302 8.683084937745866
Fe Rh 0.4988636165006157 12.293274725440472 0.4272948283973008 4.089738666677415 0.0569224223604094 54.58067447268764
He C 0.4176298465376242 3.9375990219413923 0.49333598294482867 3.937806020975094 0.3214771945878929 63.56527251923652
Na Pa 0.49792257499134446 7.912552992118945 0.2280650464909191 22.857651424694705 0.2366575139845094 3.3786011425078826
Ti Tl 0.21023653443052612 3.2869601932155446 0.6028445690868751 8.711450273111543 0.20564045288773644 38.71452639562042
Br Kr 0.5104747209809186 4.719486906692626 0.01730802422479656 1.2474505452065756 0.4458684955166174 15.582534731182484
S Rn 0.178445985671592 2.8244654009937595 0.19169876628865462 33.22114829498529 0.6202352427086322 8.27064991260016
O O 0.8473141165458165 4.647485425877064 0.1565346448156368 22.947292284086757 6.279210002966597e-08 355.1185209791472
Ga Y 0.32222630492443416 17.27508478720215 0.22870670918402272 3.3464148029177747 0.41576516230702065 6.9452199481450325
Y Dy 0.2626781884248641 26.435795374714584 0.5429304604022205 7.760533410936245 0.17829011287680224 3.351652623100297
Mg Ac 0.17746077801645752 2.7837844778050513 0.25931226287785175 22.04751080104661 0.5339518566724487 7.504711502608734
O Tm 0.17099931582566205 54.65646784837911 0.47013486558049405 10.699591627525914 0.41028238830980907 4.160696265619938
Er U 0.27475617838479155 33.178359002403255 0.1725063554256754 3.679409926759896 0.5567275007465567 8.482836430049927
N Sc 0.27573254362686545 17.615109903475688 0.7178910058259399 4.325056951103294 1.692583624853774e-05 4.323238985110114
Tc Ac 0.28057631468582656 24.224910630975454 0.5478242932603268 8.122190278313116 0.15839225859017217 3.0041344883595844
Cu Ge 0.3736993836443744 3.89829946258519 0.1331954557999826 30.99473230457216 0.48995306036409536 9.862164919835626
Li Na 0.025410678202986092 2.8590212776798767 0.4541826153598771 2.85893058015551 0.48576963696215014 8.731521767611522
Y U 0.5797271613463387 10.679040955635482 0.15435254020925762 42.920190340196356 0.264934240631085 3.7772744935644864
Hg Tl 0.639425673786778 7.451650891101561 0.08461237326097222 2.806218275861585 0.3514215314157663 38.4695716384809
Ce Ce 0.07543934226383013 2.6028216019871326 0.34370099232590895 22.2031121173613 0.558532586331167 6.32213116083597
Sc Th 0.17674039645863998 2.9046106395448996 0.6203510482736537 8.5557713720833 0.1975049663818283 30.50365632826837
Mg Hg 0.20294397536233116 57.728228458662024 0.5681831682767706 10.035698971492126 0.30171173300759535 3.5088600223176636
Fe Fr 0.2654269759435943 3.5592732202432305 0.6091393869759858 10.251416873543443 0.4256020373552874 87.27140570032385
Ti Tc 0.1765369044533015 80.15033007135021 0.5047997024186042 11.69360508399308 0.41850557595128973 3.9289776900529976
Tc W 0.28906237483122915 3.9668504755242675 0.17873172071343005 34.74605044686735 0.5176551584140232 9.911052802979343
Na I 0.10181912572326439 36.70418235432901 0.3587250105863093 3.318684140087897 0.5228626586685572 10.130268314177274
O Nd 0.40546539968747347 10.507279180572803 0.13942259891443085 35.35862877120994 0.4499256231187962 4.0620250367675546
N Ni 0.6854983304581573 4.696553513140547 0.012221651474976298 4.695516560484023 0.28451139542066545 16.986446544398316
Mn Xe 0.2937548301106565 3.3816465133739486 0.35915960437446126 15.228273940003524 0.29566045547319825 8.025532410665226
Ru Eu 0.5484921413475945 8.755719163465233 0.22734339031139847 31.798730917346273 0.22361445238009833 3.566909434126207
S Ru 0.49969622751497794 9.886282688617927 0.09764612953898702 28.554852867532414 0.36946453882477764 3.569823612260949
Tc Hg 0.576238257847329 9.297943481429188 0.21738840322010183 38.67055372441334 0.225044335052282 3.5256765153028
Yb Th 0.18470175931690136 3.5318288956256825 0.15918920218619478 41.22008622218997 0.6474575879683846 9.604779599711026
Ir Fr 0.3000223607706094 34.37799296052595 0.09202704406768646 2.8355686999451755 0.6232255378302447 7.562501791338999
Zr I 0.21120700575704043 3.0670041196387703 0.2621807964108757 22.534323988851877 0.5012135388620413 8.238917273894765
Sc Gd 0.4243634263260947 6.473319434304422 0.18423633746994036 3.4838955955775255 0.34829720068478176 16.186404684635896
Hg Ra 0.09043163511873878 2.7419940117065367 0.6337656950778837 7.650214820061185 0.3204902701440518 36.97381846663905
Mg W 0.3156171677816988 3.7012851899733796 0.549919752046566 9.908290627718417 0.20534691070021416 54.14275131357322
Fe Ta 0.20489166752535562 35.14977019060585 0.3312202359062252 4.207821037463735 0.4720899556639 9.488257969267144
Li Ar 0.09470249878880939 1.5491221191653748 0.2870656378666463 14.974659272343079 0.5988534799853074 4.077152593520616
P Eu 0.17262252315137455 30.635653030797894 0.22216026607657283 3.1989119443354332 0.589573991240667 8.209717008943015
K As 0.21299421927325665 2.908380372195564 0.5803993814085044 7.248645241098645 0.20432046562489045 25.83443045349085
Po Fr 0.34724072845635395 42.14737548046603 0.6440560683223221 7.768965774855708 0.09366804414302546 2.6929178395376048
Bi Th 0.6333521095878686 7.8434293309175045 0.28194396402585986 31.815985794708258 0.0981988263394142 2.7701923041392176
N Cl 0.26578466183529437 16.45631836898593 0.7102999568336517 4.096628864654155 0.0054156505856939145 4.097108875627646
Ta Ra 0.6124448264145033 7.549728722058558 0.3002354834263198 32.94246814203233 0.09745210866867332 2.94276466937792
Y Sn 0.29516326601405257 20.54142536350509 0.20529356142693803 3.0907799674500107 0.4711777764754446 7.730628776177158
Ce Ho 0.34636573755827915 22.285380789144273 0.06141165646911144 2.62269056402743 0.5638274208580392 6.318795876610645
Li Co 0.16274942438928097 32.489506911951 0.3888128514763031 7.100260210663457 0.4666342367529266 4.027695221597065
Be Zn 0.1890027116430465 52.84147139819799 0.626621358429173 7.568026763076789 0.2691466628431439 2.921566249333793
Ti Ra 0.18674193033306835 41.1236239207789 0.19686062492488912 3.058535741375814 0.628383396373508 8.979597584818762
Fe W 0.32601806060547606 4.178956785013957 0.20275819924784602 36.85917880780262 0.4835316619577375 9.544596634719486
P Gd 0.5125961725940127 7.084938959310208 0.2619594652889793 17.497339985716604 0.18200967158544634 3.1139156426026053
Zr Xe 0.26752913211625307 22.2865378747488 0.5058683810145965 8.104756783911771 0.19958958981867345 2.9791646386600057
Sc Eu 0.24724200555013925 22.23741667932268 0.22042012014035367 3.501089442809821 0.5020487320915212 7.5563959646792425
Mg Ta 0.29725635129165245 3.624784769612502 0.5555579033525679 9.506142091580122 0.18382302001465792 45.87712013702361
Ru Th 0.5541716458906132 8.497109335768137 0.17251199734777517 3.079595947796708 0.26361135793650314 25.652679069005675
Ir Hg 0.6279660615456163 7.135193726222112 0.07379779445820679 2.798761292135468 0.3114580862067766 33.04374866179576
Tc Fr 0.2184054986756959 30.513517255048445 0.5800876859687579 8.81959974121409 0.18403618524403217 3.1466787678004473
Er Er 0.3360703690421327 25.301639083402254 0.6057279722783319 6.36144122732976 0.04260474764460625 2.468800228036295
Mn I 0.3070380021684905 3.44508552498412 0.3347442975821181 15.34367948580965 0.30696977500375583 8.433549312208017
Ru Gd 0.3016852520171445 67.05890883743848 0.5875778625792449 10.100344317724737 0.2719505264675104 3.8231845418695136
S Tc 0.3541035285747298 3.502526920188367 0.5055136618509856 9.520614648677725 0.1073933030381492 27.38278910516651
Ti Ru 0.12185929452358175 71.19709340025787 0.4169575150633794 3.9171206804606116 0.5071922675369345 11.79241660177259
Tc Ta 0.2899269428175517 3.9894078569960865 0.5091563958694864 9.794435912282124 0.18504239959275356 33.4612821185724
Na Xe 0.53659026441543 10.117386487873341 0.3468419134651215 3.226003223971382 0.09782238676380302 36.85966506697445
O Ho 0.45978098752613417 10.574910999619622 0.15301137510308144 48.223221302104896 0.41498674309492384 4.163745469304191
Fe Hg 0.24230285017359934 3.6219054158934423 0.5866441887285748 9.203248800809442 0.21328066894711642 46.41074228856209
Ga Rb 0.5230683156587175 10.790588922647759 0.10075214467565716 34.97250953621675 0.3661446809047351 3.782256476560835
P Th 0.21430497622317704 31.020663383899354 0.6194347491368017 8.01951305447584 0.16503084808301785 2.7233948010664433
Y Er 0.17271269747110696 3.3388130052763274 0.26158368375938784 25.39120715579614 0.5415611322782521 7.679985278617023
Mg Fr 0.1941442178218859 2.846836269890463 0.21268255004419465 25.52049833056426 0.5610078978994557 7.982946495716257
He O 0.4138824332590259 4.765748010810351 2.2702366309615014e-11 14.493309126188269 0.5349411739703434 4.765704023015457
Br Sr 0.013301246389328784 0.9742119005010911 0.4489265734271599 15.561542289888884 0.5080023485513728 4.689819470996234
S Ra 0.16621795306114218 2.721457889174794 0.1938952651102583 33.29848231407426 0.6293795473710686 8.175705941638398
Be Rb 0.395729424422311 13.148206618340952 0.18918114722624835 2.366197312143815 0.37615253079196437 5.041669578699213
Li Ca 0.2261657960411494 18.28985472259007 0.17061647222426982 2.0031414007465713 0.589003837823459 4.853050580755914
Y La 0.34354949288056835 20.588005098871974 0.15156224146249467 2.7173843949856074 0.4799676144192457 6.797737926602844
Ce Nd 0.34690046753909665 22.068605626188326 0.5539220614874822 6.2960383938858255 0.07447388282056779 2.704550455115156
Ag Ra 0.2173500339201197 3.3101993867238075 0.20048606728625096 39.947454149443075 0.5920138430608889 9.793837342048551
O Ce 0.450261024777994 3.957874619372663 0.13621175721813186 33.91910913511899 0.40436804251175745 10.491883679940772
N Ne 0.2633953240684055 15.325419318424155 0.03470318386990542 3.9877947964859013 0.6826772189922908 3.987498974651401
K Se 0.20886647644882084 2.843863639183716 0.5882040905920238 7.324698134991938 0.19802069901536906 26.032355483744514
Ho Ra 0.29947086276205404 32.89154316193693 0.613536998112005 7.63401420188542 0.10046013567569818 2.9228400228076663
N Ta 0.6028521853023818 101.60352849412669 0.4616367923053684 4.355941485080906 0.4393221805704732 11.900261960526603
K La 0.21781544037459252 2.7693278182381986 0.5484964876089403 8.017105091297667 0.20211505576869265 23.201730222057442
Be Xe 0.4329714909208655 5.9744685468636565 0.2240065533552008 2.4689810445245404 0.3096846501747792 17.961367747471677
Kr Ra 0.21663888385872312 3.320967188707347 0.16376696411525316 35.46952804760315 0.6020821812674066 9.687498066036017
Li Tc 0.41380516879510537 13.947146788122009 2.8523165826992087e-15 9.786613089581483 0.5458703066064281 3.7975886818885605
P Sr 0.2080248172610927 21.321185144456905 0.20571278034313234 2.704387275688275 0.5598122666740276 7.021784594830218
Cu Nd 0.25986220481230016 3.709854536835024 0.44215481312408106 7.913932591926032 0.26913747618593176 21.422296199810585
Cd La 0.2211489766325334 27.116621209527093 0.49270729345499603 9.75988561430411 0.27150133404337295 3.3027879151289454
Fe Ni 0.5320030083878988 4.482172036375173 0.32821175250177276 11.627875441212414 0.13559175987428507 26.748766833806652
N Fr 0.555268713749258 11.690076035957857 23565584.30406052 560.4598590359625 0.3574524008732999 3.496029799954919
Sn Eu 0.22031580786823768 30.346833491728837 0.19935691188104251 3.3444944661523586 0.5684124142710337 8.798725966510926
Ga Xe 0.4352613771867771 8.416599117314211 0.25998497234105455 3.3561817582268088 0.26404907062958777 19.339493568837245
Li Ra 0.24727600191359125 5.313861846290756 0.4813038139702422 13.566543339355293 0.20265964745062004 2.6069632780984415
Eu Ta 0.5651835878408762 6.609136480787701 0.08047840062262175 3.0538003746831905 0.33213000521239056 24.662775811339262
La W 0.31169593352643526 25.263065844211475 0.13343935290351364 3.053718242375885 0.5364441628057757 7.188288281106139
Kr Tc 0.48275273764926613 6.562342849869081 0.15316849929329387 2.899672120339814 0.3360753600992116 18.643441828201198
Gd Gd 4362857.698680406 513.0295746604073 0.3435194517594215 4.472260997004333 0.5516629918119265 11.026450821687137
Mn Zn 0.4583005502909877 8.086693793847786 0.1998708821168367 23.74986935107456 0.33213922786333183 3.7763996472694297
Ge Fr 0.2542279732775694 3.590354633912679 0.16679177306574816 47.87473333808409 0.5953481263266724 10.204982995314674
S Ca 0.37218021332966383 3.065973915432769 0.5726674160371291 9.816979107774873 0.20176271723838204 65.81874051113935
K Er 0.15006272375363527 3.0174238920372787 0.23052601051306576 25.596264476069564 0.5971706030835351 7.281620450256362
Br Th 0.18565888237076708 3.185391648636177 0.25821195667479613 22.02523338622862 0.5272603021522954 8.45216070804043
Ti Co 0.15448860404289996 25.67587411210793 0.2634944904937032 12.415798622754176 0.5849573452047905 4.575702630426944
Na Rb 0.3398142965427625 16.453333945961 0.06482157984927908 1.885721695230666 0.5679725237771017 4.94604126702496
Ge Ta 0.21982978857931862 35.124149466989294 0.274655709824278 3.9332582741723683 0.5194648472449894 9.144890442316921
Br Gd 0.17418131051748037 29.240617996803856 0.5644055666420483 8.862760755297154 0.2364374481563914 3.593175969629662
Cd Er 0.18286059233746335 3.381238750045583 0.23628973591536595 28.934264549562236 0.5635956611535846 8.32200424541046
Eu Fr 0.10434906868861346 2.854658221813201 0.6135698407957989 7.705760553231698 0.29753369503197624 32.71079580199028
La Hg 0.3035770361456771 29.56298137134978 0.5649686089554479 7.678278445836759 0.14012763790356866 2.9518705587434093
Gd Th 0.19636078968691714 3.585253011319279 0.3076903963753615 64.07749449914651 0.6495808666360556 9.655787152498117
N Hg 0.5135216622908284 11.499808551702003 0.39290315016269023 3.875568193116815 6150690.551768278 516.9182377079733
C O 0.12558776729362695 37.65897469399094 0.6065200401935988 4.826336670456968 0.29102889078270805 4.826402502151845
Li Ru 0.4034502715815456 14.325986576869692 0.5547021697315374 3.8757451828070937 0.002140758639313672 3.8746887234266425
Cu Ho 0.5213874146140784 7.937488378759224 0.2218176636016166 3.691677987168546 0.24791784964648045 26.752275814836935
Cd Sn 0.284514113476849 3.3945070511668454 0.5567916555740546 10.686895621794429 0.1414973925134932 32.364146203869666
Be I 0.35968443069409756 3.053416036972185 0.24486944954782933 20.09550151232195 0.36617480385257933 7.856278579183858
Mg Ni 557566.2490778685 460.8603831661174 0.4743473179074355 11.100848751067838 0.471292215303225 3.8244467786027343
Sc Sr 0.2167506291301208 2.889855496043906 0.5768722676833081 7.6758055749874705 0.184426280152405 24.015244136354017
S Ar 0.163617525889933 60.875769460334354 0.3654440469078699 2.9544898019999533 0.5812053259278928 9.580749639197602
K Sn 0.2891955809714069 3.164788522106994 0.5546889605191835 9.459749788912305 0.11724687015106942 24.732922260278087
I Ra 0.5794257193896414 9.418971389717395 0.1959401699546275 3.1454462115441792 0.21289048888060244 32.85521919389131
N W 1.9528707767208373 135.82465525203247 0.46698350707328884 4.383574081995899 0.4388175214289869 12.142130077758802
Be B 0.14379372212410246 1.784859774113254 0.7619733244476301 4.652031088362723 0.234671630502251 52.0982007094355
La Fr 0.5766986047616601 8.181700146020093 0.2839437399385517 32.94654677637112 0.1542561874612036 2.8967949120863583
Mg Cl 0.11661390178513883 30.62164517472604 0.3844309544960455 3.0298164594061907 0.5196617439036146 8.520149157193426
Sn Th 0.2248781098799909 25.482490426616188 0.5561688281685212 9.002839627474566 0.1887724540828767 3.1585751324278903
Cu Ce 0.29081684953232245 3.7565836012441287 0.2572629051421558 21.427464049115034 0.42200346893642227 8.349201151047142
Eu Hg 0.31152466969831133 29.845018498529466 0.5932848662352581 7.334032217034925 0.10262239929217509 3.0403427302961434
Br Eu 0.26768247445721577 24.393852093021355 0.17145112603942614 3.2122704723039877 0.5402574673019098 7.530589660409153
Xe Xe 0.11096650847869872 61.40530099120474 0.29653409270366315 3.330337171860547 0.6097305021991 12.229907093971228
Ge W 0.2144624270942235 35.761028836939346 0.5166734921306634 9.323327568782224 0.28300958111553887 3.9760926673630506
Na Zn 12631099.113224378 532.290434132461 0.504918249896764 10.453789353797967 0.43291843567556 3.6518631709425264
Ge Hg 0.2554460221942671 3.73045377993306 0.19896629091188117 42.13701727936168 0.5694617862808597 9.585254153108309
Mn Rb 0.5264054761044195 9.900021291431981 0.1095936073900499 33.65851573364896 0.34981762742313266 3.6805670049344754
S Co 0.5446607149022127 4.174078013315966 0.4136329595811401 13.037154720262564 21329236.34771941 553.1261983828948
La Ta 0.1292902814762079 3.028742093169504 0.3157000339517811 24.68598240031369 0.5341499237485504 7.086089663900898
Kr Ru 0.1653469278308964 2.9831400022351664 0.4685504025680644 6.657288638155877 0.3371018014026967 18.603236692451684
Sn Gd 0.3107504813964279 71.80655923511388 0.24823966299273792 3.637500086767392 0.6146038430687798 10.187566401379943
Ga I 0.25971131480399984 19.43728658280328 0.27200346008626464 3.436806884200886 0.4288881149140016 8.54966504726631
Eu W 0.5652763360247767 6.754795975247312 0.3264290642318502 25.405129093109554 0.08938555104949632 3.130728977639553
Cu Sb 0.1236866548290429 23.48396701241192 0.3509595723002075 3.716416145767173 0.48404923006433725 10.800521907131404
Cd Dy 0.18770234077498768 3.375193151075186 0.5668327775689932 8.437413355428548 0.23278877620417054 29.808330322181106
Eu Ac 0.5876324541519345 7.3194197696381424 0.2914031158305146 24.111624609004636 0.08943363816927104 2.733204023415348
Li Hf 0.28067267680653596 3.359793765593351 0.57310055245222 8.909742106273864 0.13773324345818092 40.01285709941774
Be Tb 0.6107431009478441 7.267562859653452 0.18991572276299684 30.06576712025833 0.18809498837408728 2.8892857014300977
K U 0.5835906231708691 9.810704872675748 0.18044255566789155 48.65701940405732 0.26440137860441454 3.5863241532524093
Ge Ac 0.24225697827244352 3.54269898464547 0.16957343943720732 28.445025738185635 0.5681090777464427 9.759971956295319
K Dy 0.1938949069571544 3.2695391640122833 0.20728918510850938 26.08583685117891 0.5727033270818127 7.745245755906573
Ti Cu 0.39683442719558465 3.9266702160906015 0.40971583958168606 8.647280123996504 0.19640402652498024 25.70392485051874
Na Y 0.5756310028067279 5.207721753267572 0.31567034779133596 17.514887100188343 0.08195769269931917 2.087504252999558
N Mo 0.2193235118433369 4.255071893720277 0.3716564436292592 15.615884940686124 0.3775505828803031 4.25507479039576
Cd U 0.20128333109438692 47.73346737508829 0.587698876134261 10.408067635796568 0.24271188848893496 3.631101684478737
Li Rn 0.10059947167117207 61.20662238415278 0.3052028753839103 2.9558606143042123 0.5932495777425116 10.890888329051963
Be Pa 0.40893738848871336 15.94311065396498 0.2819715508694915 3.435789487634325 0.2580683831299043 6.287904912905027
N Ac 0.256703568273483 16.27729857055876 0.3476392415760353 3.5011769610766494 0.33742987843891903 9.693155916268854
Ho Hf 0.039199095532950534 2.54270756910585 0.5933835754223402 6.219966637980072 0.3461613324736383 24.481948087783948
Br Cs 0.15410972390422015 2.85676125814082 0.4871809065276181 6.780203496405023 0.32778929096967935 19.86264444847077
Xe Sm 0.18389765565547894 3.141842837898041 0.233340806170336 27.57992068118107 0.5617900462848889 8.610004167309313
Nd Tb 0.053988308552114 2.61046826369533 0.34909814092116787 22.321155922627856 0.5695013721255986 6.219203817076131
Ge Mo 0.26012510227521546 3.5277497028156275 0.40800426259025774 7.491423531530032 0.30001310197169045 18.438734178299
I Re 0.2646950946529271 26.07949039257353 0.1546441084806506 3.16473498523768 0.5527781184369407 7.96846839494367
Mg Sc 0.28484821633199353 2.75330377316815 0.14000861132615752 32.243497512214695 0.6002260084481584 7.8413254559115835
Sc Ga 0.2237978700438346 24.20949326229743 0.20852888736541098 3.076412007682542 0.5656959417334113 6.976828282132808
Kr Rn 0.170612699820663 38.68185862739098 0.604411469816206 9.718631242764694 0.2208485874553975 3.362906754577997
P Kr 0.23921934217278898 19.86506407777841 0.5537996125108678 6.537681358726638 0.18129839933153233 2.608307515163216
Ga Pa 0.5775872383698012 11.120827455853377 0.1247689589605554 42.86476998524871 0.29935399628465037 3.9256134450794735
Fe Fe 0.5980225782536108 4.671499496126716 0.12827706997466715 25.04000108329662 0.27823803361732347 13.813055538606214
Cd Pr 0.21895184041932653 31.556766392535458 0.21348712778198045 3.3051957134906496 0.5652010954618868 8.962966843423887
Kr Hf 0.25697426848481647 3.764851486150489 0.5203799719462529 8.988309171985325 0.2206272698223398 31.79945076075445
Sn Te 0.5960046487611549 11.987773096082407 0.13215384089370352 60.401944994159166 0.305520410069756 3.451454373278835
Ga Tb 0.26683903936975184 24.6862734877919 0.1700948491736503 3.3528674519092725 0.5470463172316901 7.417298900242429
O Br 0.5662658424247634 4.067831938797207 0.40328195065615735 14.35303835301557 1.7496685422958832e-06 14.30580567283742
Ho Rn 0.10003826972021365 2.9464373966966977 0.6133253024647833 7.592281286666616 0.30086014297637814 32.74008385137982
Nd Pa 0.5005361035192091 8.539025000216574 0.26623467052192307 24.547860131780062 0.2022001181722806 3.7295100771657252
K Pr 0.17572743211658554 2.924859991050168 0.24368558512691207 21.41634170098601 0.5472862157704474 7.214855735526031
I Tl 0.240565082235282 30.801246600676084 0.5771241366995508 8.726631323402248 0.17430535357726754 3.1509523490981994
Li Tl 0.11058843958241615 52.96794218250211 0.5856548136313534 10.2226462287285 0.3005713912365016 3.202377972635099
N Rh 0.37412823590723165 4.302466485328127 0.22838172256248895 4.302462824501228 0.36889334974621646 16.179457468780708
Mn Y 0.42183144866336764 4.009430815160459 0.4960372182640238 11.585216666485575 0.07118673476106038 46.8706138602858
S Cu 0.41494103965139434 13.01681958540032 8617097.042728323 533.6327193955217 0.5392336746750892 4.171932524650232
K Pm 0.21310492159779879 3.2099893483236563 0.5501372877668762 7.856645956737807 0.20851329600232588 24.430291588163342
La Ac 0.25077011912979497 26.680970868709117 0.16963145286093953 2.9772007944740886 0.5587252886862673 8.411700155334827
Be Sm 0.20018782219867695 28.051456509831983 0.1960387078361084 2.8438735357294824 0.5897960076164542 7.039099011861044
Mg K 0.15196826275137842 27.6158965097911 0.26765077057046044 2.5543584968664805 0.6014123147079844 7.421454434295628
Cu Ba 0.39195853988312773 9.281800667170542 0.34337165359636884 3.8503829263557803 0.23284009131974986 21.471159429006256
Cd Pm 0.20875594120212457 3.3475286644624074 0.5685564783627273 8.884563267835123 0.22149304213831433 32.10515290829067
Li Re 0.5077229232352023 10.39707442344854 0.37124623535017104 3.8091881241865377 0.1253603734756579 49.24669266370729
S S 0.5459126836231598 10.201426662189007 0.4215998729689947 3.1761350920808282 0.0934057278090715 56.79606437352466
I Rn 0.5880114119279315 9.301728642883416 0.2201706452671569 34.171216060394386 0.1893474769140681 3.129935498833407
O Ge 0.27906789585330083 4.248815270075981 0.3103023304195277 4.2488697342453925 0.38221439158055664 14.29930434395859
Ho Tl 0.30822279425650656 30.741227958396518 0.10185745659417189 3.1143285249189954 0.5975073897456926 7.368523358076624
Xe Pa 0.21128024382003796 24.545998167316142 0.542556691721742 9.267440733212759 0.20102911809124924 3.3153380532411454
Sn Cs 0.24858339710887334 3.309043063185432 0.535409757848169 9.575440114316123 0.20518860779597306 29.39945788235685
Ga Sm 0.16234383317218992 3.2361956185638605 0.539329882380674 7.214942681367559 0.2777988754229317 23.23217003675469
Kr Re 0.2074809350205461 36.060633160315135 0.265981272478023 3.8085259728687304 0.53535873834564 9.440442183591191
C C 0.9076663842592171 4.667198267907026 2.596508251228832e-06 46.1899319663676 0.16044547223795347 47.99106183742921
P Ga 0.23513610964570306 19.95148963357942 0.3653605830920603 7.744286774392014 0.38385226454996263 3.702120880977519
Cu Tm 0.24355785747908557 28.060985665387133 0.5251331505815952 8.071690604099265 0.22625906802457024 3.711763100632948
Mg Fe 0.7493557723328675 113.44739485366442 0.44684646992992344 3.693190825082859 0.49392594510571436 10.48608970521588
Kr Tl 0.19783253811668108 44.06777314623264 0.24831211583531673 3.611335358725411 0.5829782933619003 9.848472774901042
Sc Kr 0.19746771080312278 23.357275175327043 0.18112321824925504 2.701001875506211 0.6005361440889259 7.206282628616923
Nd Sm 0.5605499724079016 6.3358371730389536 0.07237594996350882 2.8508777052595597 0.3434859279282833 22.68369762360023
Ge Rh 0.3195324310907524 18.176955984221348 0.4191138368547922 7.100786422008295 0.22721434491008016 3.399363671291922
I Hf 0.27096603608234404 25.295865000190123 0.5406871196210516 7.884482382917619 0.15910776041643385 3.2205533931058934
Ho Re 0.5887850833397078 6.543094319357992 0.06118145829836355 2.890868253740225 0.331782403881076 25.743602135326082
Br Te 0.30065086671098007 19.254042019353292 0.4343601222682853 7.8314517582893295 0.22923453333585456 3.2179779653167637
Xe Tb 0.2478598396449529 26.78025094513986 0.5622176636613992 8.242852502153308 0.16586721351068467 3.121807760094452
Tc Hf 0.2935221430406652 4.013592334415502 0.5034660109476372 9.785550421187128 0.1876549593618149 33.09879067010955
Ti Rh 0.08228166264549361 65.11891297558616 0.5199287409966398 11.751700923210207 0.4062253454837792 3.853569365178795
Na Cs 0.16838090261539979 30.986128487862814 0.5524931358668036 8.135325300854712 0.2677316774590913 3.037122672480659
O Dy 0.1493908194235603 46.317052351867254 0.45149934646244344 10.60532233071415 0.42165721054669064 4.167498882013491
Ru Tb 0.22122853840542747 3.6066149085385804 0.2273141275298717 31.825992624864135 0.5489151440803006 8.70085522502478
Mn Te 0.23050799228576957 17.179224545389392 0.3981630288027106 9.430957198988933 0.3219151492115045 3.5049517856923806
S Mo 0.32736653540756944 3.3657545867196226 0.11789573061617185 26.557091067415538 0.5227516177343644 9.086628800952543
Y Tm 0.5458450539555143 7.572320202578465 0.2639903017829619 24.87233291104599 0.16267528845677334 3.2680929270224786
Mg Rn 0.5526606614146174 7.931225737631327 0.1972739960103074 2.8951937567645984 0.2175397084389621 25.009309884341626
Ga Kr 0.5259207157490501 10.934559082921664 0.3728458463628541 3.805966448782259 0.09791693116020136 38.57532788549508
Fe Tl 0.2139537810628303 47.657493832335796 0.2387412606435611 3.5770904599015907 0.5923696277264237 9.22955204427617
P Pa 0.21114657265687248 3.2182608343515917 0.20572319356039195 32.0494899722327 0.58305784279396 8.440908405570173
Sc Sm 0.24447300792569157 22.09130174455029 0.49034189457066246 7.699733261398919 0.23468065677306313 3.5282343105844367
Zr Cs 0.16668661267285886 2.908982567900853 0.5261004330750957 7.4023553930752035 0.2905460430207375 23.394173856869287
Mg Hf 0.5633329264331609 9.097438213560741 0.18024785268091245 40.41187052080208 0.2762950970346529 3.530572862407139
Fe Re 0.3186858640939511 4.137565832808312 0.20277444179869494 38.57806198330231 0.4956266809234656 9.560826201246003
P Tb 0.2306614785091659 3.298534322475146 0.16850942646647477 33.365232453547634 0.591053597080733 8.411130805702204
Tc Rn 0.5876980632863175 8.820549019038882 0.1826227288655456 3.1633283523191813 0.2191608492266866 31.860704177504275
O U 0.46293354529045855 4.286649353726964 0.10184361139269998 18.958347182233098 0.3702040032931263 13.025629680277023
Er Tm 0.042665647137208315 2.466504230297268 0.3361823538982091 25.461805114115677 0.6059077609854778 6.369711859254613
Ru Pa 0.21222907849473882 30.35879973151153 0.2360947833228298 3.6535970389519283 0.5496881403643843 9.694644784882902
Ir Tl 0.31178026483473964 33.361930984487856 0.07564827173465634 2.807975513685761 0.6285284801357635 7.203817750528277
Ag Ac 0.1927467773955313 3.1808194881980243 0.23350363144320058 27.661097367441283 0.5639625225500428 9.021238872270247
Ce Pm 0.3489754831713732 21.908206788053224 0.5514290632381547 6.279812813747424 0.07343423947670598 2.7402080650130727
Y Ba 0.3116162645020682 21.82782760415609 0.5248810224802424 6.97500113580031 0.14058279864159084 2.780229066519167
K Br 0.19551187003797793 25.619854493163352 0.6027521450594014 7.2606325346825145 0.192491833302975 2.693649200876984
N Na 1.491087711221495e-08 3.8874212271204063 0.6968900436044717 3.8738906215604025 0.27971581499154796 14.19613478206508
O Pr 0.40434086099308936 10.46887653635512 0.1382067114195311 34.479276370614535 0.44976790400406225 4.012260733905203
S Ac 0.6242545458173154 7.971282298817239 0.21720707217867866 30.1710067664466 0.15679965781593955 2.671117065063913
He F 0.9254236413319206 4.761449215420632 497567.1947025752 444.31933046186987 0.007187344240900749 0.10711715221363856
Br Y 0.019673059884525963 1.3073468909695893 0.43940272755526866 15.767073651205507 0.5101792303525075 4.822325500618747
Li Sc 0.21142486883397466 19.630607923751313 0.5045858288138165 5.325424799522592 0.27212439606363203 2.6599527978600976
Be Kr 64432.64484113461 401.6665704765393 0.5698768754185448 9.758397496472012 0.3627176195633811 2.9216398935191212
Ir Rn 0.6253983073578834 7.474285246589362 0.30195634109918845 33.923696413761974 0.08663223794167685 2.805747476627541
Tc Tl 0.2170942400381508 39.32059644850732 0.5835871014361661 9.309670736246785 0.21976186937608277 3.4919038766538586
Yb Pa 0.6080980096275197 10.45443454464878 0.24492172809522353 4.049334082246986 0.17014981282906394 51.11139849589864
Fe Hf 0.2069301145284095 33.18533049482714 0.334842178002173 4.225402546239064 0.4608399314020905 9.409764711809135
P Sm 0.1741256208316129 29.338385926010748 0.5853125078527923 8.147836239547376 0.2216840649291962 3.163386147188334
Li K 0.5888633989539781 4.512577773974321 0.25292255595819413 16.529964446602527 0.1410232689098018 1.7797607527660946
Sc Tb 0.24006761318704875 23.432896289398094 0.203293170918465 3.4668841448136294 0.528450030170704 7.506607691901998
Zr Te 0.2713468847854581 22.041569394443535 0.48942995902761705 8.123206583651397 0.21357681911180437 3.1020223794733117
Mg Re 0.3342871867178739 3.7740540758718226 0.25459291243000853 65.68426885707143 0.5433314249247362 10.348636929169174
Hg Ac 0.08840220791428056 2.7245926766944346 0.289434264263167 29.272369790899408 0.6248538031753555 7.578521724546316
Fe Rn 0.2707087554819039 71.80064779658996 0.2593623029633801 3.560856700456307 0.6087400965272287 10.066987617004632
Ga Ga 0.48703310671784233 9.993891092948779 0.3766387361991443 3.896430732622154 0.14510505869362417 31.717358078150877
Ce Pr 0.3434531495910308 22.238675338864418 0.07702313911275656 2.6785742801710923 0.5560947782629252 6.3345643697589225
Sc Pa 0.5640697326666677 10.117676364748029 0.1676006306897634 40.52711409220268 0.2856057011727082 3.7568345934336285
Mg Tl 0.22025145686948466 3.1539723649143023 0.2025723851928714 25.827905650613385 0.547337538175797 8.113518738821224
Ru Sm 0.22655278269694076 3.552577726521777 0.22563461765384524 31.813896772445677 0.5474926326544058 8.810126322102132
Mn Cs 0.3151357006837736 3.6629179934461003 0.26642565596332296 18.904669166023368 0.3786959902203514 8.368918603821944
S Rh 0.3763972499828468 3.601754210026418 0.09206492138360839 29.693550559248425 0.4987854622731969 10.1094183118053
Tc Re 0.26883708041363885 3.8702709056907847 0.5151229296196269 9.440053877633352 0.18971501718026912 30.72738952932877
Ti Mo 0.14884527351687332 70.07298332370297 0.40920077463247556 3.8890118246572816 0.5092585742530714 11.402819637474215
N Cu 0.025184067146041007 4.492271677702593 0.6271834150309048 4.49281828458588 0.3238739930294661 15.360720639860139
Na Te 0.10478147501185897 34.441268508558906 0.5167594398480029 9.945035859101539 0.3581329806256212 3.3378741921089925
O Pm 0.41021247258490545 10.624571278001335 0.13713174996102398 36.92339831259761 0.44998392088212064 4.103238749301828
Be Ga 0.23221116160803804 63.75304393277868 0.29108535613652675 2.975048651888116 0.6143927480762807 7.97016629559324
Ce U 0.5194211627263593 9.520024514929338 0.23832339276537323 33.884396148414815 0.24138055326092572 3.8640853068395087
Li Fe 0.32980935043187926 7.063383617325834 0.5134786769183222 4.057080066336105 0.1700192439782272 29.721201650170983
Ti Ac 0.6131972506494794 8.770784988280095 0.19271056277596343 31.482675286741284 0.1917592502823684 3.046703446107818
Bi Pa 0.12733734243362602 3.17278514417037 0.2568817239232631 33.83926159475011 0.6298219328445379 8.431275232291279
N S 0.7301242585136736 4.130904386323659 0.25245597846566203 16.979382511196707 0.0003897863403943783 455.488477211055
Po Rn 0.3527315347982443 43.0432746230817 0.09638627468260078 2.7422145500416177 0.6451496123217152 7.83194364865619
K Ge 0.21879491297434975 24.007810804115948 0.5843409172192108 6.8883110451628635 0.19139970242968987 2.8422823070922627
Ta Ac 0.07177229112802026 2.675350644936986 0.2993068561745645 23.242416949793217 0.587834603959442 7.017301339732384
Ce Dy 0.5574566004394739 6.317787535925131 0.06608464445170817 2.7140054452730644 0.3473514876172719 22.069192064778473
Y Sb 0.3010620360789869 20.366459122438922 0.2014932687724564 3.0540754080169217 0.4684209238195774 7.6721400094887
P Xe 0.3010072862469165 3.0736522323349575 0.09137047129767513 44.034263660765674 0.593201652507762 10.037106163106317
Fe Ru 0.4935942199909475 12.360941764216609 0.0679280378988158 61.49002238214071 0.4347198600214409 4.127577622622641
Ag Ta 0.2303913958216295 27.700992262013585 0.5347831959162943 8.547289744486863 0.20823975956039983 3.5591000884512183
Mg Tc 0.25749933375317396 3.0791637992773984 0.2050930714724002 22.1773168279424 0.5106201841623533 7.313582015414426
Ta W 0.5883809425348486 6.6773652321200885 0.32953180525580156 28.39712655473116 0.07844309421943428 3.2025263444391587
Be Sr 0.11374449607685201 2.1692659018107587 0.4430470824080457 12.636173449590364 0.402588759543948 4.193016698449423
Sc I 0.22654322704176688 18.943466229544146 0.23471753529485367 2.95375400320403 0.49737213203739855 8.193578270312244
Zr Gd 0.5888139512166513 9.657906784271118 0.25895993584348986 3.722150990385977 0.23066192996821624 54.248353737961565
S Fr 0.18550479658377947 34.37144315681792 0.6307799783509112 8.311782414993642 0.17427015658541742 2.7688054468669163
O F 0.12058954630047088 4.451284683465162 0.1877946948221959 20.338492515334803 0.6866145820120408 4.451517522502707
Na Th 0.20371377447762204 2.9596585380989078 0.2208150738730019 24.85228543849458 0.5469915804781159 7.841817759562338
Br Rb 0.017385659934283194 1.1813966313866495 0.4441240947189165 15.563998805865445 0.5094997270944057 4.7516065894876265
Ti Hg 0.22074018341403262 3.3608422023606725 0.2068106927452466 39.09547520020045 0.5941758242665729 8.783395581954448
S Ta 0.17824741136726516 35.94918429465863 0.282308653359562 3.6585471538677803 0.5430041861559901 9.089734793556213
Ru Xe 0.5453877328123902 9.953499515412075 0.25995767903096406 3.275162804073272 0.179474888257611 29.43903115241295
Mn Eu 0.43541771659360406 8.244730707332259 0.2442178927899893 23.739919289288018 0.29867219911694737 4.027648086408035
O La 0.5140824499629086 3.807015822797019 0.002993393696139032 3.8065709964261956 0.4416016980580293 14.707765980727823
Na Gd 0.21809216371047782 19.630935140209104 0.22023783594084326 3.294691018420553 0.5232762837309003 7.446152865917911
Tc Tc 0.1578938898501315 32.110041588838335 0.33888378181118745 3.7243487739846275 0.5018238970923252 10.717828316315973
Ti W 0.19246334026017878 34.73018865143263 0.31055103718730775 3.9982643981857793 0.49704649552489394 9.326263179001156
Ag Fr 0.1990442586640996 34.74847838206771 0.5826248751745774 9.496140968699214 0.2091231158591716 3.2543441115602665
Ta Hg 0.610380622759618 6.954108844937765 0.3182194167160538 29.98233020576686 0.0730508899264388 2.881362740574518
Y Ce 0.14959731671913143 2.9352714253158094 0.3017775854654582 22.60183836461612 0.5273990184968399 7.163105323707223
Zr Th 0.551921301351358 7.6773554823347085 0.2989659336880623 23.0917655881429 0.1328513267923392 2.795002044418541
Tc Ra 0.18694170753445463 3.1690353950492973 0.21431957107001087 30.962211536123895 0.5814591287287398 8.926315265330993
Hg Hg 0.36073966080247366 37.947735621847976 0.6424263907780349 7.280738241089252 0.07544028500670916 2.7064368197348503
Cu As 0.39022657902671953 3.9584610970214404 0.49340686142230056 10.415095600014697 0.11443970858407605 34.700630970541326
Li Ne 0.48425753892259826 8.279882689719019 1.0356927545727813e-07 3.2199684739740575 0.47863751422114054 2.9820719968088123
Y Ho 0.17960926575375227 3.3732206490770404 0.5415410307443023 7.779410941468434 0.25924552795938216 26.193328435352
Mg Ra 0.19643485090870566 2.8708195278785174 0.5549455147684282 7.995295606374153 0.2130490656937016 24.97291403365075
Ga Sr 0.42024714608739094 7.06627220726769 0.3137534670184929 17.454307528839873 0.23447187287284066 3.337682803978213
N Ca 0.0817169551595438 28.524031850050765 0.6721097906724454 4.080339828789737 0.24320382304132285 13.134971804501266
O Er 0.41264287214127193 4.167624855636594 0.46504178932194024 10.633210313188172 0.16046912735989616 51.28466369373924
Ta Fr 0.6184132146325673 7.401784240701416 0.30690267222014145 32.927892535196726 0.08758623267196344 2.84031476006071
Ce Er 0.5679285320607614 6.33356017893849 0.058738492102389704 2.5492086582132676 0.3446454189977413 22.404238729889244
W Th 0.08065075475343475 2.7667997931947346 0.5885406638939713 7.189174132211919 0.2915891157918601 23.87124670997742
Ag Hg 0.5614636153632087 8.254918893679562 0.17043583303290952 3.17417125326523 0.24489054400409277 27.26147674407401
N Ar 0.10111227436049575 22.918730643378012 0.25131340837131266 11.04037719967983 0.6310634228374932 3.8240026200345856
O Sn 0.45936062081808215 3.6978790307995797 0.09274224712646623 26.231484860276705 0.41640795850102064 11.23312664256051
Na Eu 0.5601595122943293 8.595990834254087 0.17075404288244062 35.63796115049151 0.2735941683273352 3.440965290722052
Tc Ru 0.1824869907434166 27.545135722509173 0.3206710614890376 3.64494944194301 0.4845645377533842 10.12887894566851
Ti Ta 0.28118160099710754 3.878912061914572 0.20456372835820932 31.39689824613645 0.5068896894404836 8.800844378288117
Po Ra 0.6423962818844481 7.864107535137048 0.34060448582656416 42.04724963076888 0.09749227931571895 2.7372766721988144
S W 0.1780948695873262 36.027604272662636 0.5371805738820115 9.153217112318446 0.28748669354378553 3.689928333229614
Ru I 0.5373388491549173 9.848087579283462 0.18512069457398403 28.45116088901915 0.26126383929868846 3.2976932888247408
Mn Gd 0.3199194995241982 7.020424466376206 0.34550034308780797 16.110867274555847 0.28655847533021905 4.128249727262716
Ti Fr 0.18968154279357094 2.997231317733995 0.1890800668428266 40.55788302555824 0.6325478117053691 8.858332439260018
S Hg 0.5619524783247072 8.777318876919516 0.1867081097831079 33.630422139477645 0.2474666634727555 3.404655503967809
Mn Th 0.2052337871096794 57.241627229626765 0.2717780037463329 3.590165800649615 0.6034989755196667 10.357157676880194
Mg Ru 0.19068642475339906 22.02288729844978 0.48458957144482734 7.762820664103782 0.29349666545976 3.2318905084701144
Ta Ta 0.332935193659292 28.253493253698284 0.07493321958183691 3.173916959504802 0.5893153722820179 6.611832605911306
Sc Xe 0.5079737359267456 8.02346483947056 0.23261431704273147 19.255291337662452 0.21923067918830674 2.849820064996951
Zr Eu 0.2385512927915249 30.223870373205443 0.19683925016985263 3.388301306723859 0.5620417371303833 8.239855259083184
P I 0.3169718960120042 3.183533691102862 0.09231080761146405 45.736217027229934 0.5797257316143842 10.184877937148318
Li Ni 0.15691761940855484 36.32486804720378 0.4290863365604465 7.376459640870089 0.43981076763166166 3.9403951054941135
Fe Tc 0.44029671759717 4.1546950393201385 0.4885646240024706 12.38068666643288 0.07041527965882383 62.472073017364885
Ag W 0.20229419903419973 3.523197783964459 0.2334201893947658 27.368357638085165 0.5365823717870907 8.469145757518111
N Co 0.4177489775362842 4.788212562252873 0.30663435222190116 4.788238375071721 0.26269137753330685 18.205284031277024
Fe Ra 0.2746397338224994 3.6235572450700992 0.606321496558299 10.441887507784042 0.5500977690052283 96.88003416936183
Y Nd 0.2879527371343349 23.862583396227983 0.16117611588260713 3.0868120123136 0.5324562568842908 7.388664159636672
Cu Se 0.49667556308028105 10.837805580099602 0.4003061096962412 3.988993781205717 0.10161047337652024 38.1328313758192
Fr Th 0.6567585050467795 8.115284667504556 0.10313388943743028 2.7168272692856656 0.2788301468429434 38.02484940987459
Li Cl 0.3284456070031906 13.544805056366128 0.028347784139308062 1.7063784907083033 0.6204699772784894 3.528266344224253
Hg Fr 0.3268499757580923 37.81088161975063 0.09098931978698192 2.738093337492923 0.6352937767593806 7.6520550231872635
Ir Ra 0.2977999845124062 34.0013382524363 0.6219464512501796 7.573625911968862 0.0921197114884145 2.8409416712512323