Cl Eu 0.5447178517753017 0.7222279189821345 0.2608787528663003 2.183778063387216 0.16510563567217262 0.2901774653304439
Sr Hg 0.2261699803774846 2.316747761587144 0.5710928905595566 0.7797929226698163 0.17317232844021901 0.305530913385362
C P 0.13800870769226692 12.037182515942694 0.43244921610872444 0.3907300563417292 0.5208773463460582 1.215176694396018
O Sr 0.5475097149151149 1.0187554501550553 0.1333002554404024 4.037762187925076 0.3273202502933727 0.3609450356124942
Rh La 0.22693635909224866 2.235444932868827 0.21408520906062684 0.3131482467469111 0.5301486035719959 0.806350827816067
Cl Ir 0.20287614438202092 2.5889819783054295 0.5905875987203398 0.809425711657516 0.17993827185251898 0.30182886461245617
C Cu 0.14504412528304586 0.2734754762629079 0.23526573931397177 2.324746585312978 0.6048353694107437 0.6937117511874743
K Hf 0.16726407631044396 0.2938523763799177 0.2163558004513474 2.485570768607531 0.5902806448870934 0.7797468014263385
Ne Ba 0.2966738951556829 2.006848523657315 0.17353841663525504 0.307305655052172 0.49521748517470343 0.6786749601809393
H Ca 0.6388894676351826 0.5088291935480205 0.3342511555950611 2.1196582948264964 0.00709257351583398 2.2430551189174974e-15
Mo Os 0.2315558465629701 2.289634580627825 0.15712650472080505 0.2922363973429115 0.5821325468731575 0.7616686099737873
Mo Sm 0.5469243676896367 0.7420380205733003 0.2530249863300463 2.1446023948034494 0.17013880060757353 0.2947050243875594
Ne Mo 0.15513659073701566 3.265065809957731 0.28725754724038305 0.34718163117626016 0.5537534378436718 0.936035205375867
H Se 0.6028959100034956 1.1904651604113354 0.2782198127382575 10.663090362027631 0.31095090385474106 0.36581916393302727
O Ne 0.1572391436799659 2.8571195537517546 0.28449935965036705 0.3540123209511041 0.555627821496356 0.795694283813989
K Dy 0.16896600005843254 0.2928513471807057 0.24737630631764554 2.2663582131115723 0.5559779781742207 0.7408114547907283
Rh Hg 0.5785560344678171 0.7898011534513997 0.22082040510116024 2.3580436244338174 0.17197094650377134 0.3002517064196055
Ga Ho 0.17280833686107616 0.3086846407156114 0.5371460619649818 0.7272226715001938 0.25906670495795386 2.1236172684909365
Ga Ta 0.18341947473220277 0.31427242917842474 0.23409184826269924 2.289284053978524 0.5543907371699253 0.7665473619457406
Sr La 0.25389865444826215 2.1354190773783923 0.5449492400481553 0.740194907686004 0.1723090054214977 0.290910460005701
Be B 0.6503634419164822 0.4786977506355273 0.3282482721050492 1.6098753343838 0.0418425907250586 4.496629738899652
Kr Te 0.1867757600166075 0.3074069964799494 0.5446403048938996 0.7615205403003548 0.24080141427771448 2.1762043359327694
Ti Co 0.2766448911548444 1.9497301454476683 0.5135794404661642 0.6723459814599213 0.18491990529140206 0.3025183036132918
Gd Hf 0.14700476950038013 0.29324186460160023 0.27454411889599734 2.0500268487897215 0.543904044184613 0.7194245009987633
Ne Tl 0.5203271045931841 0.9487273187716417 0.17713394906214278 2.6762939793426264 0.27107269907846787 0.3517107051281659
Gd Dy 0.15204547662654552 0.2932209095586673 0.28436419486810716 1.995411872049183 0.5282532862566748 0.7103037096222657
Ti As 0.1949344074209395 2.4623156310428898 0.5747813626540359 0.795086188159994 0.21154408960713553 0.312917299333184
Kr Pd 0.569501725189042 0.8143069766345615 0.20921235696802618 0.3160687876473852 0.19829963989804822 2.437840150962185
B Pt 0.21317158258274468 0.3155279277677812 0.18934180602749495 3.0917289811244784 0.579236729178044 0.8951885852313934
He Lu 0.1670253930069289 3.8891997139464776 0.5605857485859489 1.0109375244885197 0.25987921457735746 0.3520856854446562
O O 0.2106216179379519 2.525956310071989 0.15260044815577647 0.2867335090876199 0.6384047821725364 0.6463757132199245
He Tb 0.2169736484258674 3.0889670300201635 0.5215546036673985 0.887155104430842 0.24034414754539224 0.3400125791568362
Al Al 0.16983201366714212 0.2939855312948396 0.6528976362528113 0.7328649414741306 0.1628158958772198 2.5642480800701866
Ta Tl 0.1501853936397182 0.2981219817525356 0.5586976375551718 0.7466820339899022 0.25660750095241097 2.1421882848804508
Si Ge 0.209230998950041 2.394914146598725 0.6173866843885949 0.7193095487045531 0.1545845997202627 0.2907151539910132
Te Ho 0.2646245696556125 2.098078631257857 0.16897734073708856 0.30167605582506735 0.5344546109407304 0.7407966792677342
Fe Hg 0.20908892888513547 2.4778953587051786 0.20692006543867741 0.31625473141441357 0.5570548439716067 0.8294271304768166
He Pr 0.5288037795074277 0.690118480753222 0.30068210354478325 2.509109745378001 0.14553182274842685 0.28630766242301925
B Sn 0.21881274910164578 2.366296466496725 0.24873178486102487 0.3288889065170761 0.5013575239158601 0.8473588495118106
Te Ta 0.1619457411016321 0.29859266938225293 0.5503092569540478 0.7475869418759454 0.2558298998709063 2.142441806404804
Si Fe 0.25401069534810583 0.3371941092279013 0.5295805916611099 0.7949574219188265 0.1986476602787254 2.393519535784795
Sc Os 0.19718711634741667 0.3091304395759968 0.5806047245207728 0.8303398295442811 0.19763308994605672 2.6255934590965473
Ni Te 0.2637837214293511 2.014625062086625 0.4949801522375575 0.7430127766419944 0.20960475873898407 0.31985163913478276
C N 0.6911302934795657 0.49432674521843734 0.3046643103210891 1.9945853223605647 0.005336034397182146 1.5304522194430355e-11
Ni Pd 0.21435141705466004 0.31773258399637083 0.2428503483344344 2.1113971874315096 0.5143941690772709 0.7620260019491696
Sc Sm 0.18161028918350305 0.29664378988561146 0.2720781735080849 2.0693478985739233 0.5150126041555966 0.7230357098906187
Ge Kr 0.17241360164902966 0.3043236946035165 0.5855122006432945 0.7419876305502316 0.21921689980731715 2.2924291513631783
Fe La 0.21414711584919519 0.31558565210155615 0.47890197033058246 0.7409959997167873 0.27394338610797114 1.983124470291458
W Ir 0.25945719849228704 2.1443830477616133 0.5654768993469451 0.7343492224661878 0.14208874314767558 0.29123483752510265
La La 0.5197406251977695 0.7871112357446582 0.2462961500208951 2.105549064146321 0.20107600373772924 0.30339483809596207
Ar Fe 0.23614308079861743 0.3252439630004832 0.2517028563786607 2.0179867563483382 0.4880743931216509 0.7373511351006538
F Sn 0.24639013613767355 0.3359041332817116 0.47411689604461243 0.7830927293340277 0.2513975708403936 2.20036012303864
Ar Ge 0.18442913024578528 0.2993360888381901 0.5859706253107659 0.7540700134243496 0.20864004801716016 2.332720758806404
F Ru 0.3373272022328999 0.36342204988224314 0.5326281781457292 1.0421706330419316 0.13289690074383426 3.9143703385660817
N Tm 0.5635231330691219 0.7853298528553254 0.2295122012582489 2.4118442490399508 0.17379197513067868 0.29478222532360654
Na S 0.5969639164997691 0.943898687434053 0.151676402542797 3.5634614098900146 0.25151899346803774 0.34468394618536513
N Nb 0.13051224713532367 4.90210247924367 0.34045149161127636 0.3584911777693068 0.5499298208976603 1.0764222448508058
Sn Sm 0.19592319983421805 0.3117865062003442 0.24752502806709245 2.148422890394161 0.5258831505102666 0.7755690592386197
S Rb 0.6091956940419576 0.8317566665967484 0.21480980926352491 0.31111136396303585 0.1628009153772214 2.878521850043007
F Pt 0.5428097061870789 0.8843470279810234 0.23638166019877646 0.32869043780140617 0.19404326536195346 2.6564876210193877
N Cs 0.235366508272069 0.32222293042276035 0.28708202535940675 2.0033381411746283 0.44012135130035207 0.7502694894809597
S V 0.5092391859186673 0.975770128158153 0.130600087700812 2.823911870767908 0.3442507502804182 0.3599370647355493
Sn Os 0.17217278407587075 0.30385258819751687 0.5598326609463631 0.7754606816222032 0.23708145767181257 2.239728213121063
V Ta 0.5758736137212049 0.7903417329737193 0.21765118775845274 2.4556870664519694 0.18079589861925038 0.2996084267133859
V Ho 0.1685672744261937 0.2938511041764646 0.5476434260189291 0.7351508026319559 0.25486068744370366 2.20099715279153
La Hg 0.16682912823032478 0.2987026925152157 0.2499042925776272 2.187629536829239 0.5516515511363858 0.7659269727323572
Zn As 0.21633353969705776 2.3390795039718886 0.5684691292373084 0.7511611852105734 0.19515929613371405 0.3200450663288902
Cr Pd 0.2751920354850383 0.3367799314975033 0.529113308047758 0.890400865850263 0.1719373352489642 2.5425909982820474
N Pb 0.1775841813579725 3.16495041715974 0.5729281193432699 0.9347459443364224 0.2306789546032473 0.32238783913968466
Hg Pb 0.25569324232022933 2.112454036844595 0.1477677128604507 0.29606570292822276 0.5588448533445753 0.7502089658007979
Cr Te 0.24869349904611288 2.0621939097310675 0.4927234901957046 0.7777620895079792 0.22808062496397435 0.31999467071332194
Li K 0.002335542660084287 0.0837452653676054 0.48410689512916105 0.41986254725352506 0.47932260821407857 1.382379129497551
P Dy 0.15195526506924803 0.28718070060342626 0.2469406492020133 2.3010960905652182 0.5725418618608454 0.7258930060997882
Be Ne 0.11750755479451795 4.891957251584764 0.6874356954546312 0.8350282347193448 0.21264545415034308 0.31311107326243165
Ag Te 0.5428998880074697 0.8341260387575741 0.20604384349756696 2.3383188915416455 0.22424639752351713 0.3207090214065129
P Hf 0.13486493204582045 0.27934833065636877 0.2433490671767706 2.2607360818944904 0.5888775117163592 0.7254132457098266
Mg I 0.5142521566193242 0.696548102483635 0.28184562735329255 2.0942715140663415 0.1756145787708442 0.30305708946739063
Li Mn 0.6273761566360287 0.5618722492450791 0.3066324881406911 2.1121679434750864 0.048661708890271944 0.20429288277568583
Zr Ta 0.15144445383301328 0.2905141107154458 0.5819593916047657 0.7465207671854928 0.23714381260882905 2.2573218254254077
In La 0.521265376391896 0.7856948147637203 0.20522096799915052 0.31028918697648517 0.24297583366408898 2.1371608460983587
Be Sr 0.27293362620427797 0.3375679175047641 0.1605199270183059 5.227874630474126 0.6023240305175286 0.966236026001264
Se Hg 0.23188739102680045 2.3121783072773754 0.1776550996057324 0.3114670625763944 0.5619908901010089 0.7783708521462197
Zr Ho 0.25999820996922196 2.1335472594878504 0.1447560786206021 0.28558238368029754 0.5645403175018354 0.717132728821832
Mg Ag 0.5006109350469365 0.8173337296249115 0.2550155885956905 0.33831266691863887 0.2234581219315072 2.3462082954146686
Li Ga 0.17793196489227286 0.3142567032384171 0.19045419839903927 3.415264338921494 0.6345837656740104 0.7710479062447451
As Sm 0.26367614135453266 2.096142593902233 0.5448592555909306 0.7166558069522939 0.1611199215083429 0.29815148409533293
He Li 0.3287426022336616 1.4955163009736592 0.6853495580391464 0.5513121473220743 0.0037218128525604317 1.4322588775042937e-15
Er Hf 0.2808014407003871 1.9992688362733757 0.1408956338855515 0.29462526896233493 0.5405204411138933 0.7081590517941329
As Os 0.14930799874780407 0.2955225210224465 0.2522783770507831 2.1892764335850856 0.5680219565361095 0.7312448572318662
Se La 0.1591260067340016 0.2896776901877655 0.544278431295412 0.7160643788321035 0.26549608623069904 2.063164020511053
Dy Ir 0.14447752469081132 0.2923345217426928 0.546017412895903 0.7216247450050943 0.2736381159641223 2.0507781916382632
Ca Ti 0.33852427833918747 0.35236119811164385 0.4829691607175654 0.9320342047766951 0.15682980560635104 2.402620228048401
Ca Kr 0.24218810739536265 0.3247155936939668 0.15229298131964017 3.0879672902631796 0.5954412518055561 0.8757107545643824
In Hg 0.21441032283048064 2.3982208487882537 0.5698396207479312 0.8114929503122169 0.18762658710651417 0.310681741038905
Se Mo 0.22768747913058912 2.206734389737465 0.582103623714605 0.7419858525210067 0.16367671510962703 0.2918236641539191
Ca Rb 0.1549623584041905 2.942985560460456 0.5828627742079315 0.8754469154468631 0.24900229519392858 0.32329385639986
In Tl 0.5699920208693148 0.8106831131325566 0.21472196058323742 2.3912555917104026 0.18679491469060622 0.3095272456257401
Dy Os 0.27266258515466996 2.0663373338808673 0.14442747729728544 0.2926395085442438 0.5480294656024857 0.7223203407829537
Ca V 0.3355994589347881 0.3544058778524417 0.17051171978796736 2.3741885929592663 0.4734241194244354 0.9118273474616553
Se Ba 0.5384426105919304 0.7002866724742105 0.15202619012972773 0.28716951139527824 0.27717521391068495 1.9993545093922385
Er Ta 0.14186946985109636 0.29388123158930063 0.2756253864002321 2.052557238837556 0.5476795126895685 0.7146190599204076
As Ir 0.15845812051270894 0.30024178687045594 0.24260296309057197 2.248621752748898 0.5695236258037611 0.7474580619403993
As Eu 0.5456927460739458 0.7223843099120354 0.2593586560361679 2.116994898917548 0.16452503098674212 0.3011506659001817
He He 7.287840526924254e-07 0.5097174986503351 0.34318840588695637 1.3132617624867533 0.6753271040848019 0.5183381573195937
Se Tl 0.5599535560943415 0.7825807351187593 0.23031357144322728 2.310694242682546 0.18057137092359762 0.3125107688303039
Be Y 0.2951566287040108 0.3461139046516077 0.1577529967203999 5.634496638933914 0.5892834735405967 1.009647925985327
Li Zn 0.20200386967151476 3.177029275168486 0.1622115112502783 0.3084806242192449 0.6354206184010253 0.740775824087666
Mg Pd 0.5118363426020303 0.8453571333887385 0.2054065682379903 2.4540874774649186 0.2631008537844332 0.34021812413506103
Zr Dy 0.5598680059448864 0.7156341439397558 0.14700312604139984 0.2858586648279502 0.26165933547945547 2.1086827998681525
Zr Hf 0.14181984722892074 0.2856237447051986 0.5784767722623398 0.7286243411869993 0.24889435879200744 2.180776298557003
Li Cr 0.3281482177841466 1.9794970338720455 0.6085463509845874 0.5401327553720915 0.04337219454942651 0.19628151131117708
Mg Te 0.5044375137816781 0.7024265449911554 0.18456807738345882 0.30942778594070686 0.2818154591800543 2.0725739830771803
In Ba 0.5282858509019016 0.7923554084084689 0.23567784199806335 2.1767772864977517 0.2063420745122933 0.31160873691843644
P Ta 0.23370059199771565 2.312237978403779 0.5862092482396482 0.743927152153098 0.1475819284513913 0.28673422540639387
Ag I 0.22825489964527834 0.32188358257375543 0.20147552129109472 2.360856488839747 0.5429036552436667 0.8426000027584599
Li Ar 0.4857587743015879 1.3518755594263663 0.47585926669692447 0.42346531696742495 0.001987039197209017 0.06863907016461215
Ag Ag 0.5458352979597814 0.838067418730151 0.19856752647436537 2.344208938984719 0.22847572975967828 0.3214619422926737
Be Na 0.6615601669615476 0.8821820035175733 0.1127503364272608 5.960420405800735 0.25322453156923114 0.3306710037173291
P Ho 0.14019915951854992 0.28121025010256084 0.25110688444166646 2.26880156737039 0.5782661603560983 0.714685988873397
Cr I 0.2482286719925701 2.069834579151029 0.48999400610615995 0.7811390852793533 0.23110215385651164 0.3209823967475155
Hg Bi 0.14829491969697414 0.29604930090861903 0.25529325314311463 2.1408565053781996 0.560990225976016 0.7530682191370555
Cr Ag 0.5234909519174379 0.8732020133396368 0.2695601783223744 0.33481859902989347 0.1840863503778837 2.483589809146381
Zn Ge 0.18306168633139488 0.31450554384306345 0.5621242850397461 0.7196717343158064 0.230816526902041 2.197410618747158
N Bi 0.2353305775222433 0.3237575144885786 0.1740795370492955 3.2518916323741967 0.5733661935651726 0.9479958001169434
V Dy 0.251557416323225 2.2266687873689097 0.5438458305262629 0.7429762443174287 0.1773057150843256 0.29780871407187
La Tl 0.5490037373012674 0.7558171165166662 0.2562448613914756 2.1442731234871863 0.16155548825232693 0.2944858041957008
V Hf 0.573711457143777 0.7722751323447871 0.17114508346262 0.29526056542619533 0.22769582507921726 2.3619510026503843
F U 0.18048709142743644 2.945848890347407 0.26825673780829795 0.34184476580746537 0.5270117199698793 0.9744795474500015
S Ti 0.3587224314080093 0.36338834564527867 0.5236097742146665 1.0277844167809411 0.10502061107075332 3.2696300850483784
Sn Ir 0.5573484235867454 0.7753205977220383 0.17276553038171852 0.3038496327743833 0.23782250333855712 2.2161014769028253
N Xe 0.45321048787581325 0.7710629757643132 0.2720259138191285 2.0741707682750103 0.23949957271810385 0.32374733837635883
F Au 0.19440834392256848 2.6186220337147086 0.535552164409545 0.8937503059314486 0.24027555688395885 0.3314071620608725
Sn Eu 0.5260960029712443 0.771669381409883 0.2490963556045054 2.1372755965864165 0.19352039121259762 0.31138026846180467
S Kr 0.17388303349146714 2.7479199338169673 0.1934967421363634 0.3036164560360865 0.6181610236175491 0.8044511681434793
N Zr 0.3272479151000698 0.35376721576047077 0.5576954279014084 1.0506706863640367 0.1340017266530314 4.694844926590313
N Er 0.5531416282753338 0.7731893283794654 0.17450895857648127 0.29479860839494476 0.2388483075067566 2.352974437549064
F Rh 0.5226454602692056 1.0242680054205753 0.3351010191529539 0.36265714996797965 0.13770099470755368 3.5514292153376408
Ar As 0.19331759635141976 0.30437731394648443 0.18536123383567413 2.5688919777396744 0.6037822690035568 0.7909180484282461
Na Cl 0.25278644638803793 1.9507850643829063 0.5752393618573505 0.667953048920208 0.14965301480438936 0.2803947195601055
F Sb 0.28003992803321004 2.0434300169329913 0.46903269464832364 0.7294245566562388 0.21808697485055795 0.32492456609507614
Ar Co 0.2578269853513498 2.0093090810081695 0.20495936755234476 0.31269936410964605 0.5125131948300432 0.7099911379832421
W Os 0.5631711627359115 0.7279993886198556 0.13939575126396675 0.29005643396800135 0.263543767570987 2.118900235222992
Fe Ba 0.22376965180512973 0.3207944712931353 0.2626229478548163 2.0442903312372147 0.48330673891361475 0.7602388339093444
B U 0.14852473172238811 3.919700915661751 0.5587125204003712 1.075041041612808 0.28023175680311885 0.34291474087217416
Fe Mo 0.5320421833032701 0.8452406666939855 0.2535726911068381 0.3302249939222409 0.19036209782170901 2.404451584663564
Pb U 0.25876201029436396 2.1201621697546553 0.5590581136996841 0.7530702234726854 0.14454583097363502 0.2889475980734007
Ge Rb 0.2179510865734929 2.306901024863893 0.5857079164121145 0.7425100406858743 0.17370235827749403 0.30246434749529927
Ni Ag 0.5124260228062774 0.7652412561923764 0.24200298773506554 2.131827414134933 0.2179660770280895 0.3199070380726999
C C 0.0007817391165393625 3.16781396477311e-16 0.33270923748408493 1.8602696795468578 0.6678871762343915 0.46871634709445914
Sc Eu 0.18341998154216657 0.2974918745297969 0.5277932682990043 0.7365701303365876 0.26042841313486953 2.1637881540771104
Sc Ir 0.2007482338987155 0.3107985406696317 0.1959224685760149 2.647241432693929 0.5792354739563671 0.8358866203360557
Ni I 0.2706756504261967 1.9994706802524636 0.49851282778175593 0.7283289933975282 0.19894954804299309 0.3142024644958591
He Ce 0.3144427748209489 2.417730255528852 0.12383311545025713 0.27090999328562076 0.5349961811329443 0.6591476894400643
Te Hf 0.2557277970410839 2.138120872358401 0.16358323247678683 0.3005938828116575 0.5486136204937847 0.7486217384753334
Si Co 0.5491068458943202 0.7646553950793906 0.206524595921507 2.3739396176190923 0.22647505675179336 0.3282071089700603
B Sb 0.4742580781630082 0.7354920808684325 0.20142236403648972 0.30779135422015935 0.2870732877158999 2.0154656478268427
Si As 0.634584888516424 0.7221858842738984 0.14271655373234657 0.282561076225149 0.20847407859791608 2.496620214075442
Te Dy 0.5311125056180676 0.73390550708927 0.26946216892533775 2.0738133880236562 0.16746458609080547 0.29972754389605155
B Rh 0.1720556521408464 7.839990874099558 0.5297758936016177 1.1986507677527278 0.3835215166275703 0.38203788822640705
Fe Tl 0.5604368516440777 0.8457713599002725 0.1991107538143188 2.558848342868831 0.21395803277940012 0.3193459241643043
He Gd 0.22458031215818625 0.33093618734885866 0.5137774301208458 0.840040311906281 0.23736588025812855 2.8775843089516884
Ta Hg 0.26320155694777236 2.0758231274256613 0.5540415351410695 0.7349096201907169 0.14477531637323346 0.2952774712519156
O F 0.2217472947627559 0.3257092031424414 0.5906521874210283 0.7113777287975686 0.1863994648030615 2.641658156693398
He Yb 0.5533165788485723 0.9905437057159776 0.17656673687241523 3.7387118031686204 0.2575684127511342 0.35253268175450414
Ne Hg 0.18145135744901664 2.6256830496509567 0.5222627447039659 0.9350078991120325 0.264048090894316 0.3480433305187818
Kr Ag 0.5640251985515035 0.8142970305869052 0.20171544918895534 2.4225243707025714 0.2116313648326494 0.3179174770957129
Gd Ho 0.15494924035566313 0.29588292974074504 0.5325023227987243 0.7192774241370832 0.27828785401149625 2.033911253805558
Ti Ge 0.22704244346641958 2.1911058674816783 0.5588283345677356 0.7383931824789469 0.19087476142670823 0.3025618637042686
Ti Fe 0.4864127550207472 0.7000135023163366 0.21899807348354527 0.3165142081854735 0.2692512786686765 1.9541203513007086
Gd Ta 0.2682166145443853 2.106518416428066 0.15108203153245972 0.2945356999270946 0.5487952545600457 0.7293533928170177
Kr I 0.17636802403417148 0.30126425392468054 0.2519105089973135 2.119482354939983 0.5428272385801691 0.7435792739571397
Ga Hf 0.18316075572994436 0.31568852780139034 0.5496590841693026 0.7616081424543867 0.23841516346480165 2.2508468142011413
Be Be 0.5304511298671449 0.44757969168842293 0.15912392814983614 2.296749727210186 0.3263948515776003 1.0335999327182868
Sr Ba 0.5431887899529297 0.7336679254742464 0.2579285547101822 2.0996533341459482 0.16917303292909297 0.29016609246703506
Sr Mo 0.20222240361210747 0.3078169145845709 0.18742671229029126 2.5057826028400885 0.5882719114265182 0.8129886263713413
Rh Tl 0.21868025781059414 2.362623477680232 0.5782425039783994 0.7933228269391583 0.17388871234559777 0.30074157556078496
Ga Dy 0.2594420907495764 2.1266846715984125 0.5373806175192525 0.7254826561592768 0.1729902426952476 0.30761337269115735
H Br 0.590455411094706 1.2260725502129128 0.3247254547292717 0.37114668252057886 0.181295201824063 9.047937600988218
Mo Eu 0.252701247042866 2.155012288735692 0.1670229093474893 0.2935984934523149 0.5505196568834861 0.7397506631618816
K Ho 0.2426807901642626 2.2791412999189373 0.5621437721745715 0.7434414234802148 0.16556874674522576 0.2919704014368618
O Na 0.31760014337554027 0.36812645082470846 0.1422904314406209 3.0841510690570186 0.5383602871144335 0.8388245166200845
K Ta 0.21127458626028586 2.4958207426938896 0.1740496675411889 0.29697108090307617 0.5872318876141748 0.7893332579423937
C Ni 0.26090771691895065 2.165870372745112 0.5924039686365116 0.6547537077114125 0.13015573693728025 0.2661184293652618
Mo Ir 0.5849648630710347 0.7798553087625222 0.22041427014026632 2.3658344335927186 0.16655832169948098 0.29738839209233975
H Sc 0.3124588085642101 2.3418521308669447 0.6631890734328562 0.5255723448137666 0.009631756648236109 5.073990134917276e-18
Ne La 0.5125508551952271 0.6553947290558019 0.3048375990701178 1.9938342215100622 0.14814802192521226 0.290549897412636
Cl Os 0.17429213165677113 0.29866024697352317 0.20819927405430813 2.5673051073367192 0.591662937870171 0.799934924722082
Rh Ba 0.5364238044449348 0.8250442632369206 0.22151581786199162 0.3170154714280666 0.21561811787647525 2.3149842880163254
O Y 0.1333257622717456 4.145122065461374 0.5503265096866069 1.0258590876187934 0.3265882697249853 0.3585725165139224
C Si 0.5423027742658406 1.1573706902003817 0.40565843028357085 0.3828651137274164 0.14231239681144328 10.565438599455746
Sr Tl 0.2273444808547012 2.307127331622597 0.17189630102235012 0.3033782783082172 0.5710362142768775 0.7788840793148276
Cl Sm 0.1695816788263015 0.2922098989876179 0.5394269282036571 0.7239481192737656 0.2621713399138916 2.1793186154593176
Rh Xe 0.2194433935899444 2.266446171460122 0.2154975125830296 0.31507471343486926 0.5372697274837599 0.8149342335741757
Cl W 0.20791686465446413 2.533854151498031 0.5880168509708454 0.7938182633315919 0.17713607647577978 0.29845959856674187
K Pr 0.272010950569218 2.0747395593963107 0.5055898584520736 0.7301384893034742 0.19236737995370431 0.3001649753064302
Mo In 0.2203815897670165 0.31656149794063243 0.19215255018096838 2.495841750054942 0.5653930857247755 0.8376779686212911
Ne Tm 0.19989861200363115 2.484122115778097 0.25072644492797524 0.3467383877118831 0.5164632490471917 0.861091296026843
Cl Nd 0.2625338072436925 2.1557419700240446 0.18410740413800059 0.29852546377087624 0.5243193052427686 0.7342330905081866
Sr Bi 0.5711460630371133 0.7778879740863429 0.23061372429650137 2.310141622830385 0.16937498989062927 0.30022930102195144
C S 0.45886504189241933 0.3993792242557083 0.07771962717371779 11.463692914417143 0.49868089154456186 1.2741095299848468
Cl Cd 0.5288791603301175 0.8743245264453097 0.1827285606329931 2.4364954693596714 0.2635314070637094 0.33452082951395057
O Al 0.10350114822190885 3.4079648991807656 0.5104447376328964 0.9830111027506798 0.3788621456456825 0.38398914676971163
K Tb 0.2438516497619236 2.2859382678555895 0.17819100715035782 0.29690127722951615 0.5506855399776949 0.7496549135294118
Rh Er 0.5571037306311969 0.7375665754990552 0.2534165908735087 2.1482412340334083 0.15833628139276149 0.2922987925674466
Ne Nb 0.5500185806600332 0.931296649467656 0.15470514400595625 3.189585608974485 0.28964848956792677 0.3506513184302372
H Rb 0.5638854501468062 1.2517415328573946 0.19548824013287427 9.30048514205984 0.3507435212268798 0.38355106991239757
Ne Cs 0.29044735986316694 2.033740199825996 0.49654802623996736 0.6897848057370028 0.1795059172656742 0.30938824797868286
H V 0.009449022043052053 2.388751424289539e-15 0.30317806494338106 2.5111740855328266 0.6767203392984418 0.5309024153886546
Mo Re 0.23487306370965635 2.2494139702058407 0.5802260970848712 0.7547582891691014 0.15448962927789256 0.2905402501570612
K Lu 0.586072789632483 0.7676357220628552 0.2224769311420087 2.416156483209959 0.1638215819842867 0.2911051999810272
Kr U 0.29565607830675517 0.293238436620196 0.12808499982872892 2.728165875740034 0.5612163515484816 0.8226570980237982
Kr Au 0.2301741335003957 2.3181006145288365 0.16745073777857303 0.3020464652718745 0.574579716237103 0.769347706278519
Sr Xe 0.5406492732451444 0.7354985200706761 0.25814041448189456 2.1004440042689194 0.17203402792246927 0.2943764031793274
Be C 0.3346661626820971 1.67225137179878 0.04721439874810398 6.626088980452138 0.6477415750103295 0.470821903768332
Ga Yb 0.1901532677187273 0.320012267870987 0.23555599086756446 2.3017545690041477 0.5481417532909988 0.7659114158312228
Ga Gd 0.16500906891327846 0.300424971553383 0.2699491779895269 2.0688243848448185 0.5339524351722282 0.7088934798527896
Rh Bi 0.2226320235249142 2.298748833633924 0.5727411494376938 0.7915304271388 0.1730374195175982 0.29950345316695176
Sr Zr 0.18701440368590336 0.3001518207212771 0.5920840971521261 0.7875346536885307 0.19761026264261192 2.416115514091569
Ti Zn 0.24694542909135414 2.1038706647152425 0.17507458374648324 0.2971699587588104 0.5545068288681627 0.700569264576821
Gd Tb 0.2875741570246046 1.970883182710357 0.15194589813673093 0.2922180107840803 0.5242413188812506 0.7068477650313021
Kr Rh 0.5759507451667036 0.806037084834336 0.20206251453932741 0.31129261136073333 0.19989029686123228 2.4410391192590595
Sr Er 0.2570948643132553 2.1448521359549817 0.5669201962894325 0.7172519570884291 0.1456753476311236 0.2887901404464709
Ne Pb 0.1685107872665343 2.9088855668446216 0.5289792912672446 0.9739955589331333 0.2776867312905576 0.3547099899054945
Mn Y 0.24527464862945905 0.3269832983323585 0.18964890864326098 2.3968048027046707 0.541020009464219 0.8334697636997257
Eu Pt 0.5424580383267376 0.7231831060780385 0.2726422717131618 2.046752183502859 0.15005359233105017 0.2919991466847565
Ga Ce 0.2693922061009501 2.056326950130187 0.17026575352446888 0.2994768656539107 0.5298316329731391 0.7116100594782303
Kr Sb 0.243896009674031 2.1286120854283186 0.1855659788885137 0.30781846533371554 0.5410325270588726 0.7570286816317661
Gd Lu 0.5446685070474961 0.7230386534868075 0.1503986329264092 0.29483103492862284 0.2725588396371373 2.0802531343929944
Ti Cr 0.2225524698743617 2.119968951165435 0.2971949330572101 0.3428927183230723 0.45790252274285 0.8129901346528978
Ta Pb 0.2559527597046186 2.1467764367428086 0.5581732741421102 0.7493097177812812 0.1514250209895822 0.2988553316196403
Si K 0.10309180870266041 3.3938445113924747 0.32138440474106017 0.35057077050518476 0.5645710470466838 0.9744159574042913
He Dy 0.5264644663977184 0.9043158561515615 0.2431634277000043 0.342099654427338 0.2099692684633272 3.1723229503229162
He Hf 0.2587983641537149 0.34985597553404796 0.5652033217581409 1.0262835165014723 0.16241784635327824 3.9035332293792524
Ni U 0.21060543340992344 2.422871779106496 0.22360192341578836 0.3245297047969102 0.5349478516579371 0.853472284282681
Te Ce 0.5236373156178251 0.7749822909254568 0.19564534471280676 0.3068396742122605 0.24955972524705305 2.116446271120217
B I 0.454974417333747 0.7059974308795426 0.19740851680173996 0.306843531820445 0.31007663952849657 1.9715696649283752
Si Mn 0.18911294427504852 2.4229587466538063 0.5165329601963626 0.825699912676961 0.2763841642790147 0.3447829810727842
Te Yb 0.26558748562013107 2.079310480065878 0.541289327261158 0.7332812148403933 0.159677442430422 0.2988158348205709
Cs Au 0.5471632347742486 0.7635381638429228 0.16976238708604277 0.30011918693933287 0.25019196156954177 2.1582498170743922
Fe Bi 0.21204107130896394 0.31814928120955305 0.5551729119061781 0.8412215456835341 0.2054148837704671 2.5004001095417716
Al Sr 0.1571956673524458 3.086976689033537 0.5934956998675618 0.8622136909005266 0.24201137587452065 0.3271489592865156
B Ag 0.3754010016521555 0.37947988099386587 0.13742457302793498 6.691802697359156 0.5317339657527861 1.1827797877315405
Te Gd 0.5262495031863471 0.7405932784377537 0.17413108715570458 0.3000415842059996 0.267302211764976 2.068269169586217
Si Ga 0.17033194711552135 0.3021882885651066 0.2039739565257977 2.4941401419445013 0.6109157419612422 0.7330431870624887
Ni Rh 0.21754275002780432 0.3181457208015369 0.23651478022190112 2.118417711359376 0.5167975777230734 0.7696540033655128
Fe Er 0.24729313290522456 2.2067546749207394 0.18184846450033654 0.305523672717652 0.5416838869841372 0.7496264575811163
Ni Sb 0.2128607356372948 0.3212938005572258 0.5003365640924183 0.751859004867422 0.25706221288304454 2.063640203523284
Cs U 0.2382295892500308 2.219584171012031 0.5465781745024986 0.799334184585601 0.182060996907095 0.30234335108714117
Sc Re 0.19334009045957942 0.3067390307840824 0.20146563253054148 2.6161301143725813 0.581720228080866 0.8217486597191488
Ni Au 0.552239641336977 0.8133938471890408 0.21606263058420874 2.432993533771364 0.20554986343061246 0.31794973435213514
Fe Xe 0.49288608807131573 0.7679961470019206 0.22332199094615948 0.32043351247016594 0.25409868468806324 2.078227212885052
W W 0.13002033060029394 0.28289729861070034 0.2751968913991405 2.0327393191861924 0.5575735618046558 0.7056421929193863
Ge Br 0.1599630298179334 0.29898211795533797 0.5797355395590067 0.716751064429644 0.2339727425543575 2.1549451829002586
Fe Zr 0.24410508383616938 0.3261127201903403 0.5477755353841973 0.8385756004308589 0.18705444469728041 2.4929397583132364
Sc In 0.25595531766418206 0.3277265751286713 0.5279734652565502 0.8551243205418174 0.19243035554021817 2.4153546450758108
Na P 0.5964650721124126 0.7358965431943781 0.1932517968039715 2.2396278985324587 0.19153378016286327 0.3092892147515209
Ar Ga 0.5815245391133855 0.7456871428633584 0.18445858773880533 0.3005635273449656 0.21517011133284297 2.3246721524795926
F Ag 0.1475278966897731 3.383350924082434 0.33522572922811034 0.36447824590839506 0.5106534998651592 1.0083691446328937
Ar Mn 0.2899588626081527 0.34476514587454393 0.48111136652367764 0.8282368454978272 0.20661170480327531 2.2082877782865062
F I 0.27139566482104205 2.109112795282405 0.22078844210223855 0.324540416455774 0.47646975460487895 0.7412215558293451
Pr Au 0.26143918860749954 2.0960104169798774 0.5419370141672214 0.7456093011423178 0.16157442442773867 0.2962316227126856
Na Cu 0.1899923199151242 2.596502854387466 0.2636929332214546 0.353920877965012 0.5328142430970357 0.7877474630542735
Cr U 0.12864803447327547 4.7567656383337535 0.36840562866917587 0.2952297021913857 0.5360097313544243 0.9156692087912132
N Ba 0.4400046263967693 0.740199500900842 0.2306825122998911 0.3194473882353146 0.29230252302214604 2.0029038489969446
Sn Re 0.23933791075746066 2.2380867873282546 0.557667773117745 0.7728234451341462 0.17296481112907508 0.30470808704792607
S Ca 0.09591463287800929 3.421447109013831 0.5476153291069993 1.0156383567401204 0.34401602200382836 0.3554982500137158
Ar K 0.08924051749001674 3.6771871640978433 0.5372209434281292 1.045900590184835 0.3632498167760924 0.365920428376272
N Mo 0.34840459178101335 0.3623309956262331 0.12766161012392274 4.991917375340927 0.544117423699422 1.0948056627860814
S Se 0.6285965763179621 0.7557406257912264 0.16094811264547085 0.2853310749883844 0.19291972915870564 2.54161732393999
La Er 0.5398992635835204 0.7221054079048089 0.2737355779624693 2.05393149080576 0.1530583112999022 0.2897757423755856
La Bi 0.2555165030349514 2.162207298571195 0.5515695689245658 0.7588939202501347 0.16075691500525388 0.2925756800037593
V Gd 0.5235560896560082 0.7439135978029862 0.19009181717961865 0.30253747411581855 0.2573481820369023 2.1610984326045943
V Yb 0.16227502985752426 0.2911817990139854 0.5666695257445536 0.7462986079620043 0.2419056925221748 2.261433352806862
Cr Au 0.5630998831628888 0.8333362122440986 0.208473155027143 0.3136112772985042 0.203090418981388 2.546410638834422
Hg Tl 0.25167472241845906 2.1712853383146524 0.5638500623067302 0.7562785861148975 0.1502102651023442 0.2974211651746519
Cr Sb 0.5060044332871474 0.8052565272393293 0.23719499903773505 0.32376435402276604 0.2278949898458174 2.165406921020912
Lu Pt 0.26709585289851895 2.087085672526861 0.13807421974377126 0.2891667274322515 0.5606152508560915 0.7206734113080565
V Ce 0.2189457281526135 0.31369344016941975 0.4867484031858277 0.7590697561805309 0.26337672150895164 2.0529855656189477
N Tl 0.5677257071758549 0.9250040072700522 0.18056840751274342 3.032012775062512 0.22950438683405752 0.32253293021653556
Rb Y 0.5935988815825103 0.7688365063468724 0.20416720341541755 2.3373350204410146 0.17710727605816778 0.29631959913016626
Zn Zn 0.5549469211055655 0.7201882731731224 0.19070035258920662 0.3173425878147217 0.23112149982366098 2.201852053202414
Cr Rh 0.18227999755005336 2.4064812278361165 0.5193835614531096 0.8758442986776432 0.27241323802522477 0.33517146816321014
Mg Pt 0.5447539719591242 0.8586475478991811 0.19581011268736387 2.560821204049115 0.23093446234962825 0.3325172868805355
Zr Ce 0.24036155539216766 2.197789961506168 0.544495742842442 0.7656556073252985 0.18645235364892618 0.3001640876153365
Ag Sb 0.5386223695816791 0.8177676026635298 0.21728053693675656 0.3180257722689528 0.21604398898917793 2.2569096776625566
P Lu 0.5894600844608763 0.7169233139732737 0.13102170231485935 0.27581854960442953 0.24642280837070107 2.2425754663687028
P Tb 0.15452629267426224 0.28772219638230523 0.5657651146694027 0.7228581751635963 0.25063501204409294 2.268528030579418
Be Al 0.1555548767404223 9.96075067152183 0.6087309598281312 0.9912203118761413 0.3274193884114699 0.36015692433915514
In Er 0.1757196313275067 0.3048646370724272 0.2510027328858232 2.1578636061185565 0.5423131225438962 0.7551001629382804
Zr Gd 0.15944553229810665 0.289995958462854 0.5503702748453718 0.7272074711077369 0.2587932323602583 2.109318889507836
Mg Ru 0.5338909968748072 0.8455025926716339 0.19576160382823804 2.521931680992604 0.25247996110670745 0.3332675443076543
Li Ge 0.6240669500009222 0.8172588732568155 0.1802815481799848 3.819550823466736 0.2061103963875261 0.3261093131150827
Se Bi 0.5594491220044643 0.7848607222509895 0.2309692803507383 2.3165250670412467 0.180367585677805 0.31138741648208235
In Xe 0.21135342545053007 0.3147521660896194 0.22760969449739127 2.198325278817845 0.531387146341073 0.804668842667134
Ag Au 0.22139699732545298 2.3322269540962925 0.18010835385894428 0.30395900857758856 0.5693036254956252 0.7934899463608879
P Pr 0.18440716107399063 0.29870066956593366 0.5316286981613348 0.7382396843309079 0.2559298321622138 2.2183982034446474
Mg Sn 0.48642937206703907 0.7713590458242662 0.23563718682199886 0.3351525773844915 0.2532494151531565 2.2043035752662115
Li Fe 0.11668106118322441 0.27785341891891696 0.6066686017960072 0.6347852664158713 0.26388242254386773 2.383426067204714
Zr Yb 0.13839519097683933 0.28359174652693253 0.5744770480787095 0.7172974137187736 0.2563064083789934 2.1463643031611146
As Re 0.5705305000822886 0.7432362760282897 0.1574093049069594 0.30083132721566797 0.24286190613716388 2.247002579981836
Ag U 0.214210449449147 2.3589464625537606 0.5621828772942201 0.8258065324622006 0.19233169296111655 0.30724276739474476
Er Lu 0.2673802199970551 2.0823902738946574 0.5455609495361755 0.7267116062236706 0.15216046071014938 0.30096785559978323
Se Er 0.5596586512042682 0.7312888648633583 0.1603871028857367 0.30237635574013727 0.25058850157146895 2.184892647161822
Cu Y 0.20947836227040387 0.32001714154913274 0.5518559925867903 0.7736445464924417 0.21459071346535943 2.286058374185424
As In 0.20984621366732667 0.3208852700217997 0.2227771040840268 2.2736577472979036 0.5423091950424735 0.7887793020668057
In Bi 0.21781011491069366 2.3291544287335664 0.5660426942758374 0.8078691440833585 0.18494082858487368 0.30773172610354227
Ca Br 0.2391891600357546 0.32347030261888793 0.1600959405209987 2.833302489430083 0.5859061291502775 0.8600840354573618
Se Zr 0.15783954690334667 0.2896568657935529 0.5893233174659172 0.7352925654358689 0.22572353606862364 2.2068624565075
Se Xe 0.5433322361657238 0.7204014458819794 0.16307154424153572 0.29480323646123746 0.264220120246544 2.0764806483563123
Ca Sc 0.3380661830255592 0.34917637097324467 0.13888589407113047 2.6010693384804204 0.5042082549206923 0.953961300085595
Dy W 0.5517508012989238 0.717057417554386 0.27282548840377413 2.0874373223713403 0.1428122860101133 0.29026141692360785
Co Ni 0.2501748476821748 2.080397013903359 0.5284988215436581 0.7046912321444619 0.19771982744319028 0.31426904154448504
Ca Ca 0.3402783543961001 0.34897799789304557 0.12439136645430825 2.822598822640052 0.5195821347465315 0.973705314077293
Dy Re 0.5427134565139129 0.7064082481475089 0.13726201187061174 0.2885038160614711 0.28184313212446993 1.9960520928535803
Se Cs 0.15752019295300945 0.2910229037744562 0.5398340962443815 0.7095861902060929 0.2711771959686621 2.028604437674167
Mg U 0.18951053457957695 0.30904750958042543 0.2871352396841701 2.1007067623517277 0.4861464916704078 0.7595274410630195
Co Cu 0.24350494286740862 2.113247912909624 0.19765691431214794 0.31530941455173406 0.5349538976608182 0.7113583662597835
As Cd 0.21292865087629467 0.3213039963620435 0.21292872100642757 2.3218037231293756 0.5488507475042449 0.7989054159507819
Se Nb 0.5864324339357574 0.7414074243164824 0.2238478863299849 2.2116871080092895 0.16247728797798694 0.29128408628090213
In Pb 0.5645289982006003 0.8020113337947357 0.18302063261802062 0.307371959119535 0.22077326766829025 2.30417766459109
Ca Se 0.17022671744154352 2.669660689828159 0.5847337034364377 0.8344312505916884 0.22718278606727382 0.3187232070158681
Se Tm 0.5632212075965392 0.7345287842420882 0.24783366623351608 2.2137623793122496 0.16039977716545634 0.3035298804585243
Cu Sr 0.22748895603532496 0.329565423101822 0.19858180100662845 2.4678038069406734 0.5545949343039355 0.8026719347989411
As Nd 0.5411681491136356 0.7110088092380153 0.26752672231498736 2.0540659736969227 0.15922646316163924 0.2953543140559846
As W 0.15461353624896115 0.29751379144863044 0.24782526679698838 2.206256178152111 0.567914976414564 0.7328723306635611
Er Yb 0.5415459524457392 0.725653314168435 0.2707590908378823 2.072592630207289 0.15379809127399036 0.30247585018977646
P Ce 0.1908496299366946 0.3008784858952817 0.5270361448200259 0.7452823468905171 0.2542858829864504 2.2195706539906137
Ag Pt 0.17778863672464873 0.30253399980909834 0.5644305182468261 0.782303375795624 0.22788930097021873 2.2610228791218274
In Cs 0.22881742665957738 2.184343245920477 0.5273753648807085 0.8055514820758278 0.21352842610605158 0.31549495323535787
Zr Lu 0.14223032332079438 0.28542192606676314 0.2497040901690523 2.176245668757001 0.5771883477445363 0.7261125415448667
Li Co 0.247639101883086 2.5464766081102916 0.1211102488409163 0.2818376463198526 0.6210409172201664 0.6560594564284115
Mg Sb 0.2054232658873384 0.32110945532591617 0.2704647016662713 2.134205112265724 0.49762056717432857 0.7292645083344941
Li As 0.6290018071468679 0.8472278533560151 0.17924306385939354 4.173938698210143 0.21079502735755226 0.3277973528915138
Mg Rh 0.5214170449337325 0.8254148077638968 0.2088374613226609 2.3953719679151675 0.24809116105778492 0.3320133654079242
Zr Tb 0.25469838031843367 2.162867970183014 0.15615558727855358 0.2901186057768509 0.5598727861959338 0.728632643924319
Se Pb 0.1796466315498359 0.3118158593755904 0.5594073001781543 0.7817935062536732 0.23277266278172298 2.3164756670475075
In Tm 0.5474143731766732 0.7543416477795956 0.17229989310589916 0.3040477259536759 0.24932013372863868 2.1672612263170277
Be Mg 0.11431776582537292 7.00399030210979 0.25397289124200234 0.3286981587211044 0.6691039812702864 0.9029746899662032
P Gd 0.16093215473212116 0.2890298099658639 0.5542296685697972 0.72314893786502 0.2551960295777585 2.2269736909554196
Zr Pr 0.2502552399067083 2.15517147772904 0.5425958527519752 0.7496704868127269 0.17808362114903045 0.29686567682873016
Mg Au 0.19800693957159313 2.5231592442336552 0.5362888357216575 0.8650959527611443 0.23448642612898488 0.33503750573197316
P Yb 0.5928055615627881 0.7160733161690054 0.13024473156647035 0.2761356811304371 0.24649825790681512 2.283795908436094
Ag Sn 0.1991412707884021 2.391405079001005 0.22489531311967567 0.3214708936928614 0.5502699139177444 0.8394935986316042
Rb Sr 0.5993207955961286 0.7682549698966801 0.20272297723961827 2.4014071642237065 0.17550736300921932 0.29591210345646884
N Hg 0.22659387873674963 0.32216194348571614 0.18058968760121513 2.970057688367501 0.5679692343479423 0.9182934165371569
Cr Ru 0.540096158217466 0.9284863130948283 0.28878224277619563 0.3416744437114869 0.15175683259898495 2.804282303340891
Zn Ga 0.1888056234999524 0.31694152612705934 0.5620103229108957 0.7243673060756347 0.22805324705432778 2.250636549983048
Cr Sn 0.5118580236987942 0.8101448854911576 0.23818268862227476 0.3242803461515285 0.22232334081009505 2.205966026430293
Hg Hg 0.2466806628115223 2.1838728370232046 0.5649182054447373 0.7626570608850055 0.15350639006316152 0.29941846395985605
V Pr 0.2597268351860092 2.0827913190418545 0.49450578731957007 0.7587619464731383 0.2151221197206823 0.3124830995916011
Lu Au 0.2602490310799132 2.1470650302510625 0.14735351505824432 0.29585188607141544 0.5599639208440575 0.7371938427292601
V Lu 0.23118645946164143 2.3699492632695858 0.16956047755559187 0.2943169850866249 0.5733682731675008 0.7649449733060467
Cr Pt 0.21512587315003973 2.4309614643589725 0.20215876128305582 0.3103305483468224 0.557208245308346 0.8117603337511795
La Pb 0.2533805235887493 2.1666538106638384 0.5518780501037777 0.7607297640035781 0.16234827012928202 0.29448509691106434
V Tb 0.531349265272258 0.7235612536366169 0.26589202380939964 2.1180406734949506 0.1725907286209615 0.2950389903001058
S Br 0.18389457093514114 2.656428670136461 0.17791640277768614 0.29504323011638733 0.6233835886000091 0.780553975147236
Sn Nd 0.251020263789574 2.1245477531225774 0.19434178609794187 0.3096390102070598 0.5238284201029894 0.7706094651318225
Ar Ar 0.5520949297470428 1.034950336101461 0.35129346545423085 0.3638676295727206 0.08987225871901595 3.9252044302340012
La Tm 0.5412090869312695 0.7117938455615487 0.27952537430043317 2.030154894592586 0.14539114879740644 0.2863888295721261
Na Ni 0.2549607645298387 0.34846508175786767 0.5330191494689853 0.7713211584801802 0.1977439498220636 2.5222153180958893
Sn W 0.254952288485333 2.1288230774050327 0.5468697443937656 0.7484584059407529 0.16545851964701172 0.2996641796657396
S Sc 0.5352591083028683 1.0275041367094708 0.35323065160302936 0.3594438465968181 0.09972876721931843 3.382692842089642
N La 0.4326851974054814 0.7131235987070418 0.30890147810990565 1.947571103753048 0.21989966898945434 0.3141255641006773
F Te 0.469434996878233 0.7531015271463974 0.26740857028262516 2.11666445905935 0.23185804126274018 0.3306225358834795
Ar Cr 0.48975419812395304 0.9131884410088381 0.32595044684087543 0.3542248790874247 0.16583382209255815 2.46991672841706
Lu U 0.5435021023537345 0.7180112769992208 0.28209981234372344 2.01305777492127 0.13487348965480647 0.2848449430940531
Pr Pt 0.5406485208655156 0.7382124005089548 0.15968707084289332 0.2947701109483518 0.26595762678962676 2.0725059859080965
Na Si 0.5885936588327678 0.8015396823447819 0.1536794488370686 2.647374868563765 0.24474604490692192 0.34013958451160103
F Pd 0.13686036860752485 3.697245963735941 0.5197553444042601 1.039566068477475 0.3418825437817135 0.366111536279325
Ar Zn 0.23146212031701607 2.1772943880462146 0.18100837691978183 0.3002851766473067 0.565084941427343 0.7249833988349726
Fe Nb 0.1939846612992103 2.3571063630332802 0.24753549503885322 0.32792613850888 0.5331886844136712 0.8326975485123589
Ge Se 0.17114651253885654 0.307054163063856 0.22487502184580901 2.263106161523688 0.5813896299332852 0.7301100218131532
Sc Cd 0.19014177589730433 2.383502690815282 0.2615060438164687 0.33018229558761075 0.5230887628488226 0.8601494909770226
W Re 0.2684752928045674 2.0874469903319257 0.5617866102658263 0.7194363066860822 0.13522657073103145 0.2873143851222562
Fe Cs 0.2244513348287363 0.3213082579874356 0.4856359488660916 0.7632247682445458 0.25933337208548796 2.051889433374378
Ni Pt 0.5539573562742698 0.8022322142091414 0.2201312145879731 2.405291186032321 0.20138032071728212 0.3154845515050189
Ni Sn 0.22148045907664024 0.32445473770940053 0.24491767422091112 2.1182024195096267 0.5050273375098798 0.770388431369072
Sc W 0.5700283915158685 0.7992838252640738 0.1896476914759279 0.3034075622813969 0.21309022892810467 2.4595068926141392
Sc Nd 0.2755887743602753 2.0346878559010824 0.19095993644080134 0.2997517635576766 0.5017234258960739 0.726187613781258
Fe Tm 0.18630006825149148 0.30821073650242914 0.2351598842935247 2.310215777474089 0.5518623389284895 0.7668249516601815
Ni Ru 0.21842830700019203 0.31833468824867195 0.5295856173398509 0.7814898790680151 0.22504388031396513 2.198107803713373
Al Y 0.15386072433800896 2.978694740604403 0.2508964006423884 0.33027699423470264 0.5829614197665338 0.8738605088054611
Fe Pb 0.21274283909555222 0.31869135320363795 0.20173179817913608 2.542976620360756 0.5592257449063197 0.8442915359706114
Te Tb 0.1670404909176066 0.2985486630093227 0.5243405392938393 0.72804061473903 0.2747013635059776 2.0241570973198875
Si Zn 0.5997262405527364 0.7129201503598461 0.1640444233579937 0.3009389849180213 0.21677688815440224 2.3270854937044843
B Pd 0.5313872004879628 1.2015194480204048 0.382043979139226 0.3825979874181587 0.1657000184656565 7.806257198256699
Si Cr 0.5116426589659888 0.8713734306931118 0.3007269575253788 0.35050264021185523 0.1706305006263211 2.533867373468655
Te Lu 0.155604390794225 0.29594217164829795 0.5408241572545821 0.7278397441067053 0.2694232099159289 2.0579943691238505
B Te 0.30767336843634335 1.9635269337096168 0.46486543537203323 0.7036404105494255 0.18962674316784275 0.3025916291993768
Cs Pt 0.5472218507831612 0.7573871704234781 0.16841293576873084 0.29899183753681363 0.2526365644504031 2.146315192699119
He Ta 0.5747332120553396 1.0486795386911894 0.26201252498268196 0.3488973593720998 0.15807181247434826 4.303749839604451
Te Pr 0.5288101394572791 0.7937309950860835 0.20408599852742632 0.31146260435125017 0.23752318412000012 2.1915351914397276
Si Ar 0.3015269657286138 0.3473742497287017 0.11537238462625163 3.0761266828501257 0.569631578234697 0.9350358297145477
Ta Bi 0.14898452524594114 0.2969988849104546 0.5574312346828441 0.7456360851096075 0.2590314396097896 2.1358532234387004
He Ho 0.2024997534955297 3.248124238715096 0.24022164100869514 0.3417159145259574 0.5358218719062227 0.9149138039679532
Ga Pr 0.27922218432109663 2.003359939565185 0.5268775664253537 0.6964867413713486 0.16182610884896026 0.29595061164387243
Eu Au 0.5357532155650699 0.7254102614889169 0.15203778509008573 0.2940624049156031 0.2750005550202514 2.0223388888533305
Gd Yb 0.2758041969656079 2.034556810697198 0.14982697499124661 0.29516927456744574 0.5391535847802773 0.7177278651667218
Ti Mn 0.24465633388852814 0.3260716578327954 0.2594081576801348 1.9838935974876752 0.4716184377278135 0.7285434385341207
Kr Sn 0.22605597083343246 2.2524695716340473 0.2007537867435504 0.3156821572521767 0.5470501934718637 0.7858656441635751
Sr Tm 0.25369965351976403 2.1511563699557534 0.14546405027356638 0.2898142141421524 0.5697250140870966 0.7201679060000623
Kr Ru 0.19948729515388686 0.3097884254129644 0.5847374119427043 0.8078309026449285 0.19509021289040962 2.497849989165285
Ti Ga 0.18911719953076458 0.30276563842775733 0.22996009123640562 2.2211518713552536 0.5603880742273144 0.730686876020984
Gd Gd 0.5254754338392869 0.7179066726884277 0.15833210659039493 0.2936958047550601 0.28111714525610576 2.002701077293679
Mn Sr 0.5437715986839743 0.8384953849680727 0.24895397953491427 0.33018950480092363 0.18660105498315327 2.4875226708684837
Ne Bi 0.27862734822348434 0.3556228110818151 0.527379267043739 0.9752987990823129 0.17069253865898093 2.944126164646301
Ga Tb 0.17757291522956042 0.3087903200155212 0.2545663850517873 2.1572030310221977 0.538684719738494 0.7323389765007804
Sr Nb 0.5933977659044527 0.8052083532949699 0.18966537621918186 2.529910135966312 0.19680578913712374 0.30455686924590875
Rh Pb 0.17341648093652556 0.3001302805615307 0.57761503250285 0.7938642345289085 0.21992454468176706 2.354202795491528
Be N 0.35709853979631334 1.4983466235546934 0.13477623248868056 9.604798149072627 0.6084454724387718 0.45862549925559776
Sr Cs 0.5471821293676511 0.7471821946185823 0.2487054704891817 2.1605435059177993 0.17608783445009818 0.29486833285388137
Kr Pt 0.16619115626428702 0.3006716505268985 0.5780994524474989 0.7659682480195512 0.23058920649160639 2.3290939306076512
Ga Lu 0.19136402183835985 0.3198638705766312 0.55120724062941 0.7723043555356643 0.23068307302464497 2.321622299619883
Mo W 0.5800274565670126 0.7638404200210709 0.16290492098648818 0.29413076937548494 0.2287574212796801 2.3070689973576477
H Ti 0.6631838336840225 0.5208113507948842 0.31481276953417026 2.39072652252407 0.009136034151207843 4.636667172768282e-16
Ne Xe 0.28310681890718853 2.088138931913181 0.18056558606284023 0.3084703813093406 0.5053036235053812 0.6990393075456501
K Yb 0.22528782382716275 2.4518663557933404 0.16359568941613378 0.29192217997898207 0.586370711061872 0.7650629748204567
Rh Tm 0.15856209266997276 0.29307434384476905 0.24647315612751988 2.1922517241322224 0.5645350484790831 0.7445911454956213
K Gd 0.2581137056291306 2.1618338084698063 0.17717356978583704 0.2945401653283717 0.5339672961873789 0.7332994632514754
O Mg 0.11754268231378098 3.358935088781964 0.34497405538335196 0.3757735254400754 0.5337363393593471 0.9136387088837142
Cl In 0.25119244463541673 0.3293315200400088 0.5254032733268242 0.8493041778042559 0.19921581771739102 2.3607998066947404
H Kr 0.20007983441391675 9.760383463996694 0.5794134183807171 1.2660316311091377 0.3395704112169404 0.37788652466831146
Ne Zr 0.14319401864358922 3.5256937807154416 0.5515578468219223 0.9649092662468278 0.30498262817466437 0.35883246546352965
Mo Nd 0.541909611801751 0.7577242590765932 0.18219860636523066 0.29954054686513587 0.24670022585056708 2.1726172447326038
Ne Er 0.20840597541255243 2.4351682496619613 0.5135238879363454 0.8433187952617992 0.2449995376773392 0.34338083422673155
Mo Cd 0.22250617587043156 0.31749266561908535 0.18932133250357497 2.432668102137115 0.5624632237323226 0.8387580299306092
C Cl 0.47589776230808567 0.40501298924768137 0.48439276629118044 1.3157112063003393 0.18508973239046286 15.702247955503474
Sr Pb 0.5754909614576549 0.7888832419739874 0.17505620372107988 0.3044088413353586 0.22207602662102613 2.3790028835997683
K Ce 0.25900570385947813 2.1292719312359543 0.20695395771643643 0.305940607635416 0.5049304595299811 0.7543057389756984
Cl Re 0.2150799996114733 2.477896146700014 0.16702293226992398 0.2941614873142443 0.5900463324869434 0.784390650910357
Rh Cs 0.21545776217341991 0.31495310699358225 0.5321441222519634 0.8102765513373884 0.22421983599034576 2.242055338115302
Eu U 0.2581551192733951 2.1205742905810827 0.5379709378540345 0.7665138219838086 0.16786682509419934 0.29862371788045583
Mo Gd 0.16776757256992864 0.2935944540285263 0.5536463251452788 0.7442050750974653 0.24941733272249353 2.1782029723784424
H Ge 0.27452069569050364 0.3458344214530053 0.18010159054761538 7.3975958750104125 0.6185484733072805 1.0574216331349449
Ne Ru 0.5368821457614708 0.9584344827506853 0.3033543062037836 0.35375126461166184 0.15405150472210025 3.2522509864483866
Kr Bi 0.16744323052162463 0.3024699750204776 0.5661759233171414 0.7708489933170083 0.2359827091415943 2.2682520686389793
K Nd 0.2717031898921351 2.099276889464557 0.5134415112431258 0.725527554609575 0.18563654186566314 0.2976976457089822
O S 0.4153152190480845 0.3892054608092106 0.0812226616584691 3.0361392635166484 0.48388853724805886 1.1050159740899517
Rh Au 0.17503450186253486 0.30074566958060284 0.22244180535110966 2.329197710642059 0.5735124841476329 0.7871647917327993
Cl Pr 0.19255070064416088 0.3019065073502696 0.25922865622329244 2.1659455371662233 0.5195694154922766 0.7436546305406726
K W 0.189578703404486 0.3040056310758061 0.582732406667753 0.8094544015116576 0.2042603489997255 2.607829220983546
H Fe 0.6960113186171802 0.6230791925225411 0.25077960027137897 3.07359440367661 0.052189157815243824 0.169066685598986
Ne Sn 0.47025850282165316 0.7597923245983089 0.23751720565434814 0.337513886626884 0.2635175846867754 2.1354635800611756
Mo Yb 0.2540602787812236 2.1553883666387934 0.1396339404056011 0.2823749083298223 0.5754762382090379 0.7220088057782159
Ne Pt 0.2007358523202089 2.5178746354523653 0.23475483933034694 0.3316106760978081 0.5346431693515721 0.8679557859482103
Mo Ce 0.23788185835523853 2.211533923246286 0.5406047647962814 0.7761544154010244 0.19347769572037798 0.303407597444689
Rh Sb 0.21344501912578875 0.3144256469795078 0.5497757886520487 0.8194872840834806 0.2101447205597855 2.314487375400318
Sr U 0.27992355322524604 0.2833185565649506 0.5695624703599369 0.7832300950173966 0.13791896211555313 2.632818606244021
Cl Lu 0.14884305893470723 0.2831396800563744 0.22693620477416637 2.4195419423437015 0.596798519074375 0.7524978656661314
C Al 0.37939773577243036 0.3743376628567572 0.5432234075199383 1.0559759765246075 0.073117098388965 4.569476266770734
Cl Tb 0.16094441628324407 0.2888147061988593 0.2493818367875375 2.2721372468340184 0.5616358649030928 0.7314889638736902
K Cd 0.5214479082015797 0.8673655984078297 0.2655640179242728 0.3334681364131861 0.1876146763811001 2.3837454226781407
Rh Rh 0.2352221762949862 0.32224524354441125 0.5685586706094627 0.8673497151217657 0.17501169419454926 2.615827605648285
Eu Pb 0.2645902533596236 2.079940347960312 0.15873844956094757 0.2980841514252405 0.5401706224492406 0.7445274360564779
Ga In 0.2397246717930162 2.158411327864741 0.21043420735654042 0.32060481818373077 0.5226303069524835 0.7648076371054371
Eu Tm 0.5337376889099177 0.7173804268603342 0.27793833119082706 2.020687908978974 0.15304818135032955 0.2967026295266016
Ti Br 0.5760196075735933 0.8543167424364034 0.16881867211030158 2.76335779357971 0.24086525498799455 0.3245118219268016
Kr Zr 0.2046664195231759 2.409322218518033 0.5966104260069931 0.7734100981160239 0.17697320210294704 0.2991131013774078
Kr Xe 0.5418664081811302 0.7341616639435541 0.17034641112052148 0.2975489684781427 0.2585395582899599 2.097057834297198
Sr Au 0.17916843979019806 0.3067627860237317 0.2172638934404488 2.4117137165629194 0.577449778362293 0.7902159997817676
Gd W 0.5421356991904936 0.7084581362776858 0.1411473161307834 0.28687332239589874 0.2803620576918242 2.011489552688714
Mn Ni 0.5178603367402322 0.7005302286470083 0.20061310277423847 0.3132280066517321 0.25689024734323623 2.0333250117417534
Ga Re 0.18507356970907032 0.313893251143147 0.5557808964083795 0.7749531812678362 0.22999661484793735 2.2987052660005594
Sr Sb 0.19061586603864855 0.30623396888029136 0.23667560222044726 2.1749151322720977 0.5443798375038789 0.7678112672044457
Rh U 0.19024164426218065 0.3057221976610692 0.21671138922073746 2.3495899303848846 0.5618826075284943 0.8210294570833551
Kr Er 0.5651140395249464 0.7249534302157262 0.15119453483363404 0.2945764954964209 0.2532592173517813 2.157776120287945
Sr Rh 0.21196501155543282 0.31372103699306925 0.5741716823063631 0.8211871298794309 0.19208128814642803 2.492493451217368
Al Cu 0.20211491010082155 2.5120427361530573 0.19147947728533435 0.3159120062893736 0.5919688960400472 0.7351664576994746
Te Re 0.25113373603670236 2.1522313342888495 0.5510467464666354 0.756118176035017 0.16508924483868195 0.2999717741294807
Si Ca 0.5500331591705632 0.9817774830281881 0.1063922710855334 3.1868759259694213 0.3295899486516182 0.3526038810755168
B Ba 0.22758516821229496 0.3213678482609028 0.42248857704878656 0.7262852127551833 0.31214008445754077 1.9892279907755404
Si Se 0.20349466734343752 2.4860817655318197 0.6337977477862292 0.7295567768826258 0.145787273672414 0.28183610792248043
B Mo 0.5469012706254008 1.132297799360666 0.15738539745531474 6.73128680326854 0.35761133751025015 0.3702887079933516
Cs Er 0.2788445535941727 2.0228727216520768 0.5344088907631549 0.7167967372512507 0.15264061605438453 0.29122838735980694
Ni Bi 0.5500977541492877 0.8496932525072024 0.20342443100105376 2.5417191418108955 0.2209265014007411 0.3269090414580895
Al P 0.6139069703525935 0.8122281904843552 0.22825023837604258 0.3179355687868278 0.14358805770167302 2.735930643366523
He Eu 0.2483428316352992 2.914583622920361 0.5161051777108874 0.8163022889602445 0.21634552784305278 0.3291067882941437
He Ir 0.1374325841602402 4.996813997409721 0.5764274520026392 1.1476990617642218 0.28715600118339807 0.357668479665015
Fe Sb 0.25213786097326724 2.0513593562023122 0.4948330426071589 0.7660288454416921 0.2223239674934163 0.32120657882230497
Ta Pt 0.5634877020833147 0.7278462493147374 0.26225593566401384 2.1054351891038543 0.14007763747924498 0.2899313681439435
Sc Ce 0.5002961184159682 0.7725097321163987 0.21902315695865543 0.31060756138367174 0.25181726816879413 2.140655255969363
B Tl 0.18299361659019628 3.3373082137821064 0.20207002892875658 0.3080633030136351 0.5988207303795197 0.9100113720746543
Br Y 0.20202096935820402 2.447125223055434 0.1749309465207642 0.298801817555794 0.6025362960909819 0.770229650783322
Ni Er 0.24628754724248428 2.217380090310987 0.5380386018885889 0.7532796712491736 0.18744996134244749 0.31249867520580715
Fe Rh 0.509625394252058 0.8086671931760249 0.24279587960199261 0.32584873687995086 0.21852754709368927 2.177412696388046
Cs Bi 0.5520110700926518 0.7687303395980492 0.16618425519420246 0.29676298012240265 0.2481522068114488 2.1694269392632664
Ni Zr 0.2133415897010098 2.2936872049931254 0.5484540412832182 0.7840344056317591 0.2140987622545033 0.31758009474056065
Sc Gd 0.25958411176819596 2.150089147622553 0.5269328739003356 0.7380286006565934 0.1835807955096557 0.29729901527977765
Sc Yb 0.23850224146222346 2.2938011526393893 0.16014186370708922 0.2898664991590381 0.5725010417244074 0.7487054124822029
Ni Xe 0.5010611744805071 0.7233579562395396 0.19388130514094593 0.31095501674605386 0.274552692635948 2.0093558339132973
Fe Au 0.21137028046745496 2.497346366485869 0.20570309086230232 0.314079411036845 0.5582929062205692 0.8213755109782365
S Mn 0.18232042282259062 2.3807535290988198 0.30251441691585906 0.3508882772129788 0.4948908166722299 0.8652597235947472
Sn Yb 0.25549319813937615 2.137281308648184 0.543044007536272 0.7499915203906465 0.16979715163024597 0.30524255791366467
N I 0.2677736380184146 2.080479669945432 0.4627520337927028 0.768494198184836 0.23433300457434392 0.3213510374127685
La Au 0.1641469314445157 0.2959009130803574 0.5432251609712272 0.7519052708055164 0.25779353531011034 2.1068482817087313
Cr Bi 0.5673680858144987 0.8578124819487323 0.21351293521660453 0.3160772936639427 0.19297281024574645 2.6229851200757426
Na Sr 0.14959001908342337 3.0935739981939765 0.28731481816850124 0.35231816532868776 0.5535492517276178 0.9121264173517326
Sn Gd 0.18349488643987288 0.30622667768745987 0.5237379972542442 0.7536056688099991 0.26049143449115875 2.084820893270676
S Ga 0.1660075988541764 0.2923624899997348 0.21242187505571927 2.3657172218850935 0.6033312683160709 0.7303843169525974
N Ag 0.1218341657304266 4.148233357322937 0.5175194176851043 1.0933251021476584 0.35915747709708634 0.36997842285822624
F Mo 0.5457533461620196 1.0058650700225675 0.3184771329234105 0.35566161846266664 0.13579703579520608 3.7116442157165843
Ar Se 0.20153555474008591 0.30779601529724426 0.17817162414845808 2.631111326851405 0.602979483748182 0.8061627968310607
Lu Pb 0.1532367221490729 0.30078049794086237 0.5521131584597411 0.7458379198029126 0.25876135041835585 2.1209238401226678
S K 0.5554856703038302 1.0255148882454448 0.09064957908288875 3.8234853174628154 0.34631282875206676 0.357825753451441
Pr Er 0.5331716221431547 0.71607519729045 0.27943983621965235 2.0195316898351936 0.15283349219166878 0.29223200452351245
F Ba 0.21114585928401483 0.3202385458443008 0.47431895055941903 0.7235424011872095 0.2818958996068489 2.0781873386974654
Ar Ca 0.5335145320919787 1.0366208727001898 0.35978022316154723 0.3630834678488652 0.09424903548572813 3.4387839199682424
Sn Ce 0.25104502186104777 2.1091621006120103 0.1965096633286836 0.309169754219075 0.5215144943553129 0.7727953550264626
Cr Xe 0.24666391743728386 2.086861789318272 0.23473901462938335 0.3221837936772809 0.4882539666645804 0.7884477360937353
Pr Bi 0.25609430910928976 2.122281808111005 0.5457258984327212 0.7568528301518047 0.1625122977571022 0.2960952677358094
Zn Br 0.5680282778161225 0.744095147806365 0.18569528301277988 0.312450208588015 0.22257447379108505 2.244062599656301
Cr Zr 0.5494635662524359 0.8856434838716611 0.26625680084208925 0.33268827794889877 0.16391840678581723 2.6704473102028214
V In 0.2008197861820964 2.300547576533408 0.2565783300688004 0.3296196476791732 0.5155476553186771 0.8445386821289433
Y Y 0.19302558064525277 2.479393843772984 0.5978026334144568 0.7923176495986942 0.18777715249641178 0.2994527063129254
F Tl 0.16957152558584676 3.0097658722822107 0.5446297115530413 0.9611263943269176 0.2631900975139737 0.3439234483049664
Cr Er 0.24592300903670225 2.232465342845971 0.5511298373911891 0.7476821242562506 0.1742206209544036 0.2979566074006933
La U 0.5407282403771303 0.783480170341318 0.17522149730773465 0.2973627065125139 0.24801627822157873 2.145711985339742
V Re 0.20977919619275354 2.4906969288713006 0.18976927155428752 0.30415741255532025 0.5739532504881034 0.8084809434741431
P Cd 0.5304721726055874 0.8850243804037368 0.1801482376157409 2.5706242979037848 0.2691343820030374 0.33975657355509986
Ag Er 0.25017226041660867 2.163113974522784 0.5483773226646395 0.7508823139456311 0.17053376565267567 0.3007952754625584
Li Rb 0.16204040230590874 5.625107472360322 0.2903726266331202 0.35227071303652063 0.5888849754095568 0.9947646365744455
Mg Nb 0.562046428359161 0.8821523229395573 0.26171734321271284 0.33628535061069775 0.1616754137964331 2.8451124578742615
Li V 0.596563938112176 0.5007242833096713 0.018094669220809365 0.1270637295705681 0.362309353103193 1.8152851750998842
Mg Cs 0.28302285417899986 2.083614741027573 0.5202900563930553 0.6898216517824823 0.1662972031414295 0.29529173625661564
Zr Re 0.15159689889783196 0.2904345645974403 0.23847176598182548 2.233655627148922 0.5793261545305252 0.7474266080985147
In Sb 0.5481514311092811 0.8514631427534178 0.19522922249860453 2.40811927059719 0.23051851388623634 0.32412200821137815
Se U 0.25472370853467685 1.9761963595849759 0.5518797067985733 0.6421679037513668 0.16503213225099733 0.25634420306514205
In Au 0.5628391001964292 0.7939475079533929 0.22410170761671674 2.3057111347129062 0.18299179920496256 0.3069165929347315
Ag Xe 0.22237603946951423 0.31943063671838473 0.2129840149213043 2.3193395297108026 0.5381287892401172 0.8282662761105879
P W 0.16646101492177337 0.296242166442343 0.22136758195500675 2.392742895453546 0.5812428507953613 0.7685915356038225
Zr In 0.5606746857814672 0.8222461355909865 0.21488567291097696 0.3153084929875118 0.19981406487671963 2.4028614712399747
Mg Tm 0.21035630159605978 2.500372780990922 0.2184034571497676 0.3331813426479185 0.5417902029378655 0.8118580084924274
Be S 10917015.875646444 79.97305244638072 0.42592575820976336 0.3951970323800614 0.5281223824003084 1.1858850845948752
P Nd 0.26293503759126685 2.1785027389617526 0.1735555006169135 0.29422061201506683 0.5344762851018627 0.7237359507048112
Ca Zn 0.19689670196651332 0.3109239417502663 0.2324947197644944 2.189220781560353 0.5491380424685092 0.7294500365817418
Se Rh 0.5663314768669655 0.7721765562410543 0.18803002045938577 0.30564425350241614 0.2202211923916042 2.266877536495482
Mg Pb 0.5252217869768107 0.901575752149816 0.1946731663121905 2.619360060027198 0.2523538000705361 0.34521236304311465
Co Y 0.5455967830573129 0.8144403060845823 0.23496820370697233 0.32671310264632086 0.19731249575886103 2.406835494889157
As Ce 0.15769989240441779 0.2926972523689764 0.2711815648206887 2.0412881037852717 0.5400042567026659 0.7079256700350689
Se Sb 0.18840351982742734 0.3111414150728527 0.24577879559734322 2.1477043889395078 0.5380325702194904 0.7545405878194361
Dy Lu 0.5418967690894025 0.7254217035293029 0.15302773133992684 0.2994945375130952 0.27046961759835647 2.0654868350390165
In U 0.5611632373861276 0.8284195895168669 0.21602284370115912 2.380575255887553 0.19407130139571618 0.3088065830220974
Ca Cr 0.28773290297980636 0.3407323819747567 0.44699610706308285 0.7869591171563808 0.23969825568455758 2.001764985235467
Se Au 0.23534994002959653 2.286086019275125 0.16968803065390256 0.30496122166346185 0.5665283376909972 0.7644793905349934
Er W 0.13293651521122143 0.28594072999150133 0.2828504513186266 1.9969819749835511 0.5466374204998453 0.700008198721353
As Yb 0.16363177508257318 0.30767843861214844 0.5562614944592135 0.7342486016524334 0.2500382098401298 2.1808243085736754
As Gd 0.5473319193703843 0.7182493501505935 0.1603099571009498 0.29831572671434414 0.2615578419433442 2.106173441699425
Ag Bi 0.18225130410416554 0.3055207046617028 0.5710624942715953 0.8065041443007784 0.21606669839865764 2.3477720003635
He B 0.046459846585428094 0.1250354779322345 0.23490422550819962 2.646699938244932 0.7424382243750297 0.6204608930124916
As Tb 0.1637544827347287 0.30244690178528844 0.5501178244781567 0.7253083202480183 0.25648770607345583 2.146327328368059
He Be 0.30811353502884475 1.8191278443948438 0.6963665426868574 0.5583249526402181 0.013313827595672068 1.7829331678090962e-14
Ag Pb 0.18067095212563763 0.3051011349381831 0.21763329042654153 2.35194885619989 0.571959218449807 0.802925676396242
Er Re 0.27587712589709457 2.0292554583585503 0.13999300342594012 0.2919763595073726 0.5468626236247284 0.7138697109163052
Se Pt 0.1739670286000494 0.3066163301270261 0.5761051049902216 0.7739979793843593 0.22696356058020825 2.3946884251123075
As Lu 0.2503307124042079 2.179871984660504 0.5584994964900338 0.7330374088120011 0.16089945715447942 0.3054529151123733
Cu Cu 0.2097272263767862 0.32389023645284903 0.5414499982138448 0.7355013907655741 0.22713505097512185 2.2343167229102674
As Pr 0.2683592143481503 2.052560410053445 0.5411587932845805 0.7104060473457324 0.15891209208234391 0.29416427780271653
Dy Yb 0.5365638333576922 0.7198969855849645 0.1524828397715615 0.2998597026090538 0.2755307515125662 2.0335321318455724
Ca Mn 0.24247630003902532 2.055187219461708 0.46628320107866167 0.7658170253710892 0.268390533043196 0.3366554032460197
Se Sn 0.2407897655349333 2.1605730534027137 0.5361446115823852 0.7636389324276781 0.19515009159402938 0.31515298066096215
Se Ru 0.18162124665700283 0.3020404264366822 0.21910052938881483 2.2716822059700608 0.5736247411499845 0.766791416611302
Ca Ga 0.5611883795285173 0.757625455471626 0.2137225064191161 2.314756637940389 0.20535349976135478 0.31201135745052627
Co Sr 0.5431010854435663 0.8135106038251444 0.2375010175766243 0.3296623635446411 0.19726372024077402 2.4056526656380517
Mg Bi 0.23844453929030957 0.3383279927704556 0.21776809851000514 2.386367042261539 0.5107915772614255 0.863563120200823
Mg Er 0.2271629297222824 2.355588791202993 0.534830719242148 0.7827753767507962 0.20639793144621113 0.3263930277407699
Zr Cd 0.21294771204859006 0.31383253629153607 0.5621678723306675 0.8190834649919574 0.20069081171608075 2.395209689238662
Be Cl 0.5058878765551633 1.2499908030665 6228767.475838466 78.5681208620221 0.45217848657016535 0.4045538634577872
P Re 0.579463418585151 0.7609137452639446 0.22890760227743526 2.3213939433679234 0.15868511163080187 0.2936571580908047
Ag Cs 0.22281869516557265 0.3195301563069023 0.5357273247553369 0.8268314880616444 0.21418161843198955 2.3101541221007893
In Pt 0.5604257018220011 0.7821767445432886 0.2304972395748771 2.2536870105564453 0.17927458406349134 0.30424885084913666
Zr W 0.5792156472646383 0.7534197812907749 0.23401276576358054 2.277960995769576 0.15804916401931293 0.29273695707690406
Mg Xe 0.16110532901535055 0.29390417530277946 0.5197627470179037 0.68084457808372 0.28874548520762566 2.060424248185976
Li Ti 0.02434403451365574 0.16455023584819337 0.569766744668041 0.49082824585664797 0.3806038000768228 1.7228320603574434
In Sn 0.21905154009599195 2.2262459487211332 0.5359666235981433 0.8132859809691037 0.2158964251145549 0.31831397037468356
Ag Tm 0.17223677283158803 0.3024190872586623 0.555708408997392 0.7604035745437 0.2421067661517181 2.2136475178630923
P In 0.5281027835870258 0.8652748472873628 0.19113734803002053 2.5066218864033343 0.25950403660358856 0.33570082917483157
Mg Zr 0.15697610761123149 3.118496654404779 0.5719848329453969 0.8927219966354548 0.2641725125496935 0.33888294287663684
Li Kr 0.2747235216849627 0.3519221173968425 0.16215585727035034 5.154039916607 0.5956967195030749 0.9671642718404252
Zr Nd 0.5492852438213296 0.7587294195518737 0.18049117985641935 0.2988943925741803 0.2423942867634576 2.21523573675295
V W 0.222567881389099 2.376688146077864 0.18568502958706104 0.30134119371250684 0.5635050451510557 0.785781907948037
F Hg 0.17625045494117675 2.8712072083236557 0.25542294936611265 0.34023477810651775 0.5429231777240573 0.9421569791743876
V Nd 0.4983735389535503 0.743812147154787 0.20411435743256776 0.308195919016651 0.2669163086768048 2.0659528493077173
Cr Tm 0.17211394931266982 0.2973117921092824 0.5599584181679276 0.7533127543682403 0.24043055610451738 2.282940138698208
Cr Nb 0.5424976885621133 0.8784662843563446 0.16955325407891642 2.5510650718922956 0.26529169892876336 0.3312500388540354
Pr Pb 0.5451184012074101 0.7540820026800317 0.25838874398304823 2.1251322017520544 0.16208885284541066 0.29672121930538675
Zn Se 0.2160847659726571 2.3001515105782393 0.5681131246877783 0.7513612539254049 0.19313045781870247 0.3180415886121193
V Cd 0.5133563127033625 0.8554542507702824 0.19459391854386882 2.310354490503472 0.26401341560944797 0.33243971196008315
Cr Cs 0.23325827950214553 0.3218363673993806 0.4752466132404099 0.7747071210966511 0.2590566722364707 2.0143428093069025
Sn Pr 0.19667420799765215 0.309945110309087 0.24891858024313052 2.139242226769009 0.524456797244569 0.7747049457486178
Ar Sc 0.10339884065707527 3.119151942200375 0.5224507786782476 1.0257688031038497 0.3586466903353356 0.36219368127976126
F La 0.17434289580970838 0.3011757332670259 0.48214829685919186 0.6714085083089937 0.30722358222056056 1.966707653856378
S Ar 0.5641261207533179 1.0013301692226446 0.33278896489091325 0.356779152145482 0.09457831140187144 3.697991304302757
Ar Br 0.6020629328150705 0.8285362315576111 0.213697622793896 0.31325610292552364 0.16770263774175662 2.7383938766832587
Lu Bi 0.2582629772430142 2.142976270626805 0.15391151589501906 0.3006391410220348 0.553631722968917 0.7489384761583775
Pr Tm 0.14817142650891835 0.29057366050399175 0.2819384950510556 1.9974119281210385 0.5340179412774817 0.7105984363527843
Na Na 0.10584756857176969 3.9309153255372036 0.44914868461488794 0.4271535526050775 0.4478392791001619 1.0044024352753784
Na Y 0.5534474414859758 0.9259896865708974 0.29091564993368996 0.3518327736903539 0.1470934672295 3.152450840873162
Cr Pb 0.21255671743429957 0.3160701954186707 0.19370069804451917 2.6662255198512095 0.5702421716244963 0.8563911902848597
N Pd 0.3689902225007275 0.37316725489593516 0.5253653264627718 1.1340929417056136 0.1229301248940958 5.136225843363732
Sn Tb 0.25766800506935755 2.104337073364236 0.5277875273986521 0.7548868432614758 0.1824317781532573 0.30750501286685344
S Zn 0.593347648714427 0.718564537181838 0.16528381278903728 0.29410904888812456 0.22189686041013776 2.287889052341533
N Te 0.26843849217656285 2.0758369611615666 0.23156267846003828 0.3205655720780923 0.465404748701771 0.7656328413967507
S Cr 0.149689017212056 2.6577861880238958 0.5049892002642018 0.9329135093325112 0.32840741892116676 0.3562230488675747
Sn Lu 0.2514828861414201 2.1626224625508947 0.5478277025708761 0.7539365057476418 0.16944013500786792 0.30438534146342694
La Pt 0.16518105000567318 0.29597824049036175 0.5452660778701949 0.7512708427659172 0.2567209530129778 2.1198441214154524
Sc Lu 0.22997745614990653 2.3579581320880023 0.5761704401446625 0.762699992616637 0.16597701050166694 0.2922603711594554
Fe Pt 0.5539546228255303 0.8031975972974604 0.21990197902430336 2.3871752976025715 0.20021465435001762 0.3112338048771967
Ni Cs 0.191665189219059 0.31061108486511524 0.4903607567453796 0.7120823967769099 0.2841808695752467 1.938340761196903
Ni Nb 0.2196928450071597 0.31963852462668707 0.20938230217224243 2.3127182457708177 0.5466779881237411 0.7922654325004399
Cs Pb 0.5586470563468934 0.7800222155412685 0.24108999788230898 2.2590379420773807 0.17113672204893002 0.30030439950036425
Sc Tb 0.17163538320624439 0.293111418521772 0.5377398604757467 0.728561862770323 0.261201882917429 2.158176938834243
Br Sr 0.21308105925110635 2.343931612268706 0.600660101157121 0.7488119971447412 0.16346579669313724 0.2936790457484863
B Hg 0.5996972166783521 0.8981230917361793 0.1966730692196984 0.3065937136401415 0.18645754355283511 3.2734657455529232
Fe Ru 0.20447871547286647 2.293533530900038 0.5213220550814756 0.8286299606355115 0.24822161161882175 0.3278708410131136
Ni Tm 0.24010492233073452 2.246064960126425 0.1892324803010597 0.3140970161068372 0.5421467677030848 0.7615810079246067
Fe Sn 0.4999978088496314 0.7795840560132852 0.22867989171726116 0.32401614912954546 0.24253703337277818 2.1130969975509557
Sc Pr 0.5034737177533646 0.7556723081204058 0.25943104251053223 2.1214582044835213 0.20816600498884202 0.3066838473229076
Ta Au 0.14219315412132352 0.2918751732170249 0.26328286170494286 2.104860524157693 0.5595979498130081 0.7313702516265503
Ta U 0.26802166146673795 2.1159090429824015 0.14166755445035442 0.2886145075892552 0.5552550714348584 0.7379755531510214
He Os 0.2810425046999501 0.35548415556486185 0.13926202051927475 4.732721509972628 0.5759591477873351 1.126235439581692
Cs Cs 0.24668664807772675 2.1043358681281674 0.19879262852573265 0.30616777728619504 0.5223771516088823 0.7824655118848983
He Sm 0.26596230441986035 2.728617391613777 0.18974837827093607 0.3133615365633679 0.5211102204143108 0.7688306682973265
Al Si 0.18763996365234265 0.30103749113857603 0.6393019517009163 0.7605182518901751 0.1583631132567286 2.5968031419878055
Ni Pb 0.548709943125145 0.8424817516786106 0.20537911981828597 2.4816436005386655 0.2181863517595116 0.32554754244542344
Si Br 0.1890568152578039 2.6572718235107495 0.6287736932381589 0.7637163124263535 0.1687623663120616 0.29464682306481477
Te Nd 0.19150779029059883 0.3065575546259567 0.256739450915369 2.076803174892556 0.5191125368603002 0.7645885020226786
Cs Tm 0.14888766302382367 0.28992505820461606 0.5400158309180093 0.7158900055532816 0.2771107123008445 2.034550395823586
Al Ni 0.2054739661233579 2.4475736905016086 0.2073554272325923 0.3230634503259315 0.5713326701298487 0.7410322454193137
B La 0.23326928690516838 0.32360598521534 0.4081138233723355 0.7209388416043666 0.3195292296760074 1.9645808179849678
Te W 0.255815354201329 2.1409756637609987 0.16289246912365213 0.29733973616485176 0.5492378430534682 0.7465492666971375
Si Sc 0.33518808021677704 0.35605975095666526 0.5335271856813674 0.9769245369887047 0.11680317429001537 3.0328770589737224
Sr Ru 0.5783701048370772 0.8198724563751533 0.20940185948158382 0.3122124889505656 0.18991959475618614 2.4908712251263974
Kr Tm 0.2588567728051271 2.117433079056179 0.5669043623041476 0.7133209735243581 0.14220403786987443 0.29047193990474157
Ga Nd 0.2772669119216591 2.0250982942076226 0.16265732426459872 0.2971886871982045 0.5288227529626577 0.6993203284942568
Ga W 0.18367307000424699 0.311767229910985 0.22921941771305743 2.3504911461707505 0.5611864911034091 0.7706690979452422
Sr Sn 0.5476476953101652 0.7895238536276529 0.2026799089460083 0.3132376203173718 0.22265041056090734 2.2543993719263202
Gd Re 0.27623577925475434 2.022481323768573 0.14248438861197738 0.2890498260158676 0.5439161842250546 0.7152177990400521
Sr Pt 0.1765366982304879 0.3047276725354165 0.5781998324753039 0.78259427527111 0.2199119144199355 2.380585765858084
Kr Cs 0.17106322504406732 0.29739831342738043 0.25658303050376763 2.1094269067736193 0.5429387261254863 0.735507132232172
Ne U 0.504690335111333 0.6557345788162867 0.17557456822084505 0.2710089293105893 0.28282539255882283 1.9241751740424404
Mn Cu 0.24198551068265597 2.1146627012020347 0.5324238609965625 0.7161379677539306 0.2014639048285817 0.3135982994647799
Eu Er 0.15435286731683 0.2964186035870177 0.5320416018732679 0.7172836842127055 0.2787312062629329 2.0229437183839822
Ga Cd 0.522103974675124 0.7482137120062936 0.24697425189338373 2.0841015891150807 0.20072872229856747 0.31531231748579786
Kr Nb 0.5901622541224082 0.7727389847985356 0.17877126262491802 0.2993170579037995 0.20624395965735218 2.3396783702643336
Ti Se 0.22747852753073636 0.31925972038021033 0.18054657461659424 2.6162134217280753 0.575588300193266 0.8265415296879918
K In 0.5338569871806471 0.8808303562740241 0.26575028091659836 0.33301083870456005 0.17861321468509841 2.5401078057941677
Cl Gd 0.25565015321631374 2.2161691781731943 0.1686782648145373 0.2915685684668314 0.546831737078654 0.731167109068327
C Mg 0.6110571022258626 0.8989630379845962 0.10905004811953035 3.7393594200977156 0.2794556548495257 0.3344989510953397
Eu Bi 0.54184323420308 0.7546129718940484 0.25891527606680775 2.110631064984024 0.16334821419377205 0.30006131289324367
Mo Pr 0.23865764851401208 2.2121092106965503 0.19127035539713796 0.3030062690482955 0.541940561262768 0.773300374195048
Ne Au 0.2514481928955636 0.33998144377151546 0.5376093339973836 0.9112867980880458 0.1844005387140351 2.739184575960453
Cl Yb 0.5944567822936929 0.7358476568533999 0.14070125047797957 0.27885675525262177 0.23776021724205346 2.3661935273393913
Rh Sn 0.19786647179529096 2.4266249004940756 0.5584916417724971 0.8354678932005732 0.2192240258139517 0.3172253799091194
K Re 0.20168144901948004 2.585665837066511 0.5862028456521122 0.812897453169756 0.1861173249686278 0.3038343123177423
Cl Ce 0.19250164432466788 0.30125927306010164 0.5118933535224144 0.7369519770483294 0.2664962964461673 2.1199824950407073
Rh Pt 0.5727108929994909 0.7812103786064942 0.1739903663155442 0.2995291507151601 0.22515659788203676 2.303015673367562
Mo Lu 0.14136065166132253 0.2828328479934916 0.249505656778747 2.1803527289615774 0.5784270299477422 0.7276586632279203
Ne Sb 0.23853892349587028 0.33844226053262244 0.2599118088304107 2.1773973615831967 0.4739213661945405 0.76468167134998
H Co 0.08875337108096508 0.2240264277954384 0.2357110281106445 3.2764749348787245 0.6776021198025065 0.6710329166957739
Ne Rh 0.5260701488295879 0.9157764112772554 0.28898880817211353 0.34749556184489655 0.17148616773468908 2.8707607601653464
H As 0.615949578528204 1.140403483842573 0.2907105658701016 0.3554999085115736 0.21124788379943824 8.98689125718067
Mo Tb 0.15326252149796582 0.28730361922055053 0.5549238323656422 0.7227082892762521 0.2606099618405716 2.1096595970661864
O Cl 0.34100768983325486 1.648941068267241 0.19909532512441686 0.31824900972805065 0.43223929557382207 0.6099246012533331
Kr Pb 0.17295536798758918 0.3061241636344605 0.5698243748943478 0.7813535456144641 0.2281982752257639 2.3241776991087626
H Mn 0.6976735444831847 0.5722952856603462 0.2753894565307438 2.797197888569638 0.02119536094483346 0.077801112627951
Ne I 0.49100431593530125 0.7262401242105282 0.2726502860389034 2.1214251537985005 0.20644881261530312 0.32294004975578566
Mo Ta 0.23843870913656104 2.2435543494359336 0.5827453240568935 0.7453158225384904 0.1489706861943251 0.2870113030332851
K Ir 0.19318492044070057 2.6957598894635417 0.5854270924024398 0.8351081733626999 0.19756314952077908 0.31027784693288324
C Sr 0.5760413362289675 0.9915946300049521 0.1437564262895089 4.411935378187713 0.2972710524943042 0.3431928272212696
Kr Hg 0.5699273721475793 0.7707462281313899 0.16791999588108866 0.30427361095132627 0.23280263284429886 2.2906434728175133
K Eu 0.5370052427151026 0.7393393574705578 0.18077636477942802 0.29658370750728374 0.2544981297796168 2.219769488069894
O P 0.06746027044849422 3.7255011089927117 0.41792751645754 0.3929548679338875 0.4999986679020776 1.1241054381827598
Mo Ho 0.564395010178077 0.7241011807387765 0.25740028434430484 2.1515008228912067 0.1481694279396456 0.2858895641033289
H Ga 0.6250132534457791 1.001153800124341 0.2564763077882176 0.33593901497481743 0.16669393031642332 6.3525493421097705
Ne Ag 0.4930925954316605 0.7909627139416611 0.2381947392946826 2.2725393987718556 0.24478437385586177 0.3338522743859087
Eu Tl 0.16442741161252566 0.3014933406806782 0.5436164254243366 0.7550246183804357 0.25696812306568734 2.1269700617245952
H K 0.6104685781377976 0.4890868081639209 0.004598955168155083 2.2815299106230753e-19 0.36116812502954737 1.9472574649056735
C Ne 0.1672924526001338 0.27705588877863974 0.6758103982595253 0.7490195999750056 0.1559894783560574 2.954170462812916
Cl Dy 0.1596005559371458 0.28861934895206626 0.5701149302493256 0.738280582628829 0.24303578551005237 2.3233798659705713
Rh Pd 0.22735509661969075 0.31917261606421776 0.18721700454101142 2.4267785421318524 0.5592828611843821 0.8464949129265551
Rh Te 0.22120920026352883 2.228448327619409 0.21196594451097184 0.31408504333984655 0.5380975326958851 0.8075944979502668
Cl Hf 0.23195985947190104 2.3586918426955186 0.5941568260687558 0.7474115711065427 0.14463463263391133 0.28098071148296955
O Cu 0.2299151366422765 0.3271987129828933 0.5487071665976301 0.7603924595068161 0.20698736049629604 2.4489336010094913
Kr La 0.2520705473128621 2.132892173156546 0.5452968400007265 0.741452603719881 0.1729691999455797 0.29655884418874295
Gd Ir 0.1442351637673568 0.28997213192684484 0.2771536605355844 2.0247086263826617 0.5417547722355341 0.7182392392988356
Ti Ti 0.4613457481300425 0.8829384159929174 0.3272832103091508 0.34994064898253885 0.18888488273240653 2.228368984435442
Ti Kr 0.5712126344528817 0.8657297282386511 0.16431216678811056 2.733628920170226 0.247353148041899 0.327119039424242
Ga Sm 0.5309900885491374 0.7082532920073782 0.27057846831087956 2.0522439898522737 0.16690069896511966 0.3010007416738456
Sr Pd 0.19640487904355086 2.43181148361483 0.5647409921427738 0.8207477058915611 0.21552031842104247 0.3170666378577265
Sr Te 0.17857766298253158 0.2988080927513403 0.25136788727841086 2.0995631973952262 0.5401422892959568 0.7450617319162277
Ga Os 0.18626311486125136 0.31432043426943157 0.5545267221313983 0.7784004486065546 0.23086219799093277 2.3089570335199947
He Cd 0.05137555208415301 0.20727887830628508 0.3900728810975409 1.9077687003100587 0.5220906579297737 0.5383746419495642
Te Sm 0.2554349528347542 2.1034951910981983 0.18922796064861003 0.30719523317589914 0.5235351315866101 0.7637848195530579
Si Rb 0.6127204227866557 0.8135837145091341 0.16947176343557757 2.8430488634484075 0.20538855304261744 0.30996732696029566
B Nb 0.5553786197617996 1.0916866091495907 0.14083473835569676 5.821699533490194 0.3412835784756968 0.36267236705331934
Si V 0.1594954965010207 2.575263297968703 0.5124311752088375 0.8963155343849719 0.31078029422482023 0.3516088066254689
Te Os 0.5521242530947992 0.7647556655901188 0.16873038300469523 0.3021056061109522 0.24679312622843141 2.1750803857081413
B Cs 0.22815468260781233 0.3226592687291175 0.4202336635867046 0.7273419804183131 0.31309057004850027 1.9655199587099978
Cs La 0.5217383000219218 0.7902196596032247 0.24330484820614665 2.1165200527157304 0.20252194695519163 0.3059837015334699
He W 0.25839695049305766 0.3439163024718046 0.15863779884752566 4.21304845141227 0.5760131763203532 1.0360318695058663
B Tm 0.24648102748087625 2.4800663676304997 0.11980703803148048 0.2541645947691609 0.6028304385660308 0.7369914229252014
Ni Hg 0.20721426296805914 0.31996482666813536 0.21467736638267032 2.412062079894623 0.5497389308019287 0.8211203544016233
Al S 0.1393711879905725 2.72657474388128 0.25524101471266636 0.3286561373874459 0.590278259514737 0.845746415846543
He Nd 0.290450798762193 2.552820989853414 0.5235450786033498 0.7129670486091206 0.16042923071648796 0.2963071031341533
Ge As 0.5742077672766764 0.7078500215465756 0.1610779280639591 0.3037849834220918 0.23864651625844535 2.1351562620812454
Fe Pd 0.2627993996683222 0.334579869233473 0.19138489349521423 2.3915086338715645 0.5202065962413439 0.855818843334988
B Pb 0.2038793127873436 0.30804309827180576 0.5993702204427813 0.918100634722907 0.18043025172520716 3.3618077038556837
Pb Pb 0.15519311452375006 0.2997488706291029 0.5675720968838683 0.7694614745296418 0.2446460880782052 2.2218971038147277
Fe Te 0.2551543857970107 2.03605736184613 0.22264275576912412 0.32129165011874056 0.4907395307969093 0.7632602915147765
Ni La 0.29702945486699 1.9185798763052 0.17391920900311886 0.3006255752020612 0.4957260642553337 0.687871975936321
Sc Ta 0.17884358766925187 0.2990895043524291 0.5777469990819774 0.7896046306787806 0.2170356821115626 2.4544804699416836
Sc Ho 0.24058774875517472 2.2971602738483874 0.5562972246477678 0.7541387065413107 0.17511733408412575 0.29666080679980517
Cs Hg 0.5530512963537906 0.7751289989255856 0.2430140901130448 2.2091668164335565 0.1717470506961295 0.30248411237850964
F Tm 0.21073162689314331 2.40004981589185 0.22879598452679664 0.33191531345951664 0.52520740036438 0.8361450581386738
S Ge 0.611538959477053 0.7371405979710846 0.16361356127595122 0.28873253762437595 0.20593609347899047 2.4032197563575775
Sn Ho 0.17344636077206552 0.3050177215628822 0.26043597448001826 2.113686883632545 0.5343593691184464 0.7469498590889642
N Ru 0.5340656746459854 1.1350325175045288 0.3655233090232281 0.3703849960493986 0.13054050542639636 5.56569742863459
Cr Hg 0.5649800947159989 0.8329086688287972 0.20437574059649175 2.5255419020441243 0.20380092048760612 0.31272525463888856
Sn Ta 0.1691739887287164 0.3033114690523596 0.24668430881524128 2.1884699589518095 0.5530016714150081 0.7604307179047275
S Fe 0.2815754790858439 0.3439868723624458 0.18942991538625434 2.4409209406357317 0.5123941542012469 0.8378362170674494
N Sn 0.2507560034465291 0.3292777277046069 0.23239233754503075 2.27205373585908 0.4869009155932589 0.819242217413697
F Cs 0.4747675383749486 0.71209690012115 0.20381993686250172 0.3168379140444372 0.28805769262898756 2.043174808006169
Ar V 0.35668771059923793 0.36408367974778855 0.1268861876471496 2.814627255502451 0.5000230206187111 0.9962019712730211
N Pt 0.2299095839955196 0.3220175916144875 0.18957125254511764 2.885697644916145 0.5593636715651081 0.8993330347941385
Na Al 0.13738518568130006 2.884182195504091 0.2641146888543469 0.35210150355590103 0.5874531340780622 0.8123335236917439
F Nb 0.5454679545756088 0.9903702711239643 0.1390371597567752 3.610882932922803 0.3150124111061548 0.3560632970379539
Lu Tl 0.25924758480097465 2.1446025984679715 0.5548641189214496 0.7452091245503903 0.15248456090548052 0.30049153773590015
Ar Rb 0.2414940061637899 0.32420233883014077 0.5904934954239248 0.8676035513000326 0.15488326174498207 2.9463071988301794
Zn Kr 0.21444895588374766 2.311748125476589 0.5702007531416527 0.7603718738204708 0.19276763255887155 0.31420430926006926
Pr Hg 0.16029437317907602 0.29723830724222444 0.5430081766203207 0.7477214127636649 0.26136456435999855 2.1007160663826654
Cr La 0.23815003973779478 2.161597919368692 0.48702258883889715 0.8072716549058783 0.24571637446344607 0.3249346865821688
Os Ir 0.2633073338659982 2.1236242291573597 0.5656604133019179 0.7315887496660376 0.13742341979681544 0.28878029194540294
V Os 0.5765997861727631 0.821702043783462 0.2048993083331718 2.5798865427533446 0.19484170832858175 0.3068597150592992
V Sm 0.2666069843054567 2.0872180344353417 0.19223644432850087 0.3037190345667124 0.5108407136507537 0.7355537250382187
F Pb 0.5421387925605506 0.9670969220784044 0.1692163942647864 2.998125803125857 0.2654592447547896 0.34496870797468665
In Te 0.21729786329563439 2.231783184017615 0.5344436853764393 0.8186775461887229 0.2185612415963242 0.3187026615491442
Be Cu 0.654809388216078 0.6711815349279762 0.23367853208889616 2.5564611700818927 0.10121194040192578 0.24333840319746322
Li Ca 0.45879107749934267 1.4550104054658022 0.5062963021940334 0.42860407837597936 0.0029278098894349822 0.0652847953116832
Mg Ba 0.5229256634525582 0.6928118534176655 0.16678076152420762 0.29428331430164106 0.28066789908041717 2.1070931329462996
Zr Os 0.22941130424382336 2.289298188911493 0.5817639640880617 0.7625950109076428 0.15879750018020028 0.29481697525656203
Zr Sm 0.2522246848469262 2.160396947411674 0.5495341357800542 0.7404703584083066 0.16905777491991655 0.29476511641487313
Li Se 0.2336490141487583 0.33540546315442393 0.17128682037306342 4.5557807080666555 0.6192082456106082 0.8892245866272515
Mg Mo 0.25742334617920926 0.33449305883885183 0.559485214879806 0.873885712297418 0.1713270282968791 2.839936847577383
Be P 0.38978562897119723 0.38162496293911874 6432.523338080975 52.29750012774355 0.5599525986346011 1.1161723291195742
P Eu 0.15927307043670152 0.2883049468287431 0.5560616719032561 0.7201165117806004 0.25554927388766907 2.2356941690001193
Ag La 0.5245669847232939 0.8037129768526351 0.2307830780661756 2.2013547020393025 0.21486597332323057 0.31500452391365896
P Ir 0.21529924681231705 2.420499036923181 0.576109733052591 0.7919284493066916 0.17693684597868176 0.30445777868781443
Se Te 0.17213756107978076 0.30184327426901736 0.5344190309851446 0.7265245577444747 0.26256248453127795 2.0471582020467567
Ca Co 0.2156232357455839 0.3194254943930166 0.49693195499139575 0.7061965922619957 0.2624009761019935 1.9890477174634336
Dy Hf 0.5438935655539262 0.7212762540462655 0.2738783057793277 2.060841094514258 0.14838346873889013 0.29717838222075416
Mg Tl 0.21443710543045372 2.380612246490358 0.23845510104940534 0.3396427475421604 0.5133151785217285 0.8607093857742265
Dy Dy 0.28538481209124517 1.9813119684361757 0.1502746541421221 0.2951851645672095 0.5277729859457275 0.7080102293250335
Ca As 0.5823379772375388 0.8171839473579949 0.1797862878159487 2.5848578362048453 0.2202546705609867 0.3173557002784494
Se Pd 0.5577689989947433 0.7751265455375764 0.22277084194012808 2.2453966193667765 0.1933603818147367 0.3097249442831963
Ag Hg 0.5695833211442114 0.7925955325949954 0.17705726103655728 0.30393875671225723 0.22302988046747535 2.314310810252295
He C 0.7292402087960994 0.6566967856344332 0.20458526550489312 3.3869379016846892 0.09602267256950504 0.21737416795053896
As Ho 0.5524350203740457 0.7275513725232376 0.25555819905266935 2.167136086432313 0.1626548933678269 0.3042885119837522
As Ta 0.15848821112920625 0.3024207977149476 0.24710422181594757 2.2070209316087457 0.5645299878753729 0.7374653412716587
Er Ir 0.5503655110950002 0.7233221939281221 0.14318477133444427 0.29291644111000115 0.2715927386142533 2.070454372187645
As Hf 0.1600657159434222 0.3048530648369841 0.2489912175699489 2.1998917506503664 0.5615326308782325 0.736706552647923
Er Os 0.2760158887191665 2.028426088336823 0.13861757566646998 0.29064564383257196 0.5479068268374041 0.7141999085345416
He N 0.6705150905424132 0.7201286836793253 0.1878893697022988 4.733913259623506 0.19106180277490467 0.31265760036919593
Ag Tl 0.22042330641457558 2.33277633361085 0.5706354172994174 0.7972537026308207 0.17893938098168355 0.30441350244088644
As Dy 0.1625951681177592 0.3030442476295363 0.2570085534728642 2.1399003140916517 0.55024068735279 0.7245368190903873
Mg Hg 0.5247037478667088 0.8818962376452182 0.24460535068298445 0.34284763884912456 0.19881794517521628 2.512210140159541
Se Ag 0.5579198315298995 0.8064623422228295 0.20576163639094094 2.3717097349222507 0.21195615322337727 0.31940084427170334
Dy Ho 0.531085128171831 0.7151270744171342 0.2793341568345531 2.0055331859832695 0.15256985914145874 0.29749696809191056
Ca Ge 0.20161219377571785 2.3976223261272622 0.5692972028477391 0.7773676946923609 0.20973094220502425 0.31170237848872173
Ca Fe 0.23494665909554888 0.3256418385015098 0.26516596739464166 1.9542243226061502 0.4741244351167916 0.7160418762670541
Dy Ta 0.5459045187643682 0.7181797551972698 0.14528321369437833 0.2942397192432264 0.27461879799422917 2.059065437753613
Se I 0.16397813182624463 0.29628199961349083 0.2660069720506686 2.051900074976899 0.5396108051517438 0.7177061682747694
P Os 0.23260553511475401 2.2730440810247177 0.5730905036915793 0.759565126552882 0.1592378634045766 0.2945712998688379
Ag Ba 0.23648507556530773 2.1635349669057735 0.5221399939201539 0.7953666958323612 0.21143679938386348 0.3142760991432793
P Sm 0.5466860952487118 0.7258958971988452 0.16811310753791242 0.2932496570198872 0.256211472436854 2.227009068279401
Be Si 0.5996194080788855 1.035328473162893 0.18573079411049476 12.092336823960474 0.34217835143299735 0.3642842206164078
Li Br 0.25371071364035813 0.34307657926296015 0.1642813195166892 4.743756573757176 0.6072303825891161 0.9259259101639025
Zr Eu 0.16038212241878744 0.2907909204302465 0.5499711569238952 0.7272966592321831 0.2588602625622668 2.115758810850772
Be Ni 0.0906204883111595 0.2372560759629531 0.2561598197247497 2.359041453109473 0.6400982548896235 0.639227032084356
In I 0.22341127696992621 2.219532103164236 0.21270826344246496 0.31558687815494735 0.5344902833895001 0.8079016919445041
Zr Ir 0.22303558579301422 2.378024892311698 0.16574091137164312 0.2984652047933078 0.5847235038370293 0.7762628333090899
Mg La 0.16864637785347653 0.29346070043576794 0.27709768453261047 2.1229961573014413 0.5240400472128496 0.6976350614896836
Li Sc 0.020818879327248567 0.174558116134941 0.5379333370664733 0.4669665653072281 0.4128444365922581 1.5955236914656794
F Bi 0.5449913164312691 0.9867189971647738 0.16375138057197322 3.159098912465152 0.2715740278291226 0.34750412035108524
V Eu 0.18419356402996578 0.3003691351044465 0.2693868078976265 2.09429680087628 0.5167330286676382 0.7272847813212133
V Ir 0.20113917987811075 2.615514106844301 0.5760510602121399 0.8301083770544087 0.19955600348047767 0.30906655287200185
Os Os 0.26499903976098926 2.07871357067877 0.5613336868724396 0.726784868869816 0.1364218980881728 0.28907932952420745
Cr Ba 0.2359394063137941 0.32258654361695194 0.4776458671757644 0.7805318872771254 0.25576137307237395 2.0570617783396488
N U 0.2815128084850578 0.3416621173973503 0.1527043814208648 3.8133640101094826 0.5569361056302644 1.0579734037746886
Cr Mo 0.5463519706212372 0.918405341275141 0.15307704006212852 2.814498266145735 0.28234366953833007 0.33866671491026057
Hg U 0.14692866440909344 0.29140425889640503 0.5597246128002294 0.7559813042191961 0.2567023340476678 2.1402206013538976
Zn Rb 0.1881045286558915 0.31153129460371076 0.5609699711077698 0.7437573551851502 0.22452503530243298 2.195259957723212
Pr Tl 0.2598652216680859 2.1253272049681695 0.161701807773868 0.2969854436756998 0.5448540302373136 0.7518117455119369
Na Mg 0.11733127899146648 3.438498202910866 0.5033188234741852 0.9146780994699288 0.3761736669228139 0.4033426484085927
Lu Hg 0.25939136794251283 2.150606609575758 0.5565890447342493 0.7435282829442805 0.1510369135543205 0.30009957497126527
Ar Kr 0.6017366833498745 0.8526580496787568 0.15863063099693311 2.9152537767941493 0.22633831521934183 0.31912905981942163
F Zr 0.13752597613493922 3.816200971381637 0.3165794840834717 0.35819829237072903 0.550094781422646 0.9978759619152227
N Au 0.5570551038994128 0.9005733801567637 0.18935429176537386 2.839551251832449 0.22787481261173526 0.32147276180417933
Ar Ti 0.5196790197387734 1.0481796437042863 0.10109148609761502 3.4042825268518113 0.3685402933485698 0.36664186722688913
F Xe 0.47949601461017494 0.7363057710552992 0.27403680824780996 2.107937973403213 0.21476898057856622 0.32052000382550905
N Sb 0.4788589525481297 0.8004787209066302 0.24492558573255208 2.178641118058453 0.24334809857013343 0.32564666322228164
Sn Hf 0.5481138004227714 0.7536655544900116 0.1672237804753803 0.30335030819591946 0.2519660485522597 2.139913168897904
S Co 0.2176144133835273 0.31935101147240624 0.5332802386016638 0.7457962006328477 0.22686459326234262 2.176586959268932
N Rh 0.3742855868694892 0.3738573892105756 0.5277589602074034 1.153270356903022 0.12745070891058913 5.713630048860614
S As 0.15883870697699076 0.2856917895484094 0.6279062158504669 0.7498357868413021 0.19723819755269825 2.5321737572837177
Sn Dy 0.5326060347260814 0.7598494318250121 0.2537021771184537 2.1402125942115497 0.18274601607779653 0.3085799158937521
F Er 0.21855563964237756 2.3961533368722026 0.5225429948870246 0.8231909094683093 0.22590714379891302 0.32977067761047285
Cr Tl 0.5667584804343554 0.846398702582514 0.19689600399958945 2.580860180874017 0.2097665061469174 0.3150656442471929
Sc Dy 0.1753537067587919 0.29575637907595576 0.24876960544865373 2.2724809593520274 0.5500488613809034 0.7460539485851327
Ni Mo 0.22771052652142657 2.180442849843769 0.20780571270825607 0.3138403234341224 0.5377043985582662 0.7674209930554061
Cs Tl 0.16750217973354 0.29897233316631366 0.24723588686415468 2.1789459172556698 0.5520611436854573 0.7677379123013187
Ni Ba 0.49573236155472983 0.7129444743008027 0.19043716359743698 0.30991637182569254 0.28271704552749494 1.9798174946226217
Sc Hf 0.17497735398901182 0.2977430746830782 0.5828541843191024 0.7865112747689158 0.21709025611386518 2.485107598157935
Fe I 0.2144200589117626 0.31744706982265547 0.2666498332420423 1.9839335532060995 0.4860551934358153 0.7457761286138842
Pb Bi 0.5587628862117322 0.7497963944979318 0.2574629003260967 2.108325771262515 0.14617104120081367 0.2939895244319523
Fe Ag 0.5078679629517764 0.8275824883066486 0.21149689472020275 2.2644789010527258 0.25413993204317814 0.33168995524109224
Ge Ge 0.22134710635330207 2.270046876031711 0.18697965500530178 0.31672585780491475 0.5688975249358614 0.7347799892536867
B Bi 0.5988076066461672 0.9378464988617631 0.17549783988526382 3.514378075197331 0.21215505423125314 0.3113762174896685
B Er 0.25360938891678014 2.4175331414587307 0.12456156616695879 0.2585617331263478 0.5898060275454664 0.7299718775996592
Al Cl 0.2816325847388096 0.3397104068972965 0.5664091922401687 0.8789318043699207 0.1363547127645634 2.7284631043254963
Ni Tl 0.214027217054047 0.3231496026915747 0.20872206370406043 2.4717433576674233 0.5501508373537953 0.8341939694330153
He Re 0.14490629394776433 4.795421688305324 0.5791157793459708 1.1065585557563808 0.275867273039754 0.3533908436642255
Cs Ba 0.23946567533924798 2.1335430969269624 0.2041533695837568 0.3074175805600139 0.5244351354416741 0.7949756714983666
B Xe 0.4345723363839989 0.7384645048299368 0.22508438101978914 0.32052235181487554 0.30201241699474 1.9919381184767064
Si Ti 0.5183722414519143 0.930869035905989 0.32300764220924155 0.35408246105331254 0.1422880762980988 2.71247717100786
Te Ir 0.17039400171605978 0.3021816592051174 0.5552568163188549 0.7701240310068259 0.242704492444547 2.2064039605649812
He In 0.05616315703524537 0.21637099192372786 0.38491198015435724 1.960740319261805 0.5250095142742659 0.5470801630507041
B Zr 0.5701976765358108 1.0461725845754037 0.3175819430766864 0.35280575648194085 0.147176789793723 5.461215111094109
Te Eu 0.2667706888841852 2.043188333099752 0.179162205731699 0.30282479970065607 0.5203417939208237 0.7445501032458517
Si Kr 0.18156171868911336 2.7213474314670223 0.6209892961711374 0.7858422591493349 0.18422057763562816 0.3029505899838786
Sr I 0.18338562734643965 0.3002967809923871 0.5483843484322315 0.7587537593097679 0.2413378250333832 2.196563951845573
Ga Ir 0.22707372693620212 2.343457922356925 0.18942841747527658 0.3153392647491057 0.5559523307190644 0.7855665742472168
Ga Eu 0.5320809614912951 0.7157397896703882 0.265547876438143 2.078826196276785 0.17118047293155866 0.30425435575600157
Sr Ag 0.214960516941166 0.3173759833612976 0.5553551100852889 0.8126117497298568 0.20418033926628654 2.3440950360754713
U U 0.2614246010782475 2.067444773613083 0.54885662165619 0.7610777274634954 0.149325368177421 0.28840197007571095
Kr Mo 0.18521472714293982 0.30253850605828886 0.5884482381200451 0.7840606470413326 0.20257668102560042 2.385050346895682
Ti Rb 0.17592477134351045 2.532071738606061 0.5544763441065985 0.8509679944362373 0.2489062524585366 0.3255097640804126
Gd Os 0.15089984287569988 0.29397054931002103 0.2665944156226815 2.1202986187607538 0.5506442138304148 0.7340554686193381
Ti V 0.3114493704881833 0.3466863498465253 0.4497564775952981 0.8351781050363664 0.21553358303482748 2.1154762451714646
Kr Ba 0.25661890038192564 2.1220869014776236 0.5438450673743108 0.7363487151779085 0.17102494098217497 0.29668727147578366
O Ni 0.23014555487544663 2.2691862761418404 0.5449794434639585 0.7166328882846027 0.20804057861283898 0.3167008603684151
Cl Ta 0.2180302939161966 2.4716796879051204 0.15908540175260627 0.289270991664112 0.5951928982992623 0.7714544065875177
Rh I 0.544750385007493 0.8259128277608239 0.2093477214360892 2.333607437035293 0.21914480415322632 0.31678318904557545
H Ar 0.4004739686905771 1.8264310439161562 0.5710618642792624 0.46764962546552663 0.0031545578941736536 1.3673777368684432e-18
Eu Hg 0.5438167544735031 0.7521784081413904 0.1633517942910483 0.301822831530551 0.2596391149208633 2.135863332075132
Rh Ag 0.1847557608839124 2.5106033268645915 0.2316600954176495 0.3214252486896248 0.5604907682452901 0.8549335229776197
Cl Ho 0.5712286949924662 0.715944972095279 0.2547266875754679 2.2152378552212095 0.14260393482719028 0.2792295061041914
C Na 0.2052104341068057 0.29947053779894933 0.6475246147824224 0.7838026893198313 0.14447552886880816 3.059481946462712
O Si 0.5112205209760782 1.085959222886533 0.4044171431876306 0.39094041873885965 0.07698030299929344 4.037502118899135
K Sm 0.1881769066404155 0.3003349143844597 0.2543330885082557 2.1896438461702163 0.5285387317787413 0.7442784504189424
Kr Tl 0.5694289082427246 0.7712764913195863 0.23312271640125568 2.294937025889986 0.16817082764375538 0.3037555531917081
C Y 0.5712735338135368 1.012945000744888 0.3064261849336124 0.3453237717821894 0.13988593450359857 4.532015895988847
Ne Pd 0.20195318001632917 2.5324702786530056 0.5063639874835024 0.8608342094295076 0.2727745301621236 0.3435715316720098
H Zn 0.16570467538864567 5.33689336432542 0.6119913179554658 0.9535942064415378 0.251784298733141 0.33404527857299116
Mo Dy 0.1529233344216198 0.2878125107823547 0.5591668617112265 0.7263050993818394 0.2567889575047582 2.132235226493018
Mo Hf 0.5786416377143406 0.7292597906727045 0.14057582240697086 0.28267463062594483 0.24917950594925264 2.167118977899041
Ne Te 0.4775587597750181 0.7421627318469367 0.26947905152296997 2.134946932765774 0.22402960712827213 0.3325722954698688
H Cr 0.2896268145894062 2.664769944498633 0.010120033989417666 1.9855130977835007e-12 0.6928920616885282 0.54663915919104
K Os 0.18909344830009725 0.305947857162954 0.19986120157163642 2.5899589602497595 0.5844064970147849 0.818891516010247
Ir U 0.55173441745075 0.7324187304587861 0.27178695615755377 2.0513728465087007 0.13723762632495387 0.28488090333452565
Ce Lu 0.27562005464935263 2.046106139727934 0.14678041358762733 0.28889875895876976 0.5434122621997433 0.7170000450639092
Sb Cs 0.5275291627037368 0.7925821139311956 0.20402197154439275 0.31157897173802174 0.23747339447385876 2.1475387033830753
C Os 0.585814013126553 0.868305871099964 0.19337652453146595 0.3022812323948192 0.19303100999961872 2.837149790434012
C Sm 0.5057604532432638 0.6965487323845263 0.1629704668119715 0.2866854136054544 0.294549178228864 2.084437608154503
K Y 0.587150900468192 0.888369899439132 0.2513822176114927 0.32239591932335804 0.1485107454818987 2.9999800088764372
Ce Tb 0.5230788322250522 0.7143015392861165 0.28435197378979654 1.987722703561095 0.15774103481551052 0.2918211283810119
Ne Br 0.31260676625006883 0.36925786303302216 0.14028042798236193 3.4898379912365356 0.5467989497242827 0.9558447860688081
Au Bi 0.25690563186644627 2.125319096122397 0.14494837477280834 0.291929250581004 0.5620969219721783 0.7462107276963079
Ba Nd 0.5146362774835523 0.7399432903882018 0.27354630271899516 2.0071733930006026 0.1777696583071529 0.29733762692353405
Sb Tm 0.26285509644684923 2.091146961060537 0.16608882552910864 0.30231237352524787 0.5381684848017518 0.7399529696218483
O Ho 0.19965924990502906 0.31200708503120045 0.5294752382609913 0.7871366083842962 0.23595229638513826 2.3149710388874207
Cl Ni 0.20361455679793963 0.3127348176129371 0.2323410732607817 2.1982479997742623 0.5443986558834071 0.7350793905191944
O Ta 0.19403892993105598 2.6625448926841893 0.5612984172601613 0.8664910866114239 0.21529503400251584 0.3179278622622866
Ce Pr 0.1785615203895387 0.2980172106943777 0.5140149016023883 0.7398999430451617 0.27362034136327196 2.012856093758937
Ba W 0.5450855529700236 0.7320116304251989 0.15459734901194003 0.29069219861026413 0.26634870852975373 2.0800688763089172
Ne Sc 0.06770889698200894 0.21853098219969175 0.6107869959354416 0.5761750738963322 0.298133042666583 1.875702350749099
H La 0.36605813493075084 2.3173543988124714 0.5340142577943321 0.583806377463184 0.07097353201331462 0.2230246228328385
Mn Lu 0.17963256139517836 0.30352124377099415 0.5567256934872672 0.7659738762150079 0.23531120542095424 2.292119214808146
Ti Pt 0.19997752830954074 2.5775964845606825 0.569881699609165 0.8325990269103034 0.20682870670271433 0.3115060224190223
Sb Pb 0.22927193848249136 2.2653829048664202 0.18010943261726317 0.3071543093531445 0.5587413216248783 0.7947717846464221
Mn Tb 0.26304822375473846 2.108750664722479 0.181207340418242 0.3028838027079291 0.5248804884890755 0.7302590240352363
H Hg 0.15636834800753638 6.6879132237132515 0.26522874823538717 0.34577614533647216 0.6139613579511425 1.2247627173438609
Ga Sr 0.5745787786247937 0.777351150584735 0.20112420858904775 0.31666026656667073 0.20324952878079539 2.4158918214041516
Ti Ru 0.15499767863920166 2.6299197589997596 0.5394722824405482 0.9164172390937213 0.2819209202166994 0.33673432176374846
Yb Yb 0.5441732587242664 0.7316192288016836 0.15631281475879183 0.3059707132913916 0.26714847857911855 2.106307002247348
Ti Sn 0.5158896671723923 0.8072968794641548 0.22289187361832183 2.1884098923245574 0.2330498824548632 0.3198909662627054
Mn Pr 0.20975541494249236 0.3139431202180283 0.49162347428137915 0.744588001783178 0.2675718244963595 2.0462116423254613
Ir Au 0.14454890847922025 0.29218585430580857 0.2569370485932814 2.115741852269334 0.5623301368605781 0.7411122109413769
Nb Ru 0.2164810925828346 0.313844263647352 0.5728258370191583 0.8317649085229065 0.1856242590734403 2.4505008917334092
He Mg 0.542231370711781 0.9992168299213895 1.2731989331689322 19.77502342011132 0.39291151640743444 0.4189519733128678
Al Gd 0.24953457491164105 2.2666102735206795 0.1738127163475474 0.29932778019013173 0.5466716943885858 0.7317255956476933
Ho Bi 0.2694193867066724 2.074279065218655 0.15020135342594892 0.29663723661304636 0.5439221719194622 0.7351654094373403
Cd Nd 0.5182291819598772 0.7561161621025968 0.2585115736709106 2.0737589719900837 0.19080371659596468 0.30660170028133493
Pd Pr 0.5304129936821065 0.7826238269230682 0.20098352269822195 0.3098507328015558 0.23919196357475042 2.1896410975110476
Cd W 0.5565779106827756 0.7615988253762772 0.24137007869522978 2.1982958435808353 0.17049711886281535 0.3000938204516155
Si Au 0.5637044960538673 0.8228350917094023 0.20671807757630956 2.515784143495787 0.20069225307486266 0.3176440787404237
Al Yb 0.5702312389422048 0.7463337829856391 0.23516735704638514 2.332274156493494 0.16342637876077518 0.301629219253326
Nb Sn 0.21682614619465115 2.294318392913615 0.20166785495364833 0.30924456195664135 0.5554983125884257 0.7980530110128343
Al Ce 0.1707741976671341 0.29442539531095724 0.27619034773736784 2.0948121824196413 0.5208603011993962 0.7004757231497178
Nb Pt 0.21567177739212565 2.3965017306484966 0.5829082494695922 0.7881098672831152 0.17573352367670975 0.3012864450071613
Tm U 0.5439449901186518 0.7299769572417834 0.27629770363024664 2.060299807062219 0.14306867749157637 0.28965171674334234
Pd Lu 0.15838127124672557 0.2939911319304324 0.5645969784451483 0.7472887535707714 0.2460303478530564 2.187315866536848
B Co 0.30594436429500776 1.9836058697746728 0.06434229005441332 0.20888265633701183 0.6103692443392172 0.579522085166444
Si Sb 0.2550855752280692 2.1696199019666427 0.5140914367091353 0.7546442764568289 0.20497468820505427 0.31492258751295105
B As 0.17247837536800484 3.42226852460951 0.6578532473141246 0.8226882521652796 0.17258183405014293 0.28179110320030143
Si Rh 0.16135575789514556 2.8043266447152977 0.5482788478255933 0.9086979052092485 0.2743103372537596 0.34084659395636197
Pd Tb 0.17522174229174658 0.3006209962493463 0.2522717529185802 2.1395976515914046 0.5412014737940658 0.750102390448602
Cd Cd 0.22527670116810702 0.320419837410464 0.20475509919734688 2.3363446799931653 0.5437371915682463 0.8300832238442418
Ge Pb 0.5492267875186252 0.8056984910345123 0.22206801699894746 2.360741800267098 0.19967969115617104 0.3212135688331892
Ge Tm 0.1797192085189993 0.3140719567061976 0.24155833998728993 2.230493851366719 0.549812102708034 0.7505079795891281
Ni Ga 0.5451026824016378 0.7112348600248434 0.18847494996064382 0.314329072873795 0.24074979262953125 2.10761800540124
Br Nd 0.16323470387288058 0.29538879641163357 0.25967917022330855 2.1152811889085927 0.5473069293283863 0.7246758810811852
H He 0.47115551196663175 1.1384991911910431 1.4234104386644487e-12 0.9908790401236407 0.5478740523949652 0.4656831614007978
Br W 0.5776215227502386 0.7290812604232463 0.24655607475106187 2.2120337140940065 0.1460925895807586 0.29053967686908777
Tm Au 0.2672967076317584 2.08509709403071 0.14509629914336683 0.2940361290082644 0.5523500648902444 0.7275981501138702
Nd Re 0.2652204063897341 2.1095166252302735 0.54832290662324 0.7364359874744002 0.1539071202781977 0.29339596185757516
Ge Cs 0.28001762265897145 2.0010269283652056 0.15766861278696634 0.2918888627541067 0.5311057675120631 0.6953670126769811
Si U 0.26055742953068345 2.219756441639787 0.5159645856324884 0.7848540252076872 0.18941740136745316 0.3058477184710854
Sc Cu 0.5429885299138109 0.6811245384995094 0.26161615262185745 2.024732349210269 0.1706083766700073 0.29721166857219117
Ho Er 0.27560624382149096 2.032160902147439 0.534613107978455 0.7212514247573059 0.15418816498256704 0.30001495833736896
Br Cd 0.20911529019176028 0.318006381287594 0.21272432758948415 2.321150541358847 0.5532869147773078 0.7999978190167781
Ge Nb 0.17374616321068417 0.29779634959036233 0.5773731306762181 0.7447689522690708 0.22478450360057847 2.2589722510242374
Fe Se 0.5554058150929221 0.7911785058663973 0.2211347961851711 0.32343752043871793 0.20174627306738635 2.3723682447810184
Ar Rh 0.13300059661903682 3.24373763773913 0.5626638604894975 0.9616996240006855 0.2922682548150406 0.3442046435731633
F As 0.5519561503429873 0.9150879638739249 0.29300022491512656 0.358520137791084 0.15011874552972262 3.18105529329352
S Er 0.5828519064713753 0.7203924563098919 0.24718809873662473 2.2675542808791764 0.1395520242743948 0.27840581092088673
Ru Cd 0.23003395925682424 0.3208077145857845 0.18338994142297993 2.541127021506848 0.5642366172556995 0.8555682646616972
Na Re 0.18120696255190752 2.6904192142419925 0.2470156505811903 0.34177704283653126 0.54246106308598 0.8944168334365983
Tb U 0.1645655967515976 0.29841745686253646 0.2588414396304805 2.1387616258634505 0.5419241261359301 0.7634581687725899
Ar Sb 0.5191060686721638 0.7996503099839092 0.23022230852924408 2.1999563395076374 0.2240290038514595 0.31776607417803254
F Co 0.22989068868226378 2.263635887948717 0.22183135934995157 0.32557642675171916 0.5314661753302811 0.7183199449405739
Ru W 0.16506823086032696 0.295257493642845 0.5728601199748862 0.7641633229568303 0.23222728863986575 2.2638816215836157
Ar Au 0.19135605933371153 0.3063739253428969 0.20248815672925957 2.5173389050208796 0.5772288390486723 0.8189451187954194
N Ti 0.5747260044567287 0.47043005004446126 0.3843463344927162 1.61389262395973 0.013113579073784146 0.09365887297495536
S Xe 0.25176686190679276 2.1906203678156833 0.2051126474171343 0.30798668754287684 0.5168336485169668 0.7627135433172302
Na In 0.478952296662369 0.7767910659070842 0.2499932666261846 2.2122275244078553 0.24629142744517632 0.33741772881888815
N Kr 0.5771656351043374 0.9803852933391206 0.13801247577736928 3.9222117254376005 0.2916478919570514 0.3452731459162661
S Zr 0.5965843173668693 0.8952757405875749 0.14262612261887742 3.1755421860117763 0.24973212356315166 0.32507113575682794
Ru Nd 0.5377071009742297 0.7767734543630744 0.19470512479620308 0.30685989006060876 0.23891114990705548 2.209842945907327
Y Cd 0.5574763627381961 0.8159399408082444 0.21471060462752115 0.31594180073501443 0.20251951775951468 2.363361698969216
Rb Tb 0.5591953854718333 0.7321014125499938 0.2503088622591107 2.182132746299327 0.1613798420823086 0.29552247099766826
Zn Pt 0.5581833124211278 0.7854312180937156 0.19079733157038314 0.3125878481830007 0.2259338667407204 2.367696374135794
Rb Lu 0.14043692645885666 0.2872605806340913 0.2534717927329011 2.152019591688816 0.5746285646678221 0.7174563136795127
Ar U 0.217001042135581 0.31555261255176903 0.5488173779570622 0.8655671175415978 0.20422572762952312 2.51321356521905
Y W 0.1585660845912717 0.2939463445174997 0.23421959745450757 2.272059791498665 0.5783507303691586 0.751833231745135
Rb Pr 0.5412922125635526 0.7239301249494146 0.16542257689403694 0.29245341181444046 0.2623737225200291 2.0842883669217622
Tb Au 0.2686048829973754 2.079592187920056 0.544627157211142 0.7313759155752536 0.1520083043363796 0.2949784921176002
Sm Yb 0.2716483456924461 2.0625863392007844 0.5401049942462361 0.7249774371545364 0.15437791121761052 0.297150000120574
Cr Mn 0.4731781363538078 0.7352019803430044 0.25428190590483657 2.0183073852666156 0.24881548045588023 0.32931706882390716
Zn Sn 0.2019233857201487 0.31904745802399564 0.5063804982060729 0.7388168474785198 0.2614070907461449 2.040520208200541
Zn Ru 0.23101876680370678 2.205918210789692 0.1969025298033755 0.3101255350257034 0.54642111776202 0.7593977276742496
Cr Ga 0.1886251280688365 0.30495627300766975 0.2339620803461208 2.183023646182445 0.5552961226161631 0.7232231099472048
Sm Gd 0.5229691582875723 0.7162587385339708 0.28318691435275756 1.9948852280621758 0.1590316449444 0.2937365769884663
V Sr 0.5520032263615389 0.851392837180572 0.24980091064851337 0.32584544354951506 0.17652112574240625 2.5287854483837022
Y Nd 0.5440459782013479 0.7341576754635606 0.2567430922334943 2.1150247523895143 0.1688099352009238 0.29314375408301213
Be Ta 0.6079489102916925 0.8238103533238038 0.20858981535076 2.9829805436230648 0.16084809909554046 0.2867736241948594
Xe Pr 0.1981444956535826 0.3079653799706579 0.521744982400954 0.7800902704055273 0.24845146787311576 2.116738020617053
Re Bi 0.1489584896445539 0.2963890326711886 0.5616214828067114 0.7506083765980928 0.2554149670985027 2.1555601495588586
Mg Ar 0.2203208182949874 0.317315125625889 0.20733620549077564 2.1515985776446396 0.5512828325737192 0.7594446508010416
Be Ho 0.12573384975010163 0.26389854931132856 0.2549751008928303 2.524109976196956 0.5886862546792203 0.727039332465699
P Y 0.60604307193173 0.8611841624068876 0.23001997787341977 0.31654858290130566 0.15224792017762764 3.036937832494605
Ca Pb 0.20047085249336144 0.30911015222332117 0.5780235847344743 0.8436727739090844 0.19340272348130624 2.596561801713829
Xe Tb 0.16318830948482796 0.29526538751859027 0.5275429421960528 0.7255401031531041 0.2762510459475099 2.0329281234756436
Mg Zn 0.18707462825158655 2.6929482103259246 0.5650422186093872 0.7776204897077699 0.23671343862637947 0.34366126000732367
Li Pd 0.5109013910749856 1.3369471084769928 0.2796104798367937 11.208015356971895 0.41626743668210553 0.40417018481097744
Mg Cr 0.543415734025587 0.7348061840375594 0.21858087241383622 2.2721265384221976 0.21951869921928516 0.3206032405185217
Xe Lu 0.1495431656618955 0.2907401980316872 0.5462282131135179 0.7237632797712928 0.2708099327627867 2.0667573490778457
Li Te 0.06743179129278344 0.22337726225174592 0.37046290260187226 1.956059873625417 0.526825264830373 0.5650596604408623
I Pt 0.5471108155318904 0.7589374672301865 0.2505196507514815 2.1341273813990234 0.1695467031146434 0.30005367221185086
Co W 0.22864388603375768 2.3211715902242767 0.18902543781553832 0.30849463270878164 0.5540802570040374 0.778684616933639
Cu Pr 0.28350601355237687 1.977737065107288 0.1725417849760869 0.30233594165938343 0.5111353624999714 0.6981830068439722
B C 0.003307127560517975 0.47396218072630114 0.6728192583288992 0.47415264965509274 0.3304249966414751 1.9158013956788171
Co Nd 0.27120203363209977 2.043645721158144 0.5048624725440446 0.7261424595514487 0.19296315045533974 0.3097463644170985
Ca Tm 0.16665955925380938 0.2936110223913588 0.23438009211563293 2.328120028911032 0.5707490614326866 0.7554275241446198
Ca Nb 0.2764562884138785 0.33231285115079795 0.13371258939798425 3.0558408937574244 0.5727613989325877 0.9310484784010735
Se Se 0.1315125567686422 0.2817795560444767 0.5974263975140104 0.6921197287044941 0.2447850672721924 2.124443346986745
Co Cd 0.4987914923676103 0.7606208046650794 0.22173052427058773 0.32127458893391864 0.2485277866481617 2.056018891559477
Cu Tb 0.18220643231073783 0.30978714153914927 0.2584313827110231 2.143317883686677 0.530280347780723 0.7324573420657139
Cu Lu 0.23083947444942193 2.314334055634236 0.5465755164108235 0.7767311747103117 0.19515429694139835 0.3193050277402189
Hf Re 0.2705235715449328 2.0821257209024577 0.5588981055325202 0.719053496787636 0.13608559725772423 0.2907866278155205
Ca Cs 0.223122535102984 0.31125924215591855 0.24915310051249506 2.105592075892073 0.497711982166772 0.7797049873730384
Cu Yb 0.23111765505171084 2.3119511365443004 0.5449895690731905 0.7767551073294814 0.19688101327032306 0.32048932612297887
Ca Xe 0.515564011665404 0.8262070189661702 0.24039113038642068 0.31976366035345516 0.21866005886200976 2.3019964118403906
Hf W 0.13626562586701105 0.28963046333759795 0.5590372079539749 0.7161972088107945 0.27119293289258445 2.089287400634834
Se Br 0.1351954133005322 0.28216684621445715 0.23838372302500632 2.152861343921179 0.6001251248556396 0.7020037440673833
Ca Zr 0.2624712217056957 0.3267660103250523 0.14494004564693982 2.8549700742534823 0.5732710865516801 0.9026532470943035
Cu Gd 0.2701419013972899 2.051661904718812 0.5224823121465875 0.7149724303641098 0.17521828669741227 0.30513390622647146
Co In 0.2535633958342599 2.0485892947142976 0.2197416519493172 0.3213031490013781 0.4964757053912726 0.7561040886665578
Ca Er 0.17393697484971385 0.29667448303630817 0.2334714558268768 2.346139819301173 0.5655500112884947 0.7607251468377874
I U 0.23207978232013685 2.2403524709868865 0.1860030075224203 0.30492933237491715 0.5489325983467211 0.8078551818909959
B N 0.6176915405805254 0.4544612988405565 0.07003935040443621 8.852589760490774 0.3598699092967751 1.5858695326342984
Cu Ce 0.5099909783625968 0.6906161939890446 0.289212585404609 1.963046921664856 0.16855575273384044 0.2999189320274414
Co Re 0.19681345741699674 0.3128668069755534 0.2164838261924391 2.454521575397449 0.5618158571117869 0.8049359871450681
Li I 0.3761339323799066 1.9492077487273456 0.5330084884020111 0.5508794801436756 0.05491357906609909 0.20458923338357768
Mg Mn 0.23044392308115058 0.329867232203581 0.21402530558134752 2.3086277791408727 0.5370539683754256 0.7437856118536811
Xe Yb 0.27649695084073833 2.035139971469579 0.14693702794820693 0.2898912818452093 0.5423398882224564 0.7157321211511184
I Au 0.5502725644193935 0.7690481258831909 0.24513242471737506 2.1820162923699606 0.17215261051961092 0.30181524728183196
Ca Bi 0.5801903366932752 0.8561392129786011 0.2046654669018109 0.3097940500287679 0.18755919681178115 2.6498392274579126
P Sr 0.6141184803142222 0.837801284289402 0.16163970901811459 3.0098524379468317 0.2152808721474139 0.3101338291838312
Li Ag 0.25482787425146297 11.07134719046554 0.5028173820720794 1.3579555098101612 0.4249789780494351 0.4093273003089238
Xe Gd 0.2737649991544689 2.035393320787397 0.5237646468890471 0.7329793278486177 0.16942194769656257 0.29665163427800356
Mg Ga 0.18214795262083783 2.7291736524877424 0.23966831501575955 0.34452857081221333 0.5669734092420271 0.788511766392174
Mg K 0.5402485067334577 0.7883210516661328 0.19361247290169412 2.254858704400562 0.24652011539665492 0.3271660622294442
Re Pb 0.5624341620505471 0.7502865276244745 0.2533310497582364 2.155254867543564 0.14908672346478716 0.29677689744101876
Be Dy 0.13300700652153832 0.26969355950156 0.2587581353988336 2.496810221619648 0.5785673004524013 0.7252897077727218
Be Hf 0.6146580391975615 0.7952854168954527 0.14168495215513013 0.27367581529165086 0.21870973797675014 2.856180626597699
Xe Ce 0.20323495175934 0.3095855303374738 0.24406128010012257 2.1309055499101457 0.5213646596986165 0.7895605792865498
Cr Zn 0.5460886439523314 0.7210746871360026 0.19455096189772433 0.308627720480899 0.23705508228523914 2.1627485613470734
Sm Tb 0.5253001475642981 0.7184810826010104 0.2803477477470513 2.005832112214283 0.15941325731842504 0.29586836040935693
Zn Rh 0.24838528437497429 2.1014397766722035 0.18779573259466 0.3059940486616164 0.5360329993326007 0.7366210491233877
S Pb 0.1778720781558601 0.3007518180494949 0.217043255061191 2.442805388110836 0.5750702558565574 0.8023350856680747
V Y 0.16278015132908102 2.7575126510988777 0.26103313500185465 0.3290096332923839 0.5595379810469425 0.882165678677032
Tb Pt 0.5469549642714476 0.7256595598017282 0.14913041727314927 0.292425704779302 0.2713297618981097 2.0742171693835223
Rb Ce 0.1702939213002334 0.29405408545309614 0.2570336223881947 2.1293944464010446 0.5437820460421848 0.7332562161427518
Y Re 0.23622613601456216 2.2588611183730243 0.15535266111552776 0.29378715127268107 0.5789359407002072 0.7511973316859966
Zn Sb 0.25554268554086995 2.0781254137360823 0.2064036702343883 0.3209677595589262 0.5085967723330701 0.7485457091404026
Sm Lu 0.54057756062861 0.7183718086429524 0.27547794797388675 2.0437479846625672 0.14935436887770748 0.2937400211122894
Cr Cr 0.26430860589316296 0.3342367136132821 0.46317849397380373 0.7514337933157871 0.24990543831466222 2.0390063174701503
Zn Au 0.2274705326676342 2.3217076067894777 0.5513053838062084 0.7878486384966792 0.19232694822992932 0.3140257119739224
Rb Yb 0.5760882599469811 0.7291325850842603 0.14851938297758907 0.29288889461035617 0.24695074745427506 2.222376340271398
Rb Gd 0.16248193983007936 0.2938236449767854 0.25313971672922 2.1599851427113634 0.5549691844720013 0.7307404063314968
Y In 0.20935061923448797 2.2807174523965124 0.20956915086063385 0.31362465600678635 0.5529349604599103 0.8053177732615525
Na Cd 0.2512268775945204 0.33800091320914244 0.4845668354813476 0.7904781502659344 0.24089456214621088 2.262460013262828
S Nb 0.2634134488241719 0.3307711119921227 0.5898705173750207 0.9176254113749355 0.1371323889486957 3.2728084934802144
N Rb 0.5635046345427859 0.9894105580749921 0.1399951128752676 4.000380967778608 0.3057591889588532 0.3489712537234591
S Cs 0.19314942186034054 0.30160971238223877 0.5064534562633485 0.7344267422768894 0.270188604009727 2.0719320413511015
N V 0.3671191714626973 1.669780033334168 0.028613490701695974 0.16152956983842076 0.5775821387185115 0.4913758552693125
Ar Pt 0.20213833423953287 2.484753480007872 0.19330794018988473 0.3070128846876205 0.5759150328841788 0.816864209044376
Ru Re 0.16149297765908113 0.293902057453573 0.5805005211279155 0.7682451800208422 0.22896367043029317 2.3020896754974034
Zn U 0.23260330245467242 2.272894398483811 0.5296104029386005 0.8105634129903178 0.20445964212760218 0.3180146407931009
Na W 0.544176278170788 0.8469231888428339 0.22755325372830423 0.3313342468535149 0.19887371593810935 2.565220830087286
F Fe 0.19541207308525668 0.3122397335126296 0.539091543145422 0.6820173301341788 0.24585686010472463 2.1402593617598082
Ar Sn 0.20242763382633175 2.3821969288457487 0.24141243474675989 0.32582349922204357 0.532331116091303 0.8412546455043631
Ru In 0.5597926687396062 0.8448043236028061 0.19008117742854846 2.4465438760270453 0.2253411009687636 0.31901299525698656
S Tm 0.24343054644769493 2.305436311267047 0.13535329694276668 0.27637657141398164 0.5915019059121807 0.7220328319244027
F Ge 0.16797617068717635 2.9154448990036848 0.5499875111243641 0.8538947239496658 0.2741959539212773 0.3514474450095955
Ar Ru 0.13371482026320342 3.1169788589873524 0.2849423338909113 0.34115252859079287 0.5660673896479104 0.9482180730150274
Na Nd 0.2696155914275393 2.1433107981355324 0.18436574533217384 0.3077810321657442 0.513681698195233 0.7137811273885554
Br In 0.206179266897186 0.3173070438179356 0.2197324432150382 2.2655278062686453 0.5477983666867504 0.7915943571546223
Ho Tm 0.15467873025385304 0.30131645876962443 0.5372638313434535 0.7242521674606918 0.27227123910635015 2.0471395449659475
Nd Nd 0.17101177946266563 0.29661432632896206 0.2797176116596813 1.9989948096829684 0.5151165064860828 0.7283246356534983
Fe Br 0.5530873482044822 0.8006224072499555 0.1998764153952866 2.3752532839652174 0.22526128666966572 0.3239619232409564
Ge Zr 0.17753276001085638 0.3009501765304421 0.22233063702809477 2.246302265575987 0.5752059291369935 0.7490602826235521
Ge Xe 0.5280691758805593 0.691737199890235 0.15643164816462204 0.2920190178402807 0.2836376394141564 1.9730549365916805
Nd W 0.5409647813806269 0.719031795894177 0.1484967855464476 0.28905939123246155 0.2746858452655578 2.033569840020701
Sc Ni 0.527201514550233 0.6728390589338699 0.27193352605371085 1.9662206728757454 0.17526918223124485 0.29942829033421364
Tm Pt 0.26861711300956526 2.0767463943083766 0.5549331481682563 0.7223186985690464 0.1423385247109389 0.2914526212176489
Br Re 0.5765170972083945 0.7321837876272792 0.1458725851925044 0.291891312142528 0.2473988920173271 2.206388247237049
H Li 0.6174227713221216 0.5030948188700939 0.09178283798342002 1.6026217529175184 0.31613755649656905 1.6027498541296217
Nb U 0.22601850672291782 2.3165711603609034 0.5630876342147065 0.8001951546725631 0.1796210549022763 0.29986786984888053
Ni Zn 0.5465771107056951 0.7351074553670156 0.2264154288933706 2.2458730029311758 0.20565398004708538 0.32100703691674703
Ge Er 0.25309837478488517 2.1616485150820326 0.5460316333092482 0.7327816430356541 0.17107026574902698 0.3085047374167832
Cd In 0.19972350318732687 2.361532450158278 0.5457507161941347 0.8382922378493469 0.2279187993218029 0.32188162003077525
Pd Gd 0.1805138935529936 0.3019633044449821 0.25265172588103024 2.145553740194684 0.5365043389382068 0.7544057885053417
Si Ru 0.2641498311372913 0.3363181098054864 0.16177529534903537 2.740076533395482 0.5554885410725533 0.8936864532032539
B Ge 0.6458469089993936 0.7900309577262133 0.1840798455242547 3.0929139674918074 0.16786732716584787 0.27950125986001895
Ge Bi 0.5478941533493411 0.806635010128387 0.22370953534722965 2.3640132591416525 0.2000202291018299 0.32099721120449926
Nb Au 0.17485949927429562 0.301318149552445 0.21537566667477578 2.4140576004421637 0.5831464789308928 0.7903887665068136
Al Pr 0.5297039852439949 0.7257221470124291 0.25935617542011036 2.2169181531199524 0.18214675364636623 0.30078697805546317
Si Sn 0.5096831431674624 0.7714028995608486 0.24689718496874877 2.189124401739748 0.21755754430013347 0.3224381043127604
B Fe 0.6007947367645129 0.5270506468467642 0.03299302777540075 0.1611191408918252 0.34380588203539897 1.8215442123356549
Pd Yb 0.565120882867962 0.7550145741262922 0.2416276874955884 2.2265524009511815 0.16373775031237117 0.2975031571615689
Si Pt 0.19984176203168433 0.31640891604146953 0.5677710613978778 0.8195529446315154 0.20407910719739333 2.5096520774609115
Cd Re 0.5662896835523735 0.7788058444105898 0.17394484870863158 0.30293561748179537 0.23016686808052006 2.2872954802654815
Pd Ce 0.2069405636076644 0.3124235839184453 0.23558737575670707 2.197529642085932 0.5281183523027411 0.7913824271130521
Nb Sb 0.5527459244774438 0.7877375503246093 0.2243220849382816 2.2544183224372727 0.19637897217204095 0.3059853543723134
Al Lu 0.17114783007305612 0.30473313395632523 0.2273917504685024 2.38501837594445 0.5710661070978189 0.7620172191699464
Al Tb 0.5536629962938237 0.7298720059287769 0.16832107195143078 0.2988744459814694 0.24769849447019973 2.2754020839984657
He Al 0.5851462624336763 1.0145169744426132 0.3557121168708159 0.39189956966443806 9197587.918066548 83.14208626919617
Nb Rh 0.5788245439389641 0.8617455774301068 0.17082353138948722 2.673471610247872 0.22998021898967005 0.3199812631580376
Ho Pb 0.14914784280294485 0.2965617128800677 0.2715622538575102 2.056189191836891 0.5420343709976345 0.731121438193939
Ti Sb 0.515586332368649 0.8104158102084725 0.23404049359261467 0.31960543571177563 0.22264136566130546 2.209376945829297
Yb Lu 0.5467371998187852 0.7291934879661484 0.2679689555912652 2.102626646955698 0.15288594276493994 0.30351007420697884
Ir Pt 0.14638326633157717 0.29267530897757477 0.5680802270417389 0.7446062898211272 0.2536096684962713 2.165470910933062
Mn Ce 0.2078452917264745 0.3128034328879367 0.2760299660274119 2.0072290334362592 0.4851423523182561 0.7355636379885607
Ga Y 0.22533833618692678 2.205180165575035 0.5676856728936612 0.7437115948163924 0.18125710333291356 0.30559194841953563
H Tl 0.6103568054309152 1.2331506469992644 0.26934708715271016 0.3478466257467438 0.14749941701486036 6.489367142062372
Ti Rh 0.29108830554664183 0.3399859476676513 0.14320565901450946 2.971360582852147 0.5494894028107387 0.9447268044732868
Sb Bi 0.5596287220439549 0.7996077057617282 0.18147721770607964 0.30711734015507536 0.22671589422786861 2.2712664603002146
Mn Gd 0.2655888763207678 2.0940576450318615 0.5150406671181981 0.7332981847603569 0.18884462015547981 0.3055476701512217
Mn Yb 0.18393415001827204 0.30635237349352334 0.23125556747681916 2.331391134478951 0.5578409061302141 0.7719005940687099
Ti Au 0.5660008393124695 0.8286407174589416 0.20348102906388238 0.31052081223105477 0.20343946254725326 2.517621947222999
O Hf 0.2099601520989331 0.3165431266966584 0.2006160268768819 2.5890311444805296 0.5591984903447681 0.8539427248094231
Cl Cu 0.5716258836589216 0.7173169629779591 0.23244357492159812 2.218688340142798 0.1763616089478267 0.29876843520560387
Ti U 0.185198448265113 2.633279522538813 0.5528848763773123 0.9001316700679771 0.23366651924051293 0.3206355489304135
H Ba 0.07781614758449679 0.23481385816881464 0.36822906811983847 2.296286513993566 0.5251889914672543 0.5882400855154873
Ba Re 0.15723601337010296 0.29371779155561395 0.5493447189994575 0.7434595925017854 0.25954337737750866 2.110043832770747
Ne Ca 0.3012034355027525 1.837106874839002 0.0821199711381544 0.24287357349994101 0.5925067132423723 0.5817945141557602
Ce Ce 0.27405089712742864 2.0016360030801996 0.5117703507528355 0.7410181214750826 0.17991915278445286 0.2979013550741769
H Mo 0.5363231340569978 1.4218239043646719 0.3954085205198848 0.3921675436613331 0.3334171729555784 13.091574655254734
Ne Se 0.1425132532555535 3.3302415188506944 0.5379459639937292 0.9432105414147346 0.31574796474732275 0.37323383873790966
Au Pb 0.5622995709353412 0.7491183083403248 0.2546932562515908 2.137476826628264 0.1474728504845073 0.2942059725846472
O Dy 0.2418490399992188 2.2993844225224227 0.5246928911853306 0.7780337652465324 0.20020668587910057 0.31170363941331236
Sb Er 0.16684767458926184 0.30174172465264476 0.5343154481534643 0.7373785810546898 0.26614774407961445 2.0783000091745123
K Sr 0.14788251538088348 3.092635211802461 0.5916451273877433 0.8855795561854504 0.2492302011483549 0.3222627203480027
C Eu 0.1569373045164805 0.28316790546056936 0.2898750219405198 2.1133627802283996 0.5166844002695976 0.6981043277325238
Ce Gd 0.28589057812063895 1.9788349947164683 0.1610299413428519 0.2916591019020968 0.5182606906736014 0.7156262796193106
Ce Yb 0.27875862400605733 2.018556361533669 0.14650545510834342 0.289433601420915 0.5395495583465565 0.7130955790217629
C Ir 0.5821490988217474 0.8790637031408587 0.20075118447825246 0.3067134251072277 0.19202013956125707 2.8986316589878003
Sb Xe 0.5198214519234903 0.7795167804666713 0.19964031558080836 0.3103971443117939 0.24802299707360542 2.0755597902138216
Ce Dy 0.28017354060405547 2.013865168722827 0.15695175106048423 0.29229187567752385 0.528630268542636 0.7177227101609521
H Er 0.589281161674542 1.0138563151207545 0.22537448812277075 0.3268248479333637 0.1706625828732985 3.9512846462371587
Cl Cl 0.09367546608463301 3.623428959565275 0.5646511499468317 0.9984497437328698 0.3317377048454205 0.3550079410937471
Sb Ba 0.5179859079515489 0.7683574147787553 0.19410522655584303 0.3062388705499666 0.2551695820849551 2.0562427283287965
C Re 0.19058341829142642 0.3002189354503792 0.591913994719641 0.8646855408554416 0.19409524268625308 2.9166929015914165
O Ce 0.47313691138952896 0.7097075380479315 0.1994733754686372 0.3091240242143648 0.29227802240751394 2.0348769008775873
Ce Hf 0.5441148908313832 0.7222084538273265 0.14815240497609064 0.2902292073100328 0.2729995649414652 2.0482829532324196
Ne Ti 0.6094295476645923 0.5830872304409972 0.07444062121873682 0.22235809180517876 0.29322978321322707 1.9049950970933665
Ba Ir 0.5464521191030517 0.7507379932309008 0.16214734696717217 0.29704580128403824 0.2579147464507104 2.1232601849116732
H Xe 0.09960230036619121 0.24966593288705569 0.35582237818751494 2.3185436503889605 0.5152650389594872 0.6215053412859125
O Yb 0.554515059195483 0.8367868614217467 0.20880180024245132 0.31772858104430424 0.20712739635248614 2.5597764259505102
C In 0.3011673336653251 0.34730379250706317 0.5035064593555897 0.9432834719937536 0.17129410862341832 2.7358652438818534
O Gd 0.5002805097307302 0.7305467329105017 0.2722959804312931 2.1071394986179777 0.18961890856191096 0.3054170771466171
Au Hg 0.25315730818722976 2.1383108923358956 0.14906827412418522 0.2953323525573044 0.5620091039145347 0.7506525931389186
Ba Eu 0.1638206830192076 0.29222247977589527 0.5195755816184295 0.720690383383702 0.28207353318347245 1.9878094678502987
Ne Kr 0.13946300103641407 3.4481203102745677 0.30723843420393127 0.3647796772671669 0.5512960935276351 0.9577287127687598
H Zr 0.3733828871127142 0.38368287804007484 0.5525062682644158 1.3530954595199165 0.266906753790359 11.636420405626623
Mn Dy 0.2581236253792936 2.1447955778239383 0.18029078121037936 0.3028103556935021 0.5314946728799994 0.7362403657671476
Li Li 0.01293203049315561 3.9522630009956824e-18 0.23414021840640925 2.6659507189060383 0.8185632143290353 0.6132761327803408
Sb Tl 0.18316177527192604 0.30905273107103737 0.22580100752862828 2.29637015993431 0.5601314295513792 0.7997131714437244
Mn Hf 0.17988686167361775 0.30320067680551166 0.23194304327907378 2.294320305915454 0.55887117398048 0.772703588647655
Yb Ta 0.1446634163740124 0.2975194808468733 0.27037514399811213 2.074830294706353 0.5502644830356727 0.7215669606440666
Ti I 0.5029310765397541 0.8008228535783768 0.23407603520863365 0.31874869857053323 0.23415298402950735 2.1482777370720965
Ti Ag 0.27474668575910455 0.33598476030962593 0.5232040044284674 0.8856687210400631 0.17695235248150828 2.4600985133868196
H Bi 0.1619856370129584 7.4731556252937565 0.6046282436645272 1.2902811553097284 0.2853800944083624 0.3552802505163719
Al Ta 0.21790667901258143 2.443329346316117 0.5686683686340872 0.7860246865420054 0.18343330644449088 0.3104471692258507
Cd Ir 0.5657314913824861 0.7841063682175727 0.2278014936706803 2.2788405202679956 0.17574035836636728 0.30341221066354557
B Ar 0.238758954163333 1.2315532658560695 0.48237328503645766 0.41309227204572685 0.24352356536299707 1.447215044436598
Ho Hg 0.15038335966708063 0.2976474786232701 0.5432264085401302 0.732744199483935 0.26942667409518833 2.064517101712201
Cd Eu 0.5293771570067463 0.7682573403847124 0.19246591237795913 0.3091703815447626 0.24745883201542224 2.1553999454482384
Nb Ag 0.22223189167804094 0.31782916210375917 0.5628929486007338 0.8357753161088358 0.189965812037042 2.4366214474273717
He Na 0.44778252670186836 0.4419856434712766 0.4798186180848248 1.000976405736044 0.3198699837238077 12.750721770704011
Al Ho 0.1584748864181948 0.2964252773715825 0.25118199296273597 2.2071013100938064 0.5554086566196289 0.7214653236575049
He Y 0.3600032512564504 0.38342307163848954 0.5503091359829774 1.190056523207204 0.20701564572243797 8.69525734952282
Ge Tl 0.22923398785206062 2.3253396952452294 0.5503992817003903 0.7907382635430201 0.19169833478852671 0.3175425622526762
B Zn 0.1317448398436219 0.2607504050981659 0.21908183149011753 2.5881259036289626 0.6397859710657154 0.7150368585066097
Si Pd 0.5360876412757792 0.8914020726049804 0.2709122732853052 0.3416427463918162 0.17262088147908455 2.6244499396597494
Pd Dy 0.5467636805698621 0.7529333632755089 0.17376097389985462 0.30052307224471875 0.24958113464910656 2.1730512346161857
Pd Hf 0.236248539235106 2.25181146388208 0.16271349565662324 0.29636304111171813 0.5713151220731034 0.7618965609788729
B Cr 0.003550662627550117 6.571287891526614e-15 0.5691400328175831 0.4607146786383449 0.40067694050394914 1.6237343565736695
Si Te 0.26359416152402676 2.1442230068600696 0.5182812099823416 0.736064847623454 0.1917565992554402 0.306478939508659
H H 0.5642106598334515 0.6236273180292481 0.4472900778403157 0.6235771002453372 0.014900949883492068 3.1095667350661673e-07
Br Ir 0.24242810516223273 2.2592298299628495 0.575107321918381 0.7467613070519867 0.1541652371531753 0.2960063655417504
Br Eu 0.2568840729153244 2.1360019523348015 0.16146478700931283 0.29699179901818584 0.5519204931458556 0.7257047177423865
Ni Ge 0.22612387937338232 2.2414834374698045 0.19981726320771032 0.31960801256237487 0.55228321928571 0.7370295339344836
Ge Mo 0.16967203977334305 0.2950466001115988 0.5713124623725486 0.7366815985390641 0.2329035691374801 2.1900771906963468
Fe Rb 0.5378940535128008 0.8037412291621706 0.23470726805398773 0.326752563748931 0.20304115334828643 2.316231514128519
Nd Sm 0.2862416638390197 1.9658846339027571 0.16403612024323425 0.2946501985490081 0.5142872693461797 0.7170212974220571
Nd Os 0.15451521042533933 0.29438709143309566 0.5439100935658865 0.7356702645751692 0.2667354946630943 2.080345280226224
Ge Ba 0.5338934938164493 0.7083759591574407 0.1644792217311654 0.29465038830863594 0.27124302927685007 2.0433317068029897
Ar Te 0.5034080423018745 0.7657831197578944 0.254282283917516 2.060732036936749 0.21190361525126972 0.3120467542606371
F Cr 0.2833857376887816 1.9555692480100257 0.12984912412457422 0.27468572684224135 0.5643711045809442 0.6105864936532961
Na Os 0.5434615213520994 0.9122624110189472 0.17641445042348747 2.782740526561645 0.25302260402836513 0.3441867815370896
Na Sm 0.1952401402961782 0.31497779137548265 0.5150773680250347 0.7350189322331709 0.2576606494088132 2.200911964296934
Ar Pd 0.5540714781940113 0.9446147334251005 0.2874396782698631 0.343328827326032 0.14102734454385518 2.9626372616464693
F Zn 0.18287395888348204 2.695325111455718 0.26194269823513733 0.3451282189407412 0.5441970898503276 0.8111919837481275
F Ar 0.5657701236097449 0.5479326962070741 0.3410482795710712 1.700555169803104 0.0675112626617745 0.22059400819249114
N Br 0.14287332859181617 3.7190721577938692 0.5830513825912985 0.9530577496988286 0.27865345755416104 0.34003393821647815
Ru Eu 0.18167561626887435 0.30233211273171184 0.5413237478959255 0.7582352533398143 0.2470639619887513 2.1722349836884884
Ru Ir 0.5839866037791887 0.7781031383752626 0.22347759106369067 2.361420464777199 0.16503597652078913 0.29582134842551655
N Sc 0.004739697981720938 1.9112114035553688e-19 0.5673306895384924 0.45441014429008264 0.39920210911378307 1.5690596360177242
S La 0.5153695972883628 0.7718454006171349 0.24737492479908227 2.24398738713033 0.21116638706627314 0.3074287346719302
Rb Hf 0.5769957855468805 0.7258581592176814 0.2484793132970574 2.179343024332991 0.14332523816170112 0.2895165290423669
N N 0.7048611888070128 0.5135861130929332 0.28416175223390244 2.086126363620342 0.011896337629325843 0.05275910511405652
Rb Dy 0.15381606794875663 0.29247302544489395 0.5591395489757289 0.7213066767630495 0.2571522450044405 2.143464967369904
Y Eu 0.5520928347513407 0.7288739296544806 0.16143320182209314 0.29148664329739044 0.2567885933060771 2.1347286314502036
S Hg 0.22411327187678912 2.319890480476915 0.5702425964707577 0.7842979411005827 0.17113589855369588 0.299438667512824
Zn Ag 0.25743754062910196 2.04273261662623 0.5191305754495437 0.7322579114892467 0.19330143916253956 0.3109491408380919
Sm Ho 0.5292980704766691 0.7191892957309577 0.15649866164057658 0.2962830944433355 0.2788872843183826 2.014549396994252
Cr Ge 0.19301932981660727 0.30655782403181464 0.5555332232218567 0.7354915518637453 0.22771003380076082 2.1954162688156647
Cr Fe 0.22072242876001472 0.319226358112747 0.48913013225344526 0.7023772428903303 0.2655690814810646 1.9843689365409969
Sm Ta 0.14948735923687975 0.2931039650738639 0.5432730531282133 0.7232312682239946 0.27153166066788614 2.049095351465019
Zn I 0.2792367852298263 1.9711588851056767 0.5088961188007353 0.7068670636568611 0.17960311677926186 0.3070970933590701
Y Ir 0.23080138522315424 2.2829240703850266 0.16122575553077717 0.2971210432736941 0.578169617604539 0.7624197674195908
Be Gd 0.14998199886082791 0.2822449186217554 0.5422578139304264 0.712817695465882 0.27563589287763185 2.3592672588707577
Re Hg 0.25875075561631394 2.1195869291175042 0.5603036047509946 0.7416487397753898 0.14521643018426073 0.29474236048123287
Li Au 0.5599753957784352 1.056443186625855 0.27973686934628167 0.3596554903035564 0.15295004573172202 4.1440670854980395
I I 0.23572621631824558 2.154142791840654 0.20503812322070603 0.3115185892776025 0.528369749674369 0.794730589775522
Be Yb 0.6158305807010139 0.7565692220218612 0.23475825311619392 2.7120138441156247 0.12304803233093982 0.2601301778495619
Be Ce 0.49498865823146626 0.6581216863580844 0.31957193579459464 2.1313165316380234 0.1522095341428443 0.28694582699476123
Xe Hf 0.5485332358836362 0.7273176413852637 0.14935812070729618 0.29098390150726766 0.26909795428985483 2.078384019389058
Mg Co 0.557276066448167 0.735676277322308 0.2101517691370923 2.4123924422966434 0.21669924713852826 0.32948877792772024
Li Sb 0.52402280541792 0.5530146852724134 0.38000722335889264 1.901560373520511 0.05929187785238394 0.2184378516068328
Mg As 0.2316032041218506 0.33995840202998223 0.5795041999422101 0.8050506671335926 0.17779720514740324 2.784165260077594
Xe Dy 0.5333364651295893 0.7312379111413114 0.27042508188554853 2.0660716780873924 0.16365469775294064 0.2964312940155015
Li Rh 0.24872844257005156 10.567679398288993 0.5188714313408926 1.302554811186032 0.4054126025701137 0.3975072308249571
Ca Tl 0.18844423751328102 2.710254013495302 0.5816692691303904 0.852097766206334 0.2050823960252789 0.312310578130991
Co Eu 0.516880201459864 0.7317347624932736 0.18941466189568046 0.3097256482057447 0.263771301026767 2.10128163734925
Co Ir 0.5577249207884228 0.8107363329391977 0.19989186689436508 0.313917065735117 0.21540057135611382 2.4293409482858666
B B 0.558896250408128 0.4850020848470801 0.32244205278334837 1.9323479009989 0.12878956370146227 0.4849977264670826
Hf Os 0.26901136880332016 2.0929275815422628 0.5605404117790805 0.7223688571219007 0.1363954324663779 0.29038503751604566
Ca Ba 0.2197475413632375 0.30834434347045653 0.5028166762146347 0.7771171092215468 0.24876208899773516 2.1384119641501482
Cu Hf 0.5507074628593355 0.7888728058725597 0.19768146069004855 0.3199166297763414 0.22460983478624108 2.353051777933105
Li U 0.4547541430164243 0.9226123387632419 0.2520233825346294 2.413324684827877 0.25321305744589756 0.33945496351950416
Cu Dy 0.24602769963137816 2.223368208373082 0.19008747738858126 0.3140827426642253 0.5363351573211586 0.7516738298683111
Ca Mo 0.28107097987304974 0.33534558738559916 0.5661466117680783 0.9362992234233529 0.1361294645763312 3.019862779647785
Se Rb 0.219446329808217 2.3131704066540064 0.15723672259271923 0.29194919523014345 0.6007655305408832 0.7354909651109843
Cu Ho 0.24996681737914178 2.1816895012955886 0.5348442112720573 0.7458417853262623 0.18544318148502437 0.31275854510193496
Se Kr 0.6038820052179753 0.7172877981233843 0.14271683325041676 0.28567187317850623 0.23050214481717868 2.2476378021056123
Ca La 0.49471987637297227 0.764706433853502 0.21684555655873541 0.30646998733593744 0.2587420762856634 2.10018902567454
Hf Ir 0.5612675678663076 0.7206164344022388 0.26916492811036424 2.087914722567885 0.13474850582413675 0.2888350504519621
Cu Ta 0.5503424810926452 0.7768203268912722 0.19015392946401394 0.31499190302080643 0.23077153695640376 2.2970371321289513
Co Os 0.19445843986364922 0.3116838733306353 0.5565004838543631 0.7995337031948964 0.22083328771748875 2.374271283704934
Co Sm 0.27308941621652805 2.0530852328114695 0.18377634485895453 0.30614962990046807 0.5125171755303349 0.7187767603944675
Li Ru 0.392683550127164 0.39201561143260244 0.5277282881130249 1.2660477259022287 0.20527945091598748 9.42675415433359
Mg Ge 0.5708330834502622 0.7951374991149605 0.17962131747938218 2.7386238526249342 0.2377837726756026 0.34270189424476694
Xe Ho 0.1597468949141857 0.29528407454784455 0.5347757373400169 0.7278544150977928 0.2730587512677162 2.0631440248628694
Ca Hg 0.2024933016147939 0.3128264982243182 0.19242198795427054 2.669640262899744 0.5800657231773595 0.8446340695199581
Be Pr 0.3178301899940705 2.087661295188062 0.15876206055296327 0.2908681542141102 0.48689910875362913 0.6683483528790805
Li Sn 0.06550839323933239 0.23176531258091249 0.5175031399253848 0.5561178233835773 0.3805534014777283 1.888652973321203
Xe Ta 0.5500944666360094 0.7344664492468714 0.1529384388876542 0.2921504593866021 0.2637875791441608 2.0994604526903577
Mg Fe 0.5549192400764461 0.7336152198405929 0.21247980703857325 2.375989088894812 0.21617835592136345 0.32543213375628
Li Pt 0.5670446803079889 1.0270766299323661 0.26852882897436525 0.35299991869479913 0.1572967446477844 3.9825399650092805
Be Lu 0.6149892060956551 0.7746744044578767 0.22621713870467453 2.7818921840790005 0.13284617960083098 0.26686288537054614
Be Tb 0.5662727245883399 0.7185986100591475 0.2654216029962474 2.440820741234938 0.13783175735676473 0.2737075383517578
Re Tl 0.5617814130398373 0.7511567783273634 0.2538903426430703 2.1582755927066133 0.15025408619810784 0.2975020318148799
Zn Te 0.5052146284347009 0.7218147743255298 0.19128158227699713 0.31377827635164096 0.27210598660770813 1.9987124415506068
Cr Co 0.213713975074783 0.3165961047940772 0.2559337148220599 2.054650605672586 0.5077878180340941 0.7094817668011828
Sm Hf 0.1519911669151261 0.2954670864819835 0.5440884265708122 0.7273517806123996 0.2701593822577836 2.071709305467147
Y Os 0.5808623110197488 0.7641735491593137 0.2289248419486637 2.308976979988776 0.1614313160413771 0.297478659672294
S Tl 0.5743635256379782 0.7979715459520821 0.17677681532874254 0.30090115763756337 0.21759483190336126 2.4119399706601277
Y Sm 0.2512248738479737 2.169092141380254 0.5514487038349916 0.7393950740034317 0.16856868696181496 0.2948746026481364
Sm Dy 0.27838333104185986 2.021628350756481 0.5285245115071626 0.72035023334523 0.15867862747736183 0.2963955201384475
Cr As 0.20865722245747442 2.317821906185405 0.2071301947119473 0.3131976309456775 0.5623907960031822 0.7752375365420997
Zn Pd 0.20194459622643493 0.3136145825765358 0.2384509575604262 2.14697439817785 0.5315943103465045 0.7567479556490959
Rb Ho 0.25161102536895025 2.193913248306951 0.1553108418686328 0.29447818948282733 0.5643011469384503 0.7288314741016854
Rb Ta 0.1507147361492995 0.29292795998509463 0.5776391346014733 0.7380161747616643 0.2429480660329052 2.238670568482349
S Ba 0.20513323031771755 0.30556764343813375 0.25068216186906755 2.2085957165281282 0.5174829275268081 0.7633593337653114
N Ca 0.40547829290519644 1.5384655217379983 0.5604298266772598 0.4505927700774459 0.00431856162536739 3.6553490151363587e-13
Ru Os 0.15723996024099843 0.29173782026684547 0.5782556046362741 0.7610713209459302 0.23402492311931067 2.2583236586105215
Ru Sm 0.2438536027043732 2.199689189678327 0.5427374178068097 0.7640312921912731 0.1846872000377007 0.30311815801510195
S Mo 0.5835125023054246 0.9229738569822293 0.13884784826179442 3.228095930733254 0.2676027717300445 0.3334963552674826
N Se 0.14510068012944471 3.6860851933391925 0.5908403732144099 0.9355382690061631 0.26884774367777525 0.3361600044528603
F K 0.05931614072081155 0.2158813209814462 0.33335181866414254 1.7314343638552687 0.5819478569595824 0.541358864744346
Na Eu 0.20455613608654388 0.320533666781539 0.25034032451237676 2.2310047329622926 0.5130150091031229 0.750145199304197
F Ga 0.1731492603470326 2.853030092452347 0.2696997808731472 0.34886191524442484 0.5490161643934388 0.8362704505074015
Ar Ag 0.2860134249971098 0.34305375673885596 0.5504325641843121 0.9382546348447243 0.14753346449603422 2.939043077713279
F Mn 0.14774676179985125 0.2868318036658076 0.2705468962083055 2.0254226572571326 0.5606267823248103 0.6315463563793406
Ar I 0.5138154289809503 0.7968839415378839 0.23425536291044127 2.212377486911254 0.2252815580482777 0.3172887825002406
F F 0.15374411196549415 2.9867690296931158 0.34305354838209573 0.3769863200026646 0.5041004129228163 0.8324976689762643
Na Ir 0.5394326276076754 0.8997883490387943 0.18340973033598829 2.6643937217544478 0.24771163325530926 0.3407946172448655
Ge La 0.5334281417074399 0.7026058026250418 0.16018128782077332 0.2909500384180962 0.27411753036957837 2.0147576239045493
Nd Ir 0.5465041450025686 0.7467463236957834 0.15997108389981737 0.29713290054559166 0.2600542114879639 2.122041199559684
Fe Kr 0.5573317284210554 0.8279648245282264 0.2367850805664016 0.32768362318516836 0.18649514918253568 2.5194636218168687
Nd Eu 0.2807396289819936 2.0021650280478975 0.16381403818686077 0.29490080924580053 0.5209918881934019 0.7213343805519926
Br Sm 0.16451496594469697 0.2978163843675085 0.2547890526956324 2.1354534561530443 0.5505671167343759 0.7296230195144182
Ni As 0.20008614882022807 0.3197187147774284 0.22320709556785817 2.2200342203420864 0.552920239594965 0.7488727954872112
Br Os 0.15197359332737356 0.29556329970332745 0.2440721746108519 2.220221308133198 0.5735674950693593 0.7415925009479407
Si I 0.18439010272356215 0.3016995740175742 0.5193918361678846 0.7251404021684502 0.2690936985132419 2.1232539400248025
B Mn 0.5842472303729948 0.4767723850398804 0.38539065524137306 1.677925503041842 0.00486393032454927 1.0854657970877873e-12
Pd Ta 0.2385121263286521 2.2287955864736206 0.1604891827946545 0.29450537520579717 0.5702761535707812 0.7574325590327659
Ge Hg 0.19252556331131998 0.3184936901444597 0.5537028019194776 0.7937601147508961 0.22674524984309063 2.363598854705329
He Sr 0.5493835329379114 1.1591450748873056 0.3550357400356733 0.3845212886476399 0.1773911097768003 7.710383442087708
Pd Ho 0.5529654911557809 0.7531610023356421 0.170066107038919 0.29927710457826273 0.2475126775324556 2.1998940574609387
Si Ag 0.2750462443984361 0.3439705473814531 0.5350261520587699 0.8980005689167264 0.17315926979247254 2.715629760042206
B Ga 0.19845191460355535 2.849611981716538 0.6435902305268206 0.7574205688656278 0.15291425007812454 0.2721020624089422
Cd Sm 0.5258622921800266 0.7542566102062463 0.2570343619184308 2.111568638026121 0.18623630640916858 0.30559305186307106
Ho Tl 0.26772500776430375 2.1069024019708302 0.5456912287182926 0.738546562397725 0.1530730626914475 0.2989467480123294
B K 0.5036901718661507 0.41667527931614373 0.020473945178002897 1.385599157779123 0.44192297441654704 1.3854931440739648
Al Dy 0.5545240457529524 0.7228825116718443 0.25032448642937766 2.2201836619542985 0.16166066447557986 0.2964223169679533
He Ne 0.2274124231971939 10.187447050550356 0.45224123041338843 1.0087505410523974 0.46748652135661467 0.4413287700005668
Nb Pd 0.567654104724059 0.8413961471175794 0.18513940774103974 2.481860357794808 0.22330192360900328 0.3180506366752817
Nb Te 0.5496883063658801 0.7841104240301258 0.1953007653781418 0.30464991719947504 0.22774347951262439 2.2333450457668196
Al Hf 0.23819593513814577 2.267160810410994 0.16206144655962448 0.30049242392107867 0.5655026584598205 0.7472494470659617
Cd Os 0.22811892983050308 2.2929074125102904 0.5661372276154333 0.7840150930276943 0.1759194028564767 0.3040981931285359
Ti Pd 0.5435053643094199 0.9286538675033239 0.28606043963404426 0.3392586863936237 0.15109904598360155 2.81158851371598
H Pb 0.6097861997728996 1.2643491299877687 0.27685522689750175 0.3509056743632951 0.15528205630331207 7.125317604630247
Ti Te 0.21653665305532524 2.257388787610867 0.5137020467499764 0.8269701924079496 0.24329323713284337 0.3226379408386869
Yb Hf 0.14365209632017667 0.2982955550010679 0.5437139647038565 0.7151528149218698 0.2765308167278431 2.0312231710256476
Mn Ta 0.5681576798570013 0.799728683312646 0.21581355530242344 2.4712390731655587 0.19147090018040952 0.30792361580669025
Mn Ho 0.5401968027493638 0.7538852487264632 0.24576452035223142 2.225189600402584 0.1848819931717699 0.30559701146766516
Sb Hg 0.5552798071720023 0.7889836060493937 0.23326323246011385 2.2390933328377316 0.17941791265716261 0.3080352031735176
O Tb 0.2544433701299303 2.1978413734651747 0.19497973227517235 0.30889934464628743 0.5143244995311548 0.7561955636373229
C Cd 0.12042319229743141 4.977643965730208 0.5328430528476034 1.1193968661257256 0.35699413121595513 0.3683147485393569
H Nb 0.29391394796480563 12.631886116118137 0.3893180201680568 0.38885678422713016 0.5420362662988559 1.399020397413902
Ba Sm 0.5138755626090837 0.7234272401511485 0.16802206347381915 0.2942975315049346 0.2832136031968785 1.9711189008871544
Au Tl 0.15244579665562058 0.2970352588831814 0.24953378500988052 2.1794285929108277 0.5644425240997808 0.7580423376517849
Ne Rb 0.31468984999539357 0.368219778754511 0.5451851857206925 0.9599791737175529 0.14001667603394233 3.5425995402403645
H Cs 0.5103236978291296 0.619632873388127 0.35595031812503786 2.319181864849716 0.10408022410861158 0.25841277528717954
Ne V 0.5920945890813748 0.6234834163464577 0.26913443423266015 2.0181205380924045 0.11760004419557221 0.2622857339780511
Ba Os 0.5468907973598656 0.7451815425193219 0.15871967588228525 0.2952930667525738 0.2601614662861114 2.1060498265977396
O Lu 0.5549264567306692 0.8372785442600841 0.20624936421874893 2.52646048694037 0.20690255962666457 0.3157319092807936
O Pr 0.29405829625772967 2.0164902683037216 0.1933797350917152 0.30676061539745236 0.4759804196247251 0.7039898139018231
C W 0.193575348271148 0.3009449662874321 0.2003183388188426 2.8481100689421024 0.5825602593205903 0.8511855162077719
Sb La 0.5235656076624589 0.7793944661205189 0.19796645435095228 0.30706922293945527 0.2472355705082021 2.1158321071571433
Ce Ta 0.2706828963178743 2.0651831140527634 0.5448487773038423 0.7262288912807229 0.15026341125534182 0.2905752166974665
H Tm 0.16256052322924383 4.382554781165197 0.2261992021708411 0.32798818190808327 0.6043758603442836 1.0425820937186812
Ce Ho 0.276312526918391 2.0370271008778014 0.5327062777165124 0.7223919561079649 0.15699910216284785 0.2934089647270995
C Nd 0.17873099238612397 0.2962127635418357 0.479470953193212 0.69368439551014 0.30378929130282684 2.027085555515901
C Ce 0.19593233601548538 0.30521661778111386 0.3163301150871331 1.9559288013759453 0.44880056373450605 0.6913757852813184
O Re 0.2275048625560832 0.3231600512952367 0.5613498741397911 0.8978423187635378 0.18353729391254545 2.7748206696439284
H Sb 0.02949913354964802 0.13025472431596233 0.38975049762423075 2.127467616618056 0.5481402713584907 0.5461748082664242
Ba Hf 0.15207847656007403 0.2919906792156829 0.5484209764820821 0.7315656714615136 0.26574052697432976 2.0843874547581978
Ne Co 0.20706814692109984 2.4121541234031443 0.5352382406575775 0.7551097661763112 0.24176126470286616 0.3366610329289165
H Rh 0.43668849232185875 1.85752585097341 0.5189858360244338 0.47771642750695936 0.0059826107105491666 1.0313592114340446e-16
Ne As 0.3084295541765275 0.37120044900056026 0.14912512157872207 3.212608975528656 0.5379701394446827 0.9200915226671305
Ba Dy 0.15659872834879834 0.2914456377284366 0.2821372645085924 1.9960289120776322 0.5264407051738558 0.7158215104410346
Ti Tl 0.5807227335322741 0.8605831086594998 0.18664327006996856 2.7575980691802053 0.21005231354344975 0.3138685821520274
C Gd 0.518300952876357 0.7251880320631137 0.17106859270204713 0.2900513813305095 0.2749871557273087 2.1870049380675436
O In 0.2666944583238542 0.33791354597810874 0.23352033829632876 2.2790578695934114 0.4727092634711696 0.8203763487459573
Ce Eu 0.28615129434029773 1.9618626720425265 0.5154980383238371 0.715563522137956 0.1623809402229315 0.2925910354893453
Ir Hg 0.2561189025033422 2.154796159042226 0.5638345040028018 0.7477460421318529 0.14653045516891947 0.2948809348104539
Ce Ir 0.16371021808760933 0.2979322729720272 0.25473139015450313 2.163731955472822 0.549960843315332 0.755507603240241
H Au 0.6009423831692163 1.21012537877176 0.2728051291041239 0.3483076994192309 0.13435660553766687 5.714795916960886
C Yb 0.595747626596896 0.7634288389148448 0.13937038812181338 0.26843258819034593 0.2348210080919566 2.4963036548864546
Sb I 0.5696697984956435 0.749996781762247 0.1771979548740071 0.2806707563458698 0.22113274012310535 2.2346922325919714
Yb Os 0.5561117548591824 0.7287074625004955 0.2667211078031906 2.1115826328131533 0.14407583397613158 0.29561011425361394
Ti Ba 0.2408532506358354 2.141106106519544 0.2362342190648006 0.3181119176135005 0.49352953123350735 0.7983148105371869
H U 0.5701615863456014 1.413355394093686 0.32751807977442815 0.3713070941462009 0.15999733122167167 7.774375375965465
Ti Mo 0.14572320990698195 2.7670687355595143 0.2809976789726447 0.3355101071805504 0.551868240881127 0.9240050967513426
Kr Rb 0.16059054233859232 0.29259423626410225 0.5992022040279918 0.7436146651173937 0.21609293360325837 2.2991193805244334
Mn Eu 0.5118498504468292 0.7326997144083077 0.26643614182113495 2.0850980276089275 0.19115332876393853 0.3074975203862936
Li C 0.11896839688974377 4.105301082732575 0.48850282300687753 0.42229837153594446 0.4193768724100238 1.1100169899357324
Mn Ir 0.2074662313116181 2.506021218014001 0.2008598226209373 0.31140476711511617 0.5658567344338163 0.822443885404798
B Br 0.16333667723019107 3.8095914367377435 0.2118656048129088 0.30590090369872547 0.634135074916116 0.8751305576814176
Pd Eu 0.18584690869122772 0.3051027529729378 0.24946228125135797 2.150503753918358 0.5341824744679804 0.7608477338830577
Tm Hg 0.5484919612465452 0.7326564989235784 0.26803270804527435 2.087782488203011 0.1483750430430188 0.2981436467466961
He Ni 0.21570281288697565 3.1417998276521715 0.2113131511650381 0.32993464043228315 0.5722335671266274 0.7505241363825156
Pd Ir 0.5744464204897787 0.781449728081175 0.2256267667338092 2.311873240111823 0.17044479573587115 0.2995297585045725
Si La 0.26461405621831896 2.154791506406356 0.5211944494669459 0.729585015115281 0.1848065632455027 0.2968994487971517
B Sc 0.451047387647328 1.4479245124586542 0.5164380547105993 0.4230276219022971 0.0011345768068584047 1.3407626563602478e-12
Cd Hf 0.24710357824407087 2.1687528965164886 0.5567115837603703 0.75348865314902 0.16438526298397005 0.2991631170676687
Al Os 0.1933188281042386 0.315713019801153 0.2163341828122793 2.4553840147795385 0.5605165940514564 0.8045608236977473
Nb Ba 0.5448694419125023 0.7827888695781389 0.2322491963652838 2.245627283856863 0.19616861957250079 0.30333072843858944
Nb Mo 0.21368852615942782 0.31177232125239474 0.17991912887477213 2.5469436524752758 0.5842816274765622 0.8334589679808042
Al Sm 0.1769063100132823 0.3009391792165069 0.25108159448360806 2.2701170892453795 0.5429167785150717 0.7304818508292245
He Si 0.39994463909073125 0.4057660912679911 0.5491710029733836 1.136928789868089 21154370.0297667 87.76291592471087
Cd Dy 0.18318522305722948 0.3066341535188149 0.5400392335438219 0.763102988560281 0.24695481971925987 2.184069870898228
Si Hg 0.23081965833017745 2.2837418617945726 0.5481062322058614 0.7917288905451737 0.18623416050966662 0.31286179475423576
Ge Ag 0.20213881307093925 0.3146145105998768 0.5398394409189358 0.7668393965557591 0.2320779117444633 2.209598492697114
Nd Ho 0.2844392445024704 1.9965779658930851 0.1533349161864294 0.2930171766451024 0.5272244914797096 0.71264461985417
Fe Ge 0.5521642907959132 0.7456688720311078 0.20397172198852023 0.3162312225198064 0.2221236752331609 2.2567876461899274
Fe Fe 0.5030803812533625 0.7089218018838257 0.2561638318037291 2.0386960270905616 0.21713025715836892 0.31926658576334854
Nd Ta 0.14967099508437823 0.2917039865562585 0.2720653293470712 2.0558586571503192 0.5434987751573856 0.7239088495622477
Ge I 0.16284764973083737 0.2964867704308765 0.27886526385068305 1.9862458732824446 0.5264244104856104 0.698613588359885
H Be 0.2871646250837793 2.4737812765196976 0.5269806592932718 0.5371194133048857 0.21784241854554015 0.5371308454463682
Br Hf 0.1438034314554802 0.2927447752003443 0.2519025349160708 2.188516439329803 0.5747034883419667 0.7239444820132362
Ni Rb 0.21150729352412811 2.2996749943681816 0.5463434179709284 0.7814011584095522 0.21893782448659962 0.32410439456991075
Nb Tl 0.1633203775997444 0.2955262474414309 0.580348323736161 0.7739552788592566 0.2273424530291623 2.3211581508617756
Br Dy 0.5586552481096582 0.7269119119875962 0.2536607432380243 2.157933922815333 0.15783894905892282 0.2977813663424398
Zn Tl 0.5489022833923878 0.8228321894848356 0.2105084542428156 0.32544212280444984 0.21500262939619505 2.456053996135669
S Pd 0.5534872961821454 0.9386234543469946 0.14633842085300652 2.974042075221519 0.28496726989027793 0.34403517998356314
N Zn 0.20666493761098087 2.4899146501511518 0.19664804434867328 0.30660709177965445 0.5830875170940139 0.7534772419293262
Ru Dy 0.16189979116726752 0.29323677162414336 0.2549585904568058 2.1382882650605635 0.5521825913011823 0.7371304853265253
Ru Hf 0.24142681152382953 2.226063316246245 0.15068696876743523 0.288564371313344 0.5777310771329635 0.7460228183510983
S Te 0.1923559638883475 0.30291976589957564 0.5089060481135398 0.7358110684626311 0.2681478877271053 2.036723269938664
N Cr 0.576546688328283 0.5165971825170527 0.04959329345610885 0.20382641832636342 0.34862087918143736 1.7353155161224212
Na Ta 0.23746406011565493 0.339016863669284 0.53699597906186 0.8622893618666388 0.19387406789403885 2.5524997429901415
F Sc 0.6070034640478327 0.5262042084780524 0.03480173384540752 0.16228561339244635 0.33326338695447283 1.7620603397117718
Ar La 0.5014094630642694 0.7827254354060694 0.22361204476790028 0.3146788502861307 0.24799293264922675 2.194768972764548
F Br 0.5543198310872662 0.9803096158171276 0.31448297489461774 0.3640085882266494 0.13444199482393535 3.738325473723709
N Ar 0.0032020714605558464 1.177632291529951e-13 0.4324882033902225 1.4690320931298309 0.5332743742221241 0.44040657437404424
Tb Hg 0.26756680238533737 2.075595470006983 0.5409314540886383 0.7386325070608664 0.15580854328184696 0.29890296287213297
Na Ho 0.23702945739604805 0.33921809525310515 0.5201270395171379 0.825903457091006 0.21232451025204957 2.4689973950794473
Zn Mo 0.18592372671552676 0.3042458922131795 0.23144243172089973 2.1770278363661237 0.5558379542250118 0.7475413320567753
Cr Rb 0.1897884550149353 2.4101698827274003 0.5417455759946881 0.8305487351157029 0.24570828392768135 0.3276192900247641
Sm Sm 0.15829206831877393 0.293062604107792 0.28896617552344545 1.9588629676263063 0.516994839297533 0.7100338169996562
Y Dy 0.5633938830326587 0.724282200331409 0.1523470836625654 0.28978384171878163 0.25517685490651787 2.1646222460146864
Y Hf 0.5797595556896473 0.7343025372369631 0.14627723937200615 0.2894530221490483 0.24497847573905468 2.222053410608695
Sm Os 0.5462901508500708 0.7300691382031891 0.15024211059255882 0.2930501347165468 0.26911544920870983 2.079405815697813
Zn Ba 0.5131056730317636 0.697154341667765 0.17054604778479818 0.30124063811845886 0.2839635275911809 1.9699198519792769
Rb Ir 0.22518424146692648 2.3504111588634578 0.5778287795552955 0.773218427603443 0.16924290928615385 0.3032698952596787
Ar Hg 0.5853074857264196 0.81997821973459 0.18484253879991047 0.30404303361102664 0.20267197207847903 2.571763254421935
Rb Eu 0.25395245336549915 2.1558546261052345 0.16335223065915838 0.29452568431003623 0.5533472975143554 0.7299522304271409
Li Xe 0.36384326603355 2.0270552593774984 0.52979943803433 0.5728456474685985 0.07288329257301308 0.22660117565096694
Mg Ti 0.5353252586513266 0.723612765609332 0.2307686759665958 2.1358341770567844 0.21330529811982715 0.31431931541584024
Xe Ir 0.1622533071955676 0.29723037837745514 0.254954966079006 2.136368928243463 0.549619278663679 0.7536118950419077
Be In 0.32140229266641573 0.3641992455946073 0.19113579317417306 2.5026712188420484 0.4571088446482729 0.9600466838211239
Li Zr 0.33365621297408726 0.36674022281205093 0.5656506790665241 1.1038397850917865 0.16918551333355486 7.031003354327949
Xe Eu 0.2780335587259077 2.008679181137866 0.16851810846984397 0.2964696775399363 0.5198158628921907 0.7279702969540003
Mg Kr 0.24678500113843443 0.33935266004668063 0.5803524139329047 0.8533104875622322 0.16538406301118744 2.977725911929825
Li Er 0.5630042830305012 0.8105244853129229 0.2283297970508773 2.8674562675143513 0.1847976675045101 0.3148450848140357
P Cl 0.3005640033601346 0.34327095767224425 0.5854601124965704 0.9466924803548481 0.10475790610234202 3.45538633676863
Be Re 0.19519508806331592 3.146688560287432 0.602863004600917 0.8634662038588847 0.1812984587481379 0.3002852116353168
I Ba 0.5230926758368268 0.7767838423242499 0.24905267926281024 2.0990109317165215 0.19608544965316554 0.3051911293880371
Cu Ir 0.5501287263688232 0.7938077600717282 0.22537140244285378 2.332075863558811 0.1956162216992214 0.3159625297279581
Hf Ta 0.13881370534513407 0.2934597016805911 0.27222580756696435 2.082595960918158 0.5554288845837958 0.7184119698398698
Ca I 0.25502132137283895 2.0530562868508264 0.21390255997735358 0.3085348071952519 0.500514657248511 0.7645582641527097
Ca Ag 0.5317312200166545 0.9095864356714007 0.1616616185374715 2.585459964159729 0.28236536364826703 0.33967532157783065
Li Bi 0.3060679345045166 0.36915473710081975 0.1410752482542097 5.162611152971438 0.5615233196760763 1.1631051423367489
Cu Eu 0.5184560969065165 0.7163132222331 0.2703672650821497 2.050118211837626 0.1792668203436014 0.308175134868927
Co Dy 0.2437614869051028 2.2502236424544524 0.5369714156864129 0.7580326722587579 0.19259329217316193 0.3117208328414551
I Tl 0.24431987800695248 2.1708940661398994 0.5503551757124848 0.7728966598951815 0.17140062656831093 0.30194201994861664
Co Hf 0.5569664786614493 0.7847969680734976 0.19027514814781474 0.31180142700113417 0.2261476903593917 2.3577825473561402
Co Ta 0.22649738733206196 2.338759555126608 0.18914941788105488 0.3101589439663407 0.556343825394214 0.7832668198920173
Co Ho 0.19079113500268186 0.3115617033266058 0.24223370098617233 2.2364710355895667 0.5381572344544829 0.7594297817610697
I Hg 0.5590120502046592 0.7903081343219363 0.17858395311457026 0.30660780888986006 0.23234122111820654 2.284154698472088
Ca Pd 0.28923199903398655 0.3413624459035735 0.143420730518584 2.877283038121582 0.5479251104921604 0.9398278191235
Cu Sm 0.2676121919044438 2.071429034875271 0.18002435013860207 0.30705065651175145 0.521602063974467 0.7198539105148545
Li Pb 0.30082302092195895 0.3685336013825785 0.5650898403801781 1.1460036861065332 0.14854232856730354 5.259537505828657
Cu Os 0.5553045108673069 0.8055630562054791 0.2176782668752482 2.41067418922146 0.20044536893023973 0.3186859368793801
Ca Te 0.5231243840211685 0.8207038285786458 0.23498621033376707 0.31777176909671034 0.21647821960955496 2.288784689481927
Hf Hf 0.5488135294984908 0.7135605065558143 0.2754769932541383 2.0300431890262174 0.1386412371090859 0.2946848123157371
I La 0.1949459996664706 0.3038280533401194 0.5210666222763911 0.7735430502007598 0.2520171435592227 2.0896422370189747
Be W 0.19963538052035976 3.117542528547051 0.18284927972284726 0.3002613033901419 0.5977678325136493 0.8501730482670484
Li Tm 0.218644912006787 2.9672280754564193 0.18923672091573432 0.31861396275289644 0.569575701719899 0.8295147187045134
P S 0.599192627738002 0.9053061718425116 0.27590322285528435 0.3328640482287431 0.11252049345887981 3.182172912142964
Be Nd 0.30456586064515395 2.2179427432012733 0.5202163963087617 0.6698801563762121 0.14281947428336694 0.28012167324230597
Be Cd 0.17771002317448287 8.667426184318744 0.5232636239879157 1.255456230040903 0.3945530043637951 0.39105899733045346
Xe Sm 0.277524857350412 2.0026860470816676 0.17179006370255173 0.2976920623606495 0.5168652814954593 0.7311340247463567
Mg Rb 0.16230069920192627 3.0147046673034836 0.5800654963579104 0.8578850876620859 0.2500353398213241 0.3371241397879363
Li Nb 0.5567128143990581 1.1445626124564499 0.16268527277882402 7.44563394298371 0.3499453240170953 0.37237874776703045
Mg V 0.21634164907007278 0.31736294080126115 0.5394975900717309 0.7282850759193894 0.22550127152142238 2.21757507826323
Xe Os 0.16063556281730051 0.2965575551870564 0.2556397936936154 2.1445262183160736 0.5512422890658295 0.7516665929927664
Li Cs 0.5263428450355396 0.5785188359363398 0.07920060848817323 0.23074042197757252 0.3601405127027378 2.036654200872966
Rb Sm 0.16473563582701253 0.2949031903978583 0.5487136872623827 0.7286745898413978 0.2564759849977615 2.129363959992358
Ar Tl 0.5844422482558754 0.8240768161836759 0.20116346490864323 2.576413380106571 0.1869696507104766 0.30421410653551384
Rb Os 0.2326757178305999 2.3018672885219336 0.5779173006168539 0.7592557293401366 0.16100252111321742 0.29873197089243136
Y Ta 0.23760895919255667 2.2549954880722645 0.15320056897048862 0.2927835887323183 0.5799034892509376 0.7457995357429885
Zn La 0.5162981329170587 0.6809574265766306 0.29313838133182585 1.9471152401514364 0.15799855294465648 0.2930951947658246
Sm Ir 0.27152812370252344 2.0479584476423023 0.5414393621569478 0.7280706387463147 0.15077918892945916 0.29349937023901496
Cr Kr 0.5554551513294756 0.8352216603939686 0.23917453255171958 0.3257171401305943 0.1836616544831803 2.4718201130215696
Sm Eu 0.27902980304300506 2.0164499822924022 0.16303143696910777 0.2961344073979433 0.5238841350973594 0.7221206235152628
Y Ho 0.5672304452265274 0.7266115751760495 0.2521681889717958 2.1828124953402486 0.15111446888255403 0.29032608255283027
Tb Tl 0.5431347182962377 0.7432329578770582 0.15751819285256857 0.299164038241367 0.265042027930271 2.101853182743458
N K 0.41379695045432613 1.5110926873870447 0.5523392886829385 0.44628101459448266 0.0036686965434030764 4.842964771913249e-22
Ar Mo 0.1302798407613311 3.5792935294563764 0.28274702211789776 0.33921336317351436 0.5825841178602759 0.9559779391410342
F Se 0.14034891593635826 3.5052800588056674 0.30716067580494333 0.3633272233760617 0.5524895468641473 0.9526142726518626
Na Dy 0.5181157217179354 0.7908295219229406 0.22137212827926567 0.3311135421070555 0.22839228950704882 2.34433388787968
Na Hf 0.5291210765579057 0.8622816293241988 0.19745088018330073 2.5082909023267446 0.24179234117151724 0.34295252003475746
Ar Ba 0.26129899674461365 2.076062240508065 0.49409567338318006 0.7606105545686531 0.21388899210498857 0.3116061681561574
F Ca 0.5996983437452078 0.5151535402372712 0.34588707951691466 1.7101188141807548 0.02880382116169864 0.15513619502288406
N Mn 0.5875475571989033 0.5328568696328139 0.0537857991936532 0.20575951938411197 0.33393641945083624 1.7876238592862521
S I 0.26027277669592214 2.1099319412709394 0.19917146275820125 0.30539369027940866 0.5125652735247002 0.7494333604726902
Ru Ta 0.5766075931565496 0.7529392757308887 0.23776263608658385 2.2340761559406235 0.1551609928826688 0.29052698378379305
Zn Hg 0.544412230233265 0.7999386431889446 0.22649530035454282 2.329981258451894 0.19984017170181098 0.3206045036160038
Ru Ho 0.25379113825390964 2.161243590603758 0.15740116993059602 0.29144963313233296 0.5583046405111702 0.7359725414870596
N Ga 0.18878707545907406 2.7044077042013055 0.586698367174073 0.7948090843054385 0.2148226873091717 0.31340411569936555
S Ag 0.26934907874628145 0.3384203009612105 0.529230857416658 0.885221408250992 0.1763538307770946 2.4655146713270617
Ni Kr 0.20599933356995 2.3444338824329387 0.5555898420812573 0.7885328669031808 0.2161638063137343 0.3228049281971223
Nb Hg 0.1603543844722577 0.2948943826132521 0.5774876348868696 0.7665525468751534 0.2306759825401616 2.264939070346409
Br Ho 0.25362845680820606 2.1704067828525964 0.5609741297540185 0.7267211334754977 0.15569809502340787 0.2977492229593581
Br Ta 0.5784531370010824 0.732899918454003 0.14753131162401517 0.29366602008452586 0.24533823619736803 2.2330440684465103
H B 0.2660786024487148 3.2943244279594186 1.8837830862273047e-10 0.31379539327269845 0.7744151696825518 0.5276953146779924
Ge Te 0.1695933968514614 0.30127043639520223 0.521573121118154 0.7049592213668483 0.2769375507707771 1.9839370739527284
Fe Co 0.511241473536956 0.6915841977200725 0.19975170548388257 0.3130623766717313 0.263214834614743 1.9897059194416409
Nd Hf 0.2744701944674765 2.0368051830444447 0.14826258641900464 0.29182246064575607 0.541883606861003 0.7204345185306482
Si Tl 0.19910453252258828 0.31754282569456604 0.557931821755738 0.822839239891732 0.21375281549520922 2.481954341703313
Nd Dy 0.15695230026700602 0.2938748004179664 0.2811162657124601 2.0084309047017954 0.5273588241940129 0.7169011071833408
Fe As 0.21879478488104137 0.3227749795910573 0.2019535881722417 2.418922340849897 0.5602931469969684 0.7877854388389136
Ge Pd 0.5429365233882227 0.7579750823522243 0.19432287919959737 0.30992974467109424 0.2347069341773294 2.1569364928967056
He P 0.0038195333236734387 3.51919481991558e-14 0.48740652556553604 0.4525880699041919 0.46982684720858797 1.3290113644606412
Al Eu 0.17037733551982548 0.2979041927805408 0.5461816526926431 0.7243341681887395 0.25324577542184945 2.2407872356220846
Cd Ho 0.17610034170084948 0.30397773796668126 0.25191447000038086 2.1636583192649557 0.5415716760100505 0.7542892704706942
Cd Ta 0.5638236155863422 0.7711461403067636 0.23480523169392795 2.2627409687000255 0.17197015961845705 0.3022985255038831
Nb La 0.2389788165783873 2.1891961737300916 0.5383566937357078 0.7745133297103216 0.19391392169043817 0.30148693127038073
Al Ir 0.5576219564236329 0.8197362441844994 0.20234778012233332 0.31994219747673286 0.21024898598840397 2.488293003058606
He Cu 0.24851514371349903 0.3474216405630533 0.5678246035949027 0.8204972991046109 0.19145032285558525 3.6684711370882437
B Ca 0.4573075000104559 1.4133024140009482 0.0009867478967623595 4.068932452421314e-20 0.5092245612930677 0.42012638963254995
Si Ba 0.2598100371744267 2.2052751884216875 0.5276462814427689 0.7359819939492095 0.1860253273541451 0.2984406452852549
Pd Os 0.1675013072350515 0.2984048852562728 0.5730907314861046 0.7748072608622049 0.2307197398770566 2.2979341897975565
Tm Tl 0.26192417692824677 2.1405038211693643 0.5517180182965135 0.7437553787891268 0.15379361941172634 0.3008699874818465
Pd Sm 0.19055410396358943 0.3066025069191256 0.24519787661618075 2.1649508964979596 0.5337831213183104 0.7685393293191684
B Se 0.6494781441858452 0.8503016300833659 0.16750448217790465 3.703772782239546 0.1914769881131063 0.2932115128078659
Si Mo 0.5763013658957805 0.8950277383220571 0.2578861236398029 0.3322628655688415 0.151719138029924 2.9591550326721854
Mn Os 0.20592421622247042 2.5505474770672256 0.20176453593727153 0.312375824311352 0.5683822314196221 0.8253216868592197
Li N 0.13128964493945325 5.949275828927459 0.5064307991221101 0.43159083846379165 0.4160521627152394 1.1409062954218783
Mn Sm 0.5074035031097098 0.720033617184193 0.27549213354426777 2.0393507081239726 0.18603009290357286 0.3042648812608076
Kr Kr 0.2238379544878949 2.276831212964845 0.6046101299785273 0.7300605045399133 0.1483122585173078 0.2871010701771043
Ti La 0.4893977173310637 0.7982347982703892 0.2435843901984115 2.146980201588429 0.23802682007184747 0.3179674807054894
Yb Ir 0.5557245332166432 0.7265590821598229 0.26829810135706084 2.0981828178001476 0.14242623027332607 0.29417782866756453
H Pt 0.276210648045589 0.3497944320879895 0.600883230596297 1.2078263577381363 0.12537159657252916 5.552697680404084
Ce Os 0.15471469152323059 0.2932551692547041 0.26645786391192655 2.0611737570039446 0.542515759284976 0.7357980304678197
Sb Te 0.2104552114120955 0.31581409766405294 0.2257755083760122 2.2028067553774817 0.5341417368341193 0.8076284615191094
O Cd 0.209192118186652 2.4389639760714252 0.4776059107679865 0.869015975844921 0.28905854385557517 0.34565312285716554
C Tb 0.15315396206366852 0.2792897073088353 0.5420255824196665 0.7207569377023408 0.26976245032499346 2.2243597282630456
Ir Tl 0.15052359642574326 0.29710999377860253 0.2507038486870087 2.1711542558162744 0.5645978718877178 0.7551361603591493
Ce Sm 0.5149165476025303 0.7243467105398562 0.2820233491701713 1.9832367542252232 0.16830643055867872 0.29530345416264764
Ne Ge 0.5332015692538111 0.8607585202212773 0.16706009024246185 2.9055701162675476 0.2914537267947032 0.36531753051602234
Ba Ho 0.15720048876153006 0.29293664983355 0.27695596599381056 2.0413585162508037 0.5327325300453799 0.7224543468902743
H Ru 0.004907038850621042 7.309574823165591e-10 0.49660487774349943 0.4627109463566651 0.45792130660672087 1.7739687175119594
Ti Hg 0.2008012890978196 0.31040726496529397 0.572541405022173 0.8359171631945017 0.19903614520859214 2.553474989201996
O Nd 0.1948298946682807 0.3076788661209904 0.48378518733145304 0.714777191111613 0.28598411060160267 2.0663193361882053
O W 0.5537647387187753 0.8597161418951292 0.2181174119881957 0.3178733166373853 0.19845602981111046 2.625085799107665
C Pr 0.3111592747267676 1.984781194835052 0.4640539402453753 0.6900925662688526 0.186133927201977 0.3003072708341088
Ba Ta 0.15412762545441658 0.29232396864192167 0.5483435183640425 0.7350026845776512 0.26433737396165086 2.0997394621797856
Ne Fe 0.5470823002337625 0.7238140736728188 0.21943309008993678 2.319349420039047 0.21649605306073724 0.32351710451595334
H Sn 0.5543558484575997 0.5393476124073917 0.02261855110564134 0.10085741558757383 0.3920942330668734 2.126757322262324
Cl Y 0.14588259612057525 3.1240601610542305 0.5996156102955789 0.8842572001100154 0.24366672913032272 0.32152472728391557
O Sm 0.28038273858027546 2.091017282748964 0.4968615997223828 0.7180616244208193 0.1870355595200402 0.3042890415320179
Ti Pb 0.5738472774170308 0.8434365667226842 0.20268874166193457 0.30975427346911655 0.19600414899675958 2.5849291524854494
H Pd 0.5295888519988605 0.485893757048736 0.006579124497834341 3.233750914445018e-13 0.4270707300669488 1.9119331052173638
Ba Tb 0.2825941275813807 1.9932184588810191 0.5226445829266492 0.7184263046781587 0.16039557341963367 0.2925038735323919
Ne Zn 0.27457386451189153 0.35658170252020543 0.5311023699367653 0.8144976257460852 0.18189928468423885 2.6717743412997645
H Te 0.5536842448865341 0.5612863516831365 0.37696605028560176 2.2236029072246453 0.039597424607885644 0.16116013479526345
Ne Cr 0.2528157482572193 2.0982513087722148 0.15803687907918904 0.291086502282066 0.5689449023221562 0.6585070221116431
Ba Lu 0.148481043182916 0.2891129620215833 0.2709615717123996 2.069377375225991 0.5471931632491989 0.7228250846886971
Au U 0.1481288514173521 0.290802588906467 0.5573598317918101 0.7533699133809906 0.2586358112954592 2.1342117298630146
Sb Pt 0.5518623267545866 0.7710718042215888 0.24168141520265635 2.182967516757343 0.17491640930676775 0.3036971712244718
O Os 0.22949002047126568 0.32434511120162857 0.5548013049704482 0.9000153431207895 0.1846602326216307 2.6985962400487105
C Ta 0.16944035790250947 0.2868205478829916 0.20683146207492392 2.6924157153613573 0.5941211297243507 0.8229982420762421
K Ni 0.2137415432268506 0.3183975127985654 0.524313979723859 0.729735008038397 0.2402415713711251 2.1337242263269465
Ce W 0.5464852466950729 0.7316554587436778 0.2660914838248231 2.0944511257974296 0.15407965344081073 0.2907640666686299
Ba Pr 0.26749012266494376 2.0303524107309467 0.51569488476776 0.7501952151787467 0.18339603115833109 0.2991752663634969
Ce Nd 0.5124136765222604 0.7305507131609117 0.2796124455208022 1.9884802827251709 0.17346504792603296 0.2963735636308752
Ir Bi 0.14098864998604138 0.29086717084735403 0.2614975136989417 2.097760736345976 0.5602100571927767 0.7385364474127998
Ne Ar 0.10262048775194854 0.2512613372552802 0.5756580667031249 0.6065911244311898 0.29742609161711897 1.8156317328099434
C Ho 0.5628014962109901 0.7333006437638567 0.2576434997500655 2.290548197202902 0.14393884597436002 0.2727623534386459
Ti Nb 0.14319790601267404 2.9357750066770887 0.2807968870077013 0.33520312733309204 0.5589704883310913 0.9268600966993337
Mn Cd 0.22311705195513265 0.31945681058427555 0.4882742912623726 0.7552607631378113 0.25705291757354093 2.003040430521028
Yb Re 0.2711810710087581 2.053245434047569 0.5510510275925219 0.7191854024964532 0.1410682294269196 0.2944372183174769
Ti Cs 0.2439923289225176 0.32222435221688583 0.2289258491322427 2.20589269141966 0.4992091527563697 0.8175628581931174
Mn W 0.21895565347208248 2.4273925333271404 0.560579045376057 0.7966600017273158 0.19479772277559687 0.3083847650232609
Au Au 0.14712342537016526 0.2926974901465094 0.5606933324338224 0.7439790395274165 0.2552276987585169 2.1096885865361727
Mn Nd 0.493477404183232 0.7292936255297165 0.2756871307400911 2.015742274970081 0.19922900499430374 0.30983256418644245
Li B 0.12401171750480304 3.2220681215830953 0.45642777149525116 1.0341633491175843 0.4394633645949937 0.4062957445773034
Ti Tm 0.2386081876088309 2.3017365548908053 0.5670093074276851 0.7519199823267587 0.1665920281305682 0.29278218439302284
Pd W 0.1673005224022678 0.29734576283398884 0.5655770617516669 0.7629446267833997 0.23650626375376393 2.234964996567402
Cd Pr 0.1967185597511551 0.3086449608180519 0.5201171241791189 0.7671642494726298 0.25277805122727554 2.1153259517518586
Si Xe 0.17972536137499823 0.2988186856287599 0.521367642363836 0.7197979556583982 0.2722051813920607 2.1333104162710117
B Ti 0.0013837594154660021 8.954856978694475e-21 0.4378963036138514 1.497430452897866 0.5308430971504768 0.4312035359678019
Nb Tm 0.24722901662662236 2.2009115387223193 0.5750712573337882 0.731518854942727 0.14799314998392696 0.28773326449548237
Al In 0.2224269448421981 2.33314832562787 0.5034237950238186 0.8168675528045164 0.25126687683372356 0.335874744458139
Si Zr 0.24386592627110193 0.32607468407458534 0.15416248386075374 3.0902683352450837 0.5930352990692537 0.8769229190176384
B Kr 0.23395208644886734 0.31817096010149487 0.15746195737173554 4.121878524771171 0.622526360170446 0.909319316523756
Pd Nd 0.23548604401169554 2.228509559409069 0.20204470292820476 0.3109023308020485 0.5340506193536487 0.7875349992497211
Tm Bi 0.5477947900427136 0.7411660249517895 0.15234161953003988 0.29953335924679464 0.2648995793920615 2.1041428470322368
Si Er 0.1508679465809121 0.2911249666446094 0.24262419392065449 2.302770870146957 0.5756488070285158 0.7288641468044275
Pd Cd 0.2260398253823777 0.31965343602749885 0.5521382785754745 0.8391440431744916 0.19651651892521796 2.392872147032239
Cd Tb 0.186607295632313 0.3075464966985433 0.24673963056454323 2.168513164636032 0.5360234951632471 0.7648504229855626
Nb Nb 0.17064279910990554 2.735858269627697 0.218466134326243 0.3134835698711397 0.5932626708676902 0.8472168409350264
He Cl 0.5025788768019351 1.3607260724169665 7.388606498971804e-07 1.3656297373045554 0.46080285687105127 0.41307634245340574
Al Re 0.23160128585807227 2.2866542184441787 0.17613831116443543 0.30658540157570385 0.5574163787953773 0.7700520240788407
Nb Cs 0.1957624519214532 0.30415275712986345 0.5410054721350221 0.7790680656967948 0.23453128182487146 2.2018832181547543
Cd Lu 0.16769243555834476 0.3008568505151576 0.5561691065328067 0.7554484609690129 0.24496455717858906 2.1892245122055716
Ho U 0.2612377344355782 2.141320382688883 0.5453601419576515 0.7574444496636369 0.15900592676537043 0.29736627230995955
Br Pr 0.16175290401179787 0.2936900325272454 0.26321811059461286 2.0779350778785033 0.5439249071433772 0.7202377290810823
Ho Au 0.14956251521258704 0.2952766450949272 0.547636020862781 0.7312550775252411 0.2676805578520953 2.08419395675218
Nd Yb 0.27728158691403704 2.033588090272425 0.14923557441887791 0.2926156432172495 0.5389323093681223 0.7163055732048585
Ge Sn 0.2573473433415261 2.065374195457955 0.5178413368815767 0.7417014756314969 0.19523767486104637 0.31548638525942874
Ge Ru 0.22505460193066887 2.252354582864536 0.18857193834416588 0.30539409496532943 0.5616712944000162 0.7616187011770142
Fe Ga 0.18163019649252096 0.30626700881535385 0.5456593416378344 0.7024513486164176 0.24691130021275176 2.074861383178204
Nd Gd 0.16200463889214467 0.2936789400713514 0.523245160107887 0.720832591381084 0.28060470106754376 2.009336533182251
Sc Sr 0.575469255589162 0.8857459676535615 0.15295320947924487 2.8889100602199003 0.25568695779972994 0.3248292058163069
Si Bi 0.22736849661739703 2.3528991398181174 0.19199956218099345 0.3118892961137058 0.5479987991141113 0.8072735474093696
Br Tb 0.15811834589818638 0.2968638084658234 0.5562953557640098 0.7246146583525963 0.2558542119268179 2.1489185501152726
Nb Pb 0.22485797410138691 2.335575389485374 0.5814419102365296 0.7785161787094729 0.1646073461564134 0.29580797120867974
Ni Se 0.20891079678572896 0.32295698053314015 0.21435368305420754 2.286446766463037 0.5537989377148625 0.7665067361020365
Ge Pt 0.23335307359704666 2.3040964900307976 0.5628034268274266 0.7672596559823395 0.17747500166508534 0.3071054360942551
H N 0.8359228613798774 0.5809083682638901 0.012643162613443538 4.8903624845142664e-21 0.21793176706442674 5.465794935212037
Br Lu 0.24651285138257945 2.2166973942999064 0.1512096222304215 0.2968125986168351 0.5731820555896989 0.7318674555399206
Na Ce 0.5166236434063997 0.6885058366052001 0.2828453230211254 2.0876483577818616 0.16816319784697178 0.2974403629223213
Ru Lu 0.5704509820110638 0.7320599441289014 0.25093543263613527 2.1519119218489733 0.14645657636776502 0.286007943619682
S Sb 0.5212348544029262 0.7773336631832738 0.21145602004372221 0.31303247493209696 0.24124864510272653 2.1950353478593154
N Co 0.5656869095521351 0.6331453826762261 0.2747094516673551 2.0428306425308196 0.1397804844045406 0.2802749430883884
Ar Er 0.15777278260688854 0.28833041867127834 0.5748259076815901 0.7441307256358787 0.23997773705671116 2.3289953754847
S Rh 0.5578965738693281 0.933443426218621 0.14362812060646502 2.9511701227703555 0.2813925058593645 0.3410805235926442
Ru Tb 0.2455044136186457 2.2026682486190268 0.5531007728828669 0.7531727490795895 0.17228317997775644 0.2980361909495235
Zn Pb 0.20786867449932162 0.32436971766943107 0.5443912419710524 0.8162693441342586 0.22024825232336517 2.394315734462783
Na Gd 0.19967563040945763 0.3173647603130986 0.25120388889299666 2.2176852400853377 0.5157396827906093 0.7469249124358466
F Kr 0.13621640775276894 3.5370555555641903 0.55180190523845 0.97829165352842 0.31119333928829074 0.3610169279090225
Ar Zr 0.2540601451469643 0.3271091843776043 0.14724101934871908 2.9605484385984044 0.5838236163558584 0.8943942111356172
Tb Bi 0.15313578794822183 0.29609190251292605 0.5445164448381844 0.7388849665698118 0.26831044391223424 2.098088237873954
Ru Pr 0.1955385353341291 0.30644335767811487 0.2408990421538242 2.1757646218033186 0.5337300985225802 0.7752233550998258
F Ti 0.32108143183179566 1.8077809094574748 0.05040587248072631 0.1907847205817669 0.6040891405222818 0.5425393296116379
Ar Xe 0.49928037208324316 0.7652389010002206 0.2572082044133921 2.083356092687009 0.21346203011391723 0.31231843392282727
S Au 0.19822744011192728 2.5616674587897124 0.5784186783286526 0.8248564216981479 0.1943581386133039 0.31013970481792136
Na Yb 0.193943845611631 2.579794833405616 0.2498303635579371 0.3477290004115347 0.5261461680915965 0.8637322763536052
Sm Re 0.2697598215864226 2.0636909996486423 0.5453556411993102 0.7273627089872613 0.1495532597191443 0.2923318666031923
Zn Cs 0.171470302954126 0.3019230267176765 0.5140099549630388 0.6990796987809554 0.2827410562430011 1.9783167753972317
S U 0.1925825850151356 0.304508270856823 0.524613129048133 0.7989725130998637 0.24845576915813777 2.2347057104312085
Y Lu 0.2445626863524759 2.200476612770379 0.5777767277973828 0.7319534016590782 0.1469414725740525 0.2892658970206672
V Cu 0.25765553584180517 2.044850818068117 0.5407544709196124 0.6882940250129121 0.1773688925719517 0.29944350343687487
Tb Er 0.5317059051418045 0.7128696429092527 0.27951746406429906 1.9948371473046418 0.15112916350731168 0.29618732643832496
Y Tb 0.5554536882129598 0.7151515574629829 0.26237472800300427 2.0985121914032066 0.15062249759222918 0.28777781381347
Rb Cd 0.2143496666712543 0.317984599177018 0.20798322312687118 2.3359863955955085 0.5520502700075101 0.8076496917315206
Zn Nb 0.22306059816905816 2.2623325986612053 0.18891376067970173 0.306838330369581 0.5639610732836993 0.755185327542803
Cr Se 0.1922267978221143 2.471255655903578 0.2234973842562986 0.31992628486466 0.564781700019455 0.8076172143931545
Zn Tm 0.5424002900308721 0.7527058885323453 0.18516780841611993 0.315519072175258 0.24348882406270977 2.2215938223586713
Ar Bi 0.5861063955224555 0.847364693031365 0.19645664616256744 0.30784271941867586 0.1918440448564614 2.683761460766519
Rb Nd 0.544704253078839 0.7283112201307599 0.16663508382981185 0.29403780233538285 0.25816058892941535 2.111825247661102
Y Pr 0.5468341178917784 0.7500657328030061 0.17730435798816518 0.29642598839064505 0.24704488349006948 2.1725920893591844
Rb W 0.23952622897354267 2.2520187986923137 0.5770228570124204 0.7424512647477942 0.15464479862107053 0.2932631221608192
Mg Br 0.2349793846354691 0.33598836159878875 0.17121005273202988 2.8060953347755917 0.5813962197978916 0.8265919121736168
Xe Nd 0.5172097146723922 0.760669924875957 0.26103699868379404 2.0629119011975847 0.18904168766101728 0.3045480508467963
I Tm 0.5363759897768885 0.7173704246840339 0.1522329680362859 0.2932312808685393 0.2769662151159087 2.026054585289206
P Ni 0.5578138448202745 0.7522294492590701 0.2113252622075214 0.3216167161059039 0.21304462888431275 2.343948500540687
Li La 0.49922066849030056 0.6609705928695042 0.14950506734390323 0.2809810380679556 0.32062285631392207 2.2283639835729105
Xe W 0.5503114704713693 0.7442328512724633 0.160211819009028 0.2947136622852744 0.25801482230279593 2.1437368700222805
Mg Sc 0.2228010525172993 2.1404979719898214 0.5237465473889384 0.7467842123997439 0.23265725980320448 0.3227570033857082
Re U 0.2645621437680716 2.1160508508009643 0.14252938457775566 0.28863665297399826 0.5566993226909958 0.7424298351872509
Be Os 0.5991597470244517 0.8790095400902809 0.18903335436306817 0.30552452471228086 0.19128221904356169 3.1910188363089365
I Cs 0.2394120877627103 2.1519739960135826 0.5277582312992268 0.7907382925611492 0.20231267711306605 0.3090751289840623
Be Sm 0.2926502293177435 2.300301614296444 0.13439264189988406 0.273349744294965 0.5422008990111274 0.6809247838870441
Li Hg 0.14720276802877913 4.695034709492926 0.2933837825007807 0.36916285827124556 0.5610960901130091 1.1082723279724263
As Sr 0.21616867171993492 2.3424379651999465 0.5946143990303042 0.7466862770052217 0.16752714666538526 0.29887586773586516
Cu Nd 0.2731019479694844 2.034409711974061 0.17893014410149247 0.3058816587542746 0.5162792598543701 0.7125167890051323
Ca Ru 0.12624390585373277 3.544253878987013 0.5662037027071539 0.9816921745542416 0.30060166054271464 0.3446998785398389
Ca Sn 0.21938114907771902 2.208377407174233 0.517597200275653 0.8137002115417133 0.23504024642787577 0.32090744278870054
Co Pr 0.5039787780306944 0.7260566032598924 0.27187137495383334 2.0486518323128213 0.19405429862765772 0.309697071316028
Cu W 0.22680089070101536 2.3737728150983908 0.19096516157076784 0.31343239169189735 0.5565436584310538 0.7801668986023427
Re Au 0.14219505031635882 0.29120045572083797 0.5628817622032639 0.7355993015214778 0.2595766762714664 2.117346767521774
Co Lu 0.23035876761510268 2.319324208086649 0.18997006539210842 0.31232916083262424 0.552067540966685 0.7760659070463649
Ca Pt 0.5694778186414952 0.8300587762059015 0.20526246979145574 0.31238967065381124 0.19826117593954298 2.5302619697799362
I Pb 0.2382631763033269 2.2168444995570646 0.5552223936181304 0.7820234346465348 0.17379292409197444 0.30266772008615817
Co Tb 0.25598648718463346 2.1393011303912703 0.5275371383450977 0.7384555016268328 0.18622213845438423 0.3083817033491072
Cu Cd 0.24185229960810004 2.1194734413171337 0.21548539741416364 0.3208563236192725 0.5138148898822515 0.7629809446425209
I Bi 0.2351218418078084 2.2434513747926292 0.17475444106808527 0.30229430324637335 0.5580904284540226 0.7869189295999491
Cu In 0.26874975264248235 1.981699980412578 0.5012661403722417 0.7247865736682131 0.19798267682619503 0.31475372059972223
Co Gd 0.5231882284429736 0.7400513830580238 0.19031113759234117 0.30910782036835405 0.25744034451484327 2.1457183533520325
Co Yb 0.23107021347764645 2.3275524332456836 0.1920105981553369 0.31403173259448275 0.5503738390224795 0.7758991018821032
Ca Au 0.5773466907817083 0.8528448089381032 0.21147951175060517 0.3157512391968841 0.1877102293483102 2.7246039631956838
Ca Sb 0.5165138110890525 0.7995311401053903 0.2267247575778559 0.31591929193624063 0.22810858625563105 2.171556330107221
Re Pt 0.26306924744267884 2.091116054668255 0.139918362510909 0.28922995694147347 0.562323629877355 0.7291821536421544
Cu Re 0.5565169742220168 0.8020669485741163 0.21747273966554778 2.4154592955384855 0.19961735571474037 0.318535913971422
Co Ce 0.18687826784645775 0.3061793524883848 0.2847194039670243 1.9723307196478703 0.49612172337642296 0.7083063320677265
As Y 0.16135668825838945 0.2942724418538353 0.5872281308865663 0.7348556490469057 0.22578476749496984 2.2183620217209192
Li Tl 0.29841329583949167 0.36841832176591366 0.14862613649552872 5.144457024502389 0.5648933647914636 1.1325911129665016
Ca Rh 0.14740162054886924 2.7205603111913366 0.543310082433813 0.9294255975028053 0.2865542793458693 0.3391937139140715
P P 0.1203015882339426 3.0881703640319893 0.6166806126383851 0.8683130350050017 0.25042309272749946 0.3219788010625621
Be Eu 0.2834523765601796 2.3248243300353453 0.13885416245450938 0.27588174647888913 0.5459491602020066 0.6955308189589345
I Xe 0.24408139793986505 2.1067267217661416 0.5227920482930104 0.7856483611731042 0.201365904181878 0.3096295617606817
Be Ir 0.5890490655470522 0.9103252406728032 0.20844245984524984 0.3168524857182858 0.18249948521813403 3.2766116270104835
P Cu 0.18237539414216503 0.30712226313010665 0.5867054296489835 0.7322411438764088 0.2150318964310718 2.3854074932521527
Xe Re 0.15859071675635447 0.2952346046964799 0.2574180976408179 2.1344181682890313 0.5513283769132847 0.746584541164021
Mg Ca 0.5260936033993742 0.7973963996489964 0.26057806899270614 0.3337752907098592 0.194312325920248 2.286229573671005
Li Ba 0.511577410991959 0.6373765175005615 0.12699730211249324 0.2672998237518362 0.3302736435109738 2.1759433360951332
Mg Se 0.23902255544069012 0.34035345603996925 0.17138744420637506 2.8826281873632236 0.5804767102239534 0.8258436743952885
Li Mo 0.19032511970250335 8.431082335457411 0.5448468318368863 1.1930310889556652 0.367795061371041 0.3802214438959167
I Er 0.5367425960062502 0.7283999738093417 0.15976922817048111 0.29638084585958996 0.27023488748387436 2.0626176896250903
Rb Re 0.1549442254950586 0.295041055574669 0.23822501838981083 2.258552901149402 0.5776713248883418 0.747641955576097
Y Ce 0.5418878252634282 0.7433994754210349 0.25239851581318606 2.1219661608961453 0.17528519220640565 0.29453382330045386
Zn Er 0.24203746058952214 2.2350323331901105 0.5420930069215238 0.7551321713228958 0.18756665424657146 0.3154136125463925
Ar Pb 0.5823180924306546 0.8272420205134472 0.19987057477710116 2.5404984676792055 0.1881071206267171 0.3042667958385706
Rb In 0.2104986544324503 0.31641022594510976 0.21476910461590004 2.310670194887525 0.5495451476568758 0.8000049742834213
Y Gd 0.5544475133787546 0.7305554191932754 0.16103119895829623 0.2912247715501382 0.2540192083154033 2.1414498390558783
Tb Tm 0.5354575395929283 0.7176259488290004 0.2760321407674857 2.022110364956847 0.15215728832075107 0.297734327929136
Cr Br 0.5562558187707323 0.8108095689893162 0.19385959355160395 2.378179412612559 0.22679103858312616 0.3206410832235303
Zn Zr 0.22702028190351756 2.2284898469145284 0.5622122305602657 0.7484838003299275 0.1861121959757108 0.30704967684492995
Zn Xe 0.5161635865661665 0.6998736923694986 0.281851089728168 1.981658498117728 0.1705988524185047 0.3013769104679794
Sm W 0.2730964058590334 2.0514327855274836 0.5444495227380266 0.7188905423745326 0.1472159414843352 0.28963393944498445
V Ni 0.5257305112086045 0.6840469157940916 0.26455127950441343 2.000248311944467 0.18461395987062407 0.30298086036462035
Y Yb 0.14463857676099878 0.2886829480782628 0.24961249038128552 2.1835277297244726 0.5754807291615284 0.7252665483634192
S Pt 0.5766321030791985 0.809419241913698 0.189348359640694 0.30700710172679607 0.20650454703745616 2.493623516853058
Ar Cs 0.24464256760310393 2.1737278490542487 0.5028345205679702 0.787758443843534 0.22505798803690316 0.31702325525423425
F V 0.09585349350309473 0.2462298310701599 0.29663543159335837 1.9020439241699882 0.584672174482132 0.5831466389044128
Ru Ce 0.23433454717342592 2.227612875160887 0.5347379269571427 0.78909109180803 0.20305242355516231 0.30932198615090756
Na Lu 0.5292228637294086 0.864641181684143 0.19371458453389606 2.5634192322436666 0.24662556535016825 0.34530313593967643
Na Tb 0.23790501253815796 2.2940090509984024 0.2132432234264447 0.326252735772734 0.5167624753315019 0.7725556889980283
Tb Pb 0.2630891998909812 2.1035410242048544 0.158041209580576 0.2994580145292994 0.5435250594785883 0.7454180493672191
Ar Nb 0.5850876151424458 0.9333922690141141 0.2723754509793576 0.3344243628584745 0.13334091450178157 3.3476529005781175
F Rb 0.13714355139892018 3.6557734992121746 0.5429645198675563 0.9838897605412156 0.32164626854010203 0.36512742568323064
Ru Gd 0.5440195769117546 0.7586776634861407 0.1800166783940811 0.30102712855534636 0.24613356843425968 2.1813642194826484
N Ge 0.5874450932025294 0.8334613699755365 0.17389954075579342 2.893694545484742 0.23111629470578754 0.3197546627291157
Ar Tm 0.5780842913112191 0.7370718665355221 0.14985416397963042 0.28422197417760336 0.2411188644032394 2.2699963844945765
Zn Bi 0.20694977244506776 0.32366123845084716 0.22174751661173434 2.366824845432236 0.5422239505113693 0.8145125057314221
Na Pr 0.28060611196051843 2.0928026800609896 0.5158360522660865 0.6923756788596759 0.17063611481872532 0.29976872674991656
N Fe 0.1085290266612603 0.26055395519784263 0.30034727588117466 1.927960109297733 0.569837111416862 0.5891752189495423
S Sn 0.5264497203446348 0.812960451280871 0.2295509638723709 0.3224185040942065 0.21947913296923108 2.3042969968513956
Ru Yb 0.14947838662508786 0.2883431016912721 0.2486924924348786 2.1979917608211297 0.5722050717238198 0.7363383281121372
Ge Au 0.5614496713214623 0.7770820340745664 0.18224895218664466 0.311004064366059 0.2303413690011379 2.357572725141173
Br Yb 0.15170226382241242 0.2979471082206293 0.5683864462538417 0.7280072583283468 0.24994330741828305 2.185960978828057
H C 0.006150695749329817 7.6997918361594915e-19 0.23382183647922475 4.311029896923599 0.8121251421673386 0.5504236443110996
Br Gd 0.1607473410937835 0.29613142758635785 0.2554937735137379 2.1390893502158086 0.5535877712158787 0.7269741743037555
Tm Tm 0.1516174661295911 0.3014864168221664 0.2729398261907509 2.0535725994717677 0.5403768315128908 0.7212322947648232
Nb Bi 0.16184696670465293 0.2934765640418888 0.5763833713573308 0.7719943976583443 0.23069745265886196 2.2736167071372466
Ni Br 0.2144776040618065 0.32353771162874945 0.5571609082266596 0.7824511869486147 0.20632286107202286 2.350584668657069
Fe Zn 0.5479599085455606 0.7206966517280736 0.1951507752985584 0.3119112882714283 0.23473492667128412 2.1835209861168083
Nd Tb 0.15390067681140812 0.29137458653544956 0.5208741075592396 0.7064453725043841 0.2897474437501624 1.9656996684498682
Ge Rh 0.24149871418138294 2.1319258553545413 0.549225149247884 0.740787876698308 0.18129625367936297 0.30221842507806895
Si Pb 0.18323225519887112 0.3088840103856306 0.2390711312765342 2.2432372910409217 0.5425560753956494 0.7857286831804933
Sc Y 0.2621085299585882 0.3265941962909509 0.14833735250239605 2.9491299147524184 0.5743859323987388 0.9001638824995573
Ho Pt 0.277013905767769 2.0189312924185256 0.5456546304780358 0.7138797648802769 0.1408732747444966 0.2893133727341506
Br Ce 0.5424093976004556 0.7205276417835873 0.2638657210588059 2.0675466925198434 0.1624288550504319 0.29315522314197784
Ge Sb 0.2736124878585428 2.001902220027987 0.5195183822723387 0.7128288164815063 0.1761032890122476 0.3057726243087328
Nd Lu 0.280398477578464 2.0127616779996784 0.5386181191062052 0.7112109025849142 0.1453010220964889 0.2897360757522845
Nb Xe 0.19337581900085365 0.3036642834529237 0.23654159701743901 2.185008574750898 0.5413511265106423 0.7753127450447865
Al W 0.5621152974165877 0.7798764784847283 0.18353933388815935 0.3080269096099646 0.2215110158811817 2.3594442424559254
Cd Yb 0.16521428906959176 0.30018270670589986 0.550642145016697 0.7462982967835339 0.25168020551343345 2.1401114763896585
Cd Gd 0.18943991820668965 0.3073066932674259 0.2483316080029135 2.170330968048242 0.5323904898735182 0.765991594053997
Pd In 0.5577926965573932 0.8488749046362262 0.22824201774162578 0.3208668582657276 0.18985143661506923 2.471362804693543
Si Tm 0.14893254781895512 0.2910148980948383 0.2390238170285089 2.320514453248097 0.5810329329471557 0.7321821806427767
He S 0.4703526960218493 1.3759759511129297 0.003898804661012197 1.7348785555557105e-16 0.48892437917444276 0.4458663979610545
Al Nd 0.2704243003086826 2.1250001975596713 0.16732784210852536 0.29436362155500756 0.5298025005171938 0.7035655787224563
Al Cd 0.5053523014050003 0.8637670419511182 0.27485867045621376 0.3447295949178104 0.2000839354610962 2.4885715651835922
Nb Er 0.5732836537509495 0.7380450261119053 0.2447109194766408 2.232269831196983 0.15376683402650426 0.2900115445147072
Tm Pb 0.5500001611667511 0.7408662895172509 0.15208537479080775 0.29983981317130043 0.26432454556010243 2.121691790485731
B Rb 0.1539342916259738 4.302854594378006 0.26614903733666173 0.3324352382095368 0.5969210667230899 0.942474771227659
Si Nb 0.1523365280222702 2.939223168331209 0.5824193666832225 0.8834081185177892 0.25093260323367866 0.32867986426642515
B V 0.547022760250883 0.44400415692750184 0.42160669234680653 1.5466281567451468 0.0023874874662115054 2.922638788683639e-16
Si Cs 0.26451929344631686 2.1726266769175737 0.18489464137357559 0.2996829335552293 0.5238722617694566 0.7307141364672474
Cd Ce 0.2051103553035655 0.31183196724838774 0.24151459751103574 2.1817483283748804 0.5247910587058854 0.7853523645914264
Pd Re 0.23011887421459543 2.2800120727867847 0.5731812817577009 0.7715319279653987 0.16649945721156964 0.29777597961147645
Ge U 0.5296631637631013 0.7645881365620564 0.2564724342478673 2.1407856889694057 0.1781092011172563 0.3048566652357799
Li Be 0.568054376114532 0.7889869096168065 0.18200796853907036 2.177664434880699 0.2647356363552113 0.3485543351578953
Ti Er 0.5595709967518938 0.7478591797865807 0.24298322823415738 2.2720852513632814 0.16927170702660552 0.2936136968553491
Sb U 0.22888779694062855 2.219440496464469 0.5496620118071004 0.8078050632368381 0.1857269850893218 0.305708302752677
Mn Re 0.5689722198996414 0.8196421738711047 0.20628941315847124 2.5275671058465665 0.1997441173158972 0.31137463440980745
Ti Xe 0.24040886598071687 0.3213201072080926 0.22988027147385953 2.2027534700922513 0.5023521607595959 0.8135159984911982
Yb W 0.2741418501496616 2.0695595880730324 0.5532124946139785 0.7138456891923138 0.13884893317208208 0.2917114849623633
Ti Zr 0.27220783204290827 0.3321600861800748 0.5635360993239906 0.9126763346039325 0.1477040026783064 2.9187493107872213
Mn In 0.24148131855926155 2.082117797020359 0.23367246123125762 0.3241401491313209 0.4946904751191811 0.7806634328854193
Ne K 0.28996082046343685 1.8574292485388086 0.1083163107999799 0.26351969448287754 0.5780797197571722 0.6068344737178766
Ir Pb 0.1515653400826961 0.2977728311881576 0.5654313060417611 0.7580525885840166 0.25026469899432224 2.1926940722673276
C Dy 0.5547311847038421 0.7299097186681385 0.14968245003479425 0.27668874631583995 0.2612351542407749 2.279205665198654
K Cu 0.543505937902886 0.7349364426672165 0.20524198794579832 0.31478798228817334 0.23115780644465678 2.2081830279467662
Sb Sb 0.21417179971252806 0.3183117061485812 0.21887241954113987 2.243084101478944 0.5380788579561233 0.8167643356186931
C Hf 0.2132967820552507 2.719628257978155 0.15750874626080152 0.2792492948338217 0.6035458246081428 0.8094633221711637
Ba Ce 0.18744742169539025 0.3002130371694801 0.5104980156087776 0.7544215205601814 0.26780563740362384 2.0091888712082433
Ce Re 0.15257036652702557 0.29135650346417585 0.2664326197682447 2.083541264798384 0.5467211557056532 0.7337019203086949
Ne Mn 0.2419701209338151 2.1559291855595273 0.5544090706105864 0.6825151790549204 0.18394820544865859 0.30714357125276753
Ba Yb 0.14659710028349193 0.28874216230482364 0.5420501065454241 0.7152322567412779 0.2767624305131649 2.02957623756565
H I 0.07895085529014757 0.22566591660099303 0.3605501948890546 2.287223780808677 0.5319769139625372 0.6049521378903754
O Ir 0.18515083346310848 2.720817451106864 0.5525236186827974 0.9042698512295432 0.23238521165617865 0.32550790544694735
Sb Au 0.5531112546171878 0.7774924415016388 0.23874079205317625 2.211959722150301 0.1762628337607133 0.3048617635244681
Ti Bi 0.18664545227686236 2.752943693104442 0.21020503822507314 0.3125612324180935 0.5802255568560285 0.8647242185376056
O Eu 0.27486532567599975 2.110968343351911 0.4971450005780006 0.7286705182810093 0.1921246838211476 0.30799917258058657
Cl Sr 0.23289740762846325 0.3177559315011916 0.5998206999059155 0.8613814642426159 0.15283324314250024 2.942454199139898
Ba Gd 0.5214725653908076 0.7253534954122901 0.16544395250764019 0.2929286351827257 0.2794883773986758 2.0096509831103258
Ne Ga 0.28665823846321087 0.36233868010864695 0.16942782855738575 2.8585160619250507 0.5344999155137119 0.8452566211859057
H Ag 0.007533220485167158 6.651842322861982e-11 0.41012569405847044 1.997016822352707 0.548328372503621 0.4999630995155875
Ne Ni 0.5234252416202192 0.7835358428251432 0.19757541764313402 2.4832411511022054 0.2638818007720021 0.34832150141677876
Cl Sc 0.3595937596729089 0.36146165100568584 0.5320944561267458 1.039916958814166 0.09593990380824913 3.4190983019185537
Sb W 0.2512562390642366 2.147755731395504 0.5488858329131991 0.753207585714939 0.16711936786440593 0.3002432085990529
C La 0.41629070374046384 0.7353649393324622 0.3060894902387154 1.9835074706773157 0.23952303624562374 0.32385628895239527
Sb Nd 0.1987364754042452 0.3108983164180036 0.5256410532194056 0.7807938871152835 0.24552595771836574 2.1573160097039112
Cl Br 0.17359994997613346 2.786200663260893 0.19796921964473232 0.3049422038649695 0.6155389177934866 0.8097205544842161
Ba Tm 0.542287695029631 0.7239993771974246 0.2717878000205987 2.066906693294082 0.15301002916635148 0.2918477430044672
Ne Si 0.2617809309100395 0.35553033732242306 0.15797320740152482 2.59015627282851 0.5665388346487024 0.8101056765574856
H Sm 0.2503127487006219 2.8842765920400426 0.5205836132689733 0.8405903252687938 0.2030654625699022 0.31456887911748044
O Pd 0.1247428140362053 4.316749248880731 0.5219375666890452 1.0933725817829318 0.3585708387161207 0.36980013353299435
K Zn 0.19141470972759184 0.3070877999119435 0.22802055631628443 2.2143306950135657 0.5591676059949479 0.730592216017658
O Te 0.24141459140146665 0.3289178910749387 0.47029237975711036 0.7787815679394051 0.2572163559514107 2.1575460520166954
Yb U 0.2816373729700591 2.0255706384631362 0.13713421803629314 0.28671207491761747 0.5429302384976523 0.7204371662688485
K Cr 0.19206667785769893 2.2322856251820835 0.31948206174083643 0.3519325623820236 0.46522518133139945 0.868777193749269
Ce Pt 0.2582870452241664 2.120014446853665 0.545240555796772 0.7486349203739604 0.1640312597561284 0.29649012216076626
H Os 0.14538369763555944 6.197368474386435 0.618412954520714 1.1973387079251787 0.2579039713893697 0.34189600579387935
Mn Sn 0.4914431741881717 0.753872738977587 0.25979811620056165 2.0018054643566865 0.2167654811574065 0.31803215465258877
Ti Pr 0.2156323024727841 0.31090721857206144 0.2532697597891386 2.1532341464999236 0.5034325346573325 0.7679063806110247
Yb Au 0.2660845966838906 2.104485542976496 0.1448909770986283 0.29466574441386917 0.5550966369484813 0.7295709489783544
Kr Sr 0.6004712669887425 0.7617398600707114 0.1705691321959276 0.29724718990717874 0.20640285894844687 2.3853235968008675
C Hg 0.1837926480072258 3.0302444323961284 0.20459608065485044 0.30856602617064033 0.5869739899788644 0.8981264921057691
Mn Ru 0.2545318287033439 0.32974799622873385 0.20229039087149445 2.2722656785315385 0.5160399064955824 0.83723895127313
Ga Ga 0.18985609214157895 0.31845472334005964 0.5628607208466828 0.7280067592741107 0.22527904099542004 2.2556338368371716
Li F 0.14452563208436092 6.4482623544005895 0.50030598724639 0.9500795920418406 0.4093156271795369 0.42608798956597577
Ba Pb 0.1642910235521653 0.2962800455975158 0.2515879907104806 2.145026146372957 0.54948593892799 0.7622967596301258
Ti Tb 0.2578998660721051 2.1504809545077253 0.5359769077816597 0.7336001848626733 0.17564339769847298 0.29533807069431445
Ti Lu 0.1650902334017436 0.29158515705659865 0.23407639643369804 2.318167682026906 0.5724258797044262 0.7581467553497279
Mn Pt 0.20316983337007832 0.3114055645327756 0.5592498236544031 0.8144058051467727 0.21371030053055987 2.4621401240060115
He As 0.3047354273525112 0.3705244048971611 0.16527719720401238 5.66635751124102 0.5712396665715745 1.0100981253858723
Al Rh 0.28426933894860484 0.3452665645393863 0.1684581648639254 2.7738320128167273 0.5324334491360154 0.9094474901024774
Nb Tb 0.24889868533488638 2.199296451419746 0.5617015416069128 0.7378916802541639 0.16099983077837904 0.291878638160649
Br Pb 0.23045437029607088 2.3194725273362637 0.5651551855694908 0.7812369157856079 0.17583924276650373 0.3086210100541363
Si Ce 0.2522270947523522 2.267447703125844 0.5319223549627632 0.7449826501734512 0.18970468213769523 0.3022720597190222
Pd Pt 0.2252761255272889 2.294025859386253 0.1774010297856737 0.30225736008529325 0.5686360926005359 0.7844460872789101
Cd Cs 0.5378607683363966 0.830350728738899 0.2117555369006861 2.3303499347183227 0.22355984355477992 0.319601075764762
Nb Lu 0.14485717353148317 0.28578220882988076 0.5800984791699234 0.7326102668968688 0.2451053753848993 2.211433532114951
He Co 0.16330127195188898 0.3014008598594536 0.23510084428230538 2.867974611059906 0.5964444646934534 0.6925880239237433
Al Sb 0.20225155770084988 0.3155416826422724 0.5056375600672035 0.7348764963029141 0.2666753245038106 2.1472440324647226
Nb Pr 0.5388327059152832 0.7519810968023005 0.18098285505777317 0.2979123582312623 0.2506706745476116 2.140620140758578
Al Au 0.5432573773639428 0.8005211418332624 0.22567836145942577 2.322291276007792 0.19760679198425563 0.3157375734584893
Si Yb 0.24197499294836203 2.292278233526753 0.14276474632423905 0.28782682106284624 0.5833927962340009 0.7266679172424916
Pd Sn 0.5463046706241401 0.8240581190664903 0.20872685476932348 2.310804818976242 0.21799432050157308 0.31819201494730776
Cd Tm 0.24661941783190755 2.1750457420477454 0.5487805022153541 0.7575296150420293 0.1735543232356031 0.30386916300592887
B Mg 0.09761911547806494 4.209003372681765 0.6464856333165497 0.8977351948848195 0.2557979726746516 0.32323017606216214
Si Gd 0.25164053752837084 2.2411425958504525 0.16595864783848152 0.29426648312951903 0.5517603317205118 0.7274845211251266
Nd Bi 0.5432385410868853 0.7523391456980375 0.16099546642031914 0.29613570995963134 0.26066156853404415 2.1087847606036054
Nd Er 0.5302601467950784 0.7094105003101129 0.14992440472942634 0.2914923431482001 0.2844137824144244 1.9940639511424525
Ge Cd 0.5292824970837589 0.756851704653874 0.24138523007110088 2.1304226053772886 0.20093845669972485 0.3150978232505244
Br Nb 0.5917814688864226 0.7703641660670683 0.17747497705186663 0.29887871637373037 0.2060861005122426 2.3470874680189744
Sc Se 0.22384145731913077 0.31741994707525867 0.5711124622750106 0.8183417280550209 0.18323362368371388 2.467751836746681
Cd Pb 0.2170850424769089 2.355868265402372 0.569527820128767 0.8060708452219836 0.1836432511973749 0.30707948088744674
Ho Re 0.5497203637146697 0.724704461447355 0.27041373732932805 2.0870797085716277 0.14582878129233046 0.294843159595416
Br Cs 0.5440730264180853 0.7327449942240738 0.2567461892425673 2.105474273539847 0.169435976143792 0.29673047461682317
Al U 0.5084147275929096 0.796143304930448 0.259001730995074 2.251402319515243 0.19956859329981436 0.311425431470771
Fe Cu 0.2046611420521423 0.31625855226281374 0.5383812241295093 0.7239742220977959 0.23482526339453946 2.1825763537982774
Ge W 0.24213997741002988 2.2391827111933953 0.5637044012721484 0.7435125445389155 0.1649639736863017 0.3016332723607524
Tm Yb 0.5439883936026431 0.7322514447096286 0.1568459779940204 0.30527009510364667 0.2662468947902413 2.1026453798592635
Br Tm 0.15001849325377128 0.29610310597405426 0.5661636596022676 0.7226951301932178 0.2536975132104754 2.165290236259752
Ni Sr 0.5456087661017854 0.7850066383099544 0.20968568652953576 2.290888367337545 0.21988977602663612 0.3237023054083258
Ge Nd 0.27707945511996657 2.0267191052558267 0.15768276964817024 0.2937061054742279 0.5339622601481151 0.69791718021955
Ru Tm 0.1542804957352892 0.29055775511850535 0.5692292300311259 0.7407208013734756 0.24653685288128058 2.2000786378510866
Ar Gd 0.2529999880406483 2.207441986667174 0.5400798231979806 0.7401968918406334 0.17728977908911486 0.29666207880415985
F Mg 0.3761361546174865 0.39648077662914766 0.1191434621854917 3.4433077997688084 0.5029816542971506 0.9268907760306485
S In 0.5211833871085111 0.8396090668568309 0.20504371965938673 2.3114527039640542 0.24798137808389367 0.3291893001830061
Na Zr 0.28672911382363014 0.34821367966802513 0.5561992674038889 0.926419763937387 0.1492430916278866 3.181739563945137
Na Xe 0.5110989789336442 0.6938549103030942 0.2841951096652969 2.097369626504303 0.1754154484059512 0.302312386836742
Ar Yb 0.5882065810921071 0.7510055409726378 0.15266120333126054 0.2862211615705088 0.231772159215416 2.379732085428256
Ar Ce 0.21172103656184155 0.31093009683604983 0.5095723937766126 0.768479409404147 0.2513606131071158 2.1904825989012
S Re 0.5908520457428813 0.7826643939995168 0.21433143414275033 2.4779461498894335 0.1662044477326744 0.29531423993345723
Ru Cs 0.21467547053854283 0.31448167037672387 0.5380468107257435 0.8132257582720337 0.21967317447666967 2.2768042073112915
Sm U 0.2560758028985304 2.15592917718698 0.16906880921876757 0.29876293213092114 0.5412506523675986 0.7704669511974499
Na Er 0.5221261063466726 0.829768986460952 0.23721853614435134 0.339929846664598 0.20983152189714496 2.4639400504050997
N Cl 0.052082954589694516 3.249851512155249 0.4501258130468939 0.39579894316876035 0.47424700402713577 1.2092078742909762
Y Pb 0.17187746586720928 0.3015957788314261 0.22166544031632765 2.3695553252503747 0.5783795641567823 0.786773846783338
Y Tm 0.24448901468485074 2.23638634976093 0.5775727081845995 0.7331801857165637 0.14973608087723772 0.2909372550508655
Rb Ru 0.20834702112854359 0.3127255804851526 0.5778105506797231 0.8156869291008921 0.19236797609508002 2.4975964827242203
V Ga 0.1846803522754283 0.3012889767966922 0.23641162529290408 2.148721543815497 0.5553971576131529 0.7193625853123117
Cr Sr 0.17643659128873634 2.5636192412819603 0.5477003567125754 0.8560157932514957 0.2554912964872652 0.3305686126995446
Na Bi 0.19403104999319642 2.5465088662373083 0.5120260086316687 0.9191809449220353 0.2622023431014255 0.34787947391057966
Zn Pr 0.28027128648234745 2.0090649673850964 0.5212773093620015 0.6984666107793251 0.1671716923544441 0.2996723326056678
Sm Au 0.2695369016734134 2.0645748361961056 0.15410013478489384 0.2942207175243271 0.5407801356080887 0.7318796226580307
V Mn 0.47000136090429295 0.7354565824923674 0.25627121593855096 2.0096767527377883 0.2504448680029687 0.32910890872106
Tb Yb 0.14986328017622313 0.29730063550719305 0.5355278063366851 0.7148196975450574 0.27829309244078454 2.0131975146393577
Rb Sn 0.23470552047180462 2.177196659944761 0.5410531071332005 0.7716834957621858 0.19601545994614855 0.3113014782719131
Y Cs 0.24924033247831645 2.1358287343764 0.5428518262580475 0.7495269251775837 0.1785188873419289 0.29572549136019105
Rb Pt 0.2204773796913959 2.406319369136779 0.17601158060128103 0.30492134522855396 0.5794291871838081 0.7812528307899569
Zn Lu 0.5489511648436319 0.7710198532427008 0.19109366368636016 0.3184950218181375 0.23259541044759574 2.3047275929268825
Zn Tb 0.25886326421846595 2.122577711758073 0.17729277085599485 0.30824949410072033 0.5334165399414058 0.727507868376125
Y Nb 0.5943314368551342 0.8179439319385219 0.18261506415248072 2.5778389737167973 0.2028699739498652 0.30662347491210346
Ru Pb 0.5807443419776245 0.7838731273643716 0.22416817005813258 2.343671924068902 0.16653452309377018 0.2960844373630502
I Lu 0.2648999124329295 2.0992836884590935 0.1559313844610154 0.29511984384454515 0.5466509610828986 0.7326090793171343
P Cr 0.3182216594390518 0.3544610432812563 0.5108226949752822 0.9121405055939994 0.15469988075239724 2.663023291931441
Be Te 0.36234260966799525 1.8778379682518007 0.10442838993317967 0.25689716766568843 0.49514308301022547 0.5920086242979947
Xe Pt 0.5475343356515825 0.7550383620093889 0.2539074194799051 2.133438780810865 0.1665313585858909 0.2979712290016021
Mg Y 0.5695381216074022 0.8666192883693253 0.25484323791337865 0.33645263501173556 0.16270608076425816 2.870645415236544
Co Pb 0.5535288903855023 0.8401596857966164 0.2138743243454649 0.3213169896263317 0.20508280128958103 2.4955998391752803
P Zn 0.22224386692381595 2.2963813592810203 0.5975940601475135 0.7110897208185047 0.16085025063904063 0.2956009262901415
I Tb 0.5266121347062834 0.7283147052169464 0.27371621003044405 2.0326761045363053 0.16596136210543944 0.2972399274672146
Be Pd 0.39762664000355036 0.39194251308573774 0.1946675919864848 9.04549353215827 0.5220614477827372 1.255816645267641
P Ar 0.5682413590776684 0.9745596269278957 0.3194891564834512 0.35256955966144954 0.1014198585640664 3.4231931518093157
Hf Bi 0.26234661787247276 2.101786972341531 0.1481697354817746 0.2975625456865231 0.5531988750004443 0.741195463932265
Li Ho 0.5579928835524907 0.7936471447113741 0.1795468005949371 0.3115514496490988 0.23495807407171412 2.774297033861854
Li Ta 0.22663070915243816 0.33659670607654163 0.18454017768228348 3.414975272534339 0.5715949985627712 0.9244008041711737
I Pr 0.19654399184902616 0.3074179856234676 0.250648195426061 2.1093401030197656 0.521349974624416 0.7755015335766421
Re Re 0.5606193786032618 0.7153060923579188 0.2708914541755095 2.0546797051274837 0.13120263620125663 0.28602532077507214
Co Cs 0.4883603342657732 0.7439813456721239 0.26857116600393105 2.017950965721675 0.21221960411520052 0.3181669302524557
Cu Pt 0.22203308731392304 2.408077095007895 0.19866927792607 0.3156899466902214 0.5554893749671527 0.7971756506233836
Co Nb 0.2309066067729124 0.32299235078621014 0.20794097132712278 2.3074061353594777 0.5366911639311384 0.8039292823452105
As Se 0.2332252966682116 2.226563965054511 0.14869021872917162 0.29478100318247963 0.5950585483854991 0.7119767486788964
Ca Cd 0.5216933695151331 0.8636430452876035 0.18889106371007086 2.374757835248292 0.2638185107164646 0.33183694985563755
Ca Nd 0.18611983662508375 0.2970756509210466 0.5082817028662949 0.7229537626073749 0.27515938799604195 2.060303579097281
Co Tm 0.24172682144826954 2.2246214462442344 0.5439036699232723 0.7569366256500976 0.18466231771891772 0.3096761779274249
Cu Ru 0.2126278594471131 0.3162468012613571 0.22257866681483154 2.2233112092119867 0.5382970995875282 0.7793856278510306
Cu Sn 0.20718989608224508 0.3203531937884759 0.2606272161889206 2.0354824054677754 0.5017109674875172 0.7431664257285452
Ca W 0.20470175396743492 2.53395258862711 0.19294327373117556 0.3056030082439352 0.57584644480784 0.809967653144633
Cu Sb 0.263724307169879 2.0229425748701146 0.2040273187249387 0.31915556138352114 0.5010550296061417 0.7379285065394895
Xe U 0.18479124747871747 0.3041545115268497 0.5479211046692465 0.8056182655306564 0.23270230601334063 2.224272523053773
Ca Re 0.19542734805135828 0.30857793086648416 0.5861573953811664 0.8287188751141726 0.19635140776457077 2.694805943996237
Cu Rh 0.236745787139084 2.179401230901856 0.20329559756205673 0.31248182221252285 0.5340989818689207 0.7586758106311107
Co Er 0.541815872431503 0.7588990658264677 0.24182873526886656 2.2433153859277604 0.18818453223987722 0.31061239423068593
As Br 0.23832254289983026 2.1626880012243546 0.5969619957571946 0.702855156562726 0.13898884326446326 0.28657086193956166
Co Zr 0.22655036279178395 0.32092094321811854 0.5455697372023989 0.8040642274804009 0.2039120990810529 2.343642877862199
Ca In 0.20570690314754073 2.2483774493859534 0.5165675406990363 0.8347724132524729 0.2496139782668405 0.3257424363285956
Cu Au 0.20286584599792848 0.3182435250935386 0.21836741879553168 2.3909885078506674 0.551163627647781 0.8067019380243531
Co Xe 0.27388983846623466 1.9895775332816306 0.2031035354282801 0.3137931484997847 0.4914323167657355 0.7318573363172334
Li Hf 0.5726529531447356 0.8989177525102142 0.21517035697903597 0.3327080030120957 0.19301634182378058 3.280974222048444
Cu U 0.2096448658599058 0.31886004136810975 0.5325477330069288 0.8238957658775451 0.2253907665930409 2.32103462931031
I Ce 0.2544663621078748 2.071986678793728 0.5168469483005064 0.7720022470979199 0.19605984031803614 0.3064278661501121
Hf Pb 0.5531237220894902 0.7424208883472556 0.26048859971772176 2.1014284858720482 0.14953225010179952 0.29880694737608343
P K 0.5629233141234209 0.9938498168409482 0.09704554437519368 3.537824187901292 0.32973728372758854 0.3516821533212314
Li Dy 0.5545687272533549 0.7745036620895829 0.24527611820059517 2.703534993143542 0.1736346652596779 0.3065319218601848
Co Bi 0.21854036167366114 0.3231459842589738 0.5546398015391563 0.8514914150028882 0.2015249051316516 2.5593682853769497
Mg Sr 0.26457239641784475 0.3419207609131218 0.5771156294589034 0.8877289411841011 0.15220969258483905 3.1971744536003337
Be Ag 0.40243143028912465 0.39435931439878985 0.5181814295023286 1.2713128340627375 0.18161998921771327 8.925835668559145
P Ga 0.16421744293783996 0.29497106240566734 0.608118131926231 0.7270193660516687 0.21054528164581537 2.402962480136083
I Gd 0.16805819232411257 0.2962958620182 0.2755653421391445 2.0141081306301865 0.5220500023646861 0.7283483211567151
Be I 0.3629727846099376 1.8924436920870509 0.10516904564007236 0.25762672460085495 0.4941701076641176 0.5901084280767811
I Yb 0.2744954514921204 2.041534458630041 0.5401578319181639 0.7195635423605891 0.15125956136442129 0.2932284273369118
P Mn 0.5079681753315763 0.856861528688095 0.293914487037418 0.3492337642375048 0.18036838779776002 2.4651178830106235
Xe Au 0.5521883586032531 0.7702662874680241 0.1715393058099645 0.30100025772807315 0.24483975472013886 2.1994644107889094
Zn Gd 0.2642220752155312 2.0942539407099034 0.17451248269190875 0.30520781725253815 0.5305978461232976 0.7204634661977778
Ru Bi 0.2217835013357702 2.32003933821209 0.17047351279507877 0.2980936235974229 0.5770213483355189 0.7898067243954066
Y Zr 0.5982959865461834 0.8157205240013358 0.19995409581459653 0.3056817829040532 0.1821273155147287 2.600114546810762
Rb Au 0.5740705808801789 0.7800061123786842 0.2236113961230808 2.3576250816142856 0.17508198308640105 0.3050849889829858
Y Xe 0.2533236548305855 2.11225243982699 0.5403113597514602 0.7450568213797996 0.17702288210345332 0.2961214025998904
Zn Yb 0.2388729799899088 2.251560458072031 0.1883220155802374 0.3177056325144943 0.5443461648512868 0.7611982189935566
Sm Pt 0.14917058672193031 0.29046154682097475 0.5383161472719032 0.7200271614033042 0.2753839018251947 2.00695756187087
Zn Ce 0.5219127415399047 0.7083657412837566 0.1732510151654779 0.3021088390945782 0.27389351686413743 2.0335656843993832
Rb Sb 0.18876898615521662 0.30663924730262426 0.24086530756231977 2.1630730642376204 0.5422187897890156 0.7612843811600611
V Cr 0.4519411814628321 0.7784648197739091 0.2834955674989125 0.33988872994258235 0.24120930663031354 2.0441443007840157
Tb Lu 0.5404436178560368 0.7182663244599766 0.2756799492203221 2.046010668334008 0.14941723774778487 0.2963805701234143
Tb Tb 0.5281207947188267 0.7133172123199358 0.2823683540105645 2.0038313407822024 0.15445891034449247 0.29546272858327904
V Zn 0.5519638901907975 0.7266443613290375 0.1947528680463525 0.30731427407381984 0.23316344641191172 2.2168460209918055
Rb Rh 0.20737363571228506 0.31260079197493645 0.20261334998597177 2.373480457785894 0.5657302320890748 0.8053275436589523
Y Er 0.5699604896296184 0.7252960838936483 0.2513466755830031 2.174818824825081 0.14858757955051813 0.28925739022753655
Na Pb 0.5282710910622872 0.9600066865651032 0.2751883085705864 0.353881898184469 0.17130151910080252 2.859937547944196
Cr Y 0.5477152416881726 0.8641615588099973 0.25793875375016373 0.3301136945481612 0.1737702540490197 2.566806295161775
Na Tm 0.20481973726414904 2.4769311232605276 0.24094339151261748 0.3428976157281575 0.5226967294818223 0.8407557746308519
S Nd 0.5309075286640522 0.7266470734856605 0.17657002848777884 0.2949394188386428 0.2626826365536533 2.1605449313627942
Y Bi 0.22778919563553207 2.3202966836858403 0.5764678541885027 0.7776148450020121 0.16640187371290993 0.29765428879349826
N S 0.041715802552163804 5.4050200354930915 0.4983217017786812 1.234293907466945 0.4473208050029748 0.39503994610661647
Ru Xe 0.21970654786386185 2.2720624226449013 0.542130312777477 0.8094969805825151 0.21048401528237007 0.31239839393802904
S W 0.2131446513007721 2.4980578121789097 0.17112981500021426 0.2965500457857789 0.5881666895120814 0.7825099456958342
Ar Pr 0.24917600429433115 2.220971538766701 0.5160573735957517 0.7671887244685774 0.20788757196279356 0.3097814722618642
Na Cs 0.16130342280260385 0.29410002515929057 0.5130369169486478 0.6739952760102538 0.29316237792338967 2.034525746771532
Ar Lu 0.22339420502762344 2.4469153973683704 0.5924369604933903 0.7640744160316386 0.15776152884853475 0.2883569812173263
Rb U 0.16475144575645365 0.29482178909999057 0.5482663971829835 0.759602666453477 0.25311045985108416 2.172138638352407
S Cd 0.5314623593922893 0.8811631073643533 0.26607005884350077 0.33671348344036905 0.17979643361378767 2.5124891629407164
F Al 0.34731888277216044 0.3806803918829084 0.529583013116125 0.9192628881187332 0.11728762674684383 3.3070006147368236
Ar Tb 0.1719210510343628 0.2950745337210237 0.5556509598656633 0.7450275417687995 0.24623366204709982 2.300170793498258
Ru Er 0.565718729475269 0.7456764796004881 0.15976922916307223 0.2929348269926383 0.24541186667011627 2.2143123616806344
Na Nb 0.28806415158350707 0.34707054874219845 0.5552665605472025 0.9306531309776936 0.15155873353321755 3.2225877800560854
Br Er 0.5601992473394117 0.7126972133731193 0.26156323536209464 2.106383878953436 0.14661874035915756 0.2930999533948399
Ni Y 0.20041755767274266 2.3993722184999333 0.22964832587221062 0.3269765736022609 0.5482651491592474 0.8058562101811931
Ge Re 0.5585925412143661 0.7597473431360171 0.1743697298526085 0.3088835676942297 0.23749719428101546 2.258116876300031
Pd U 0.19176569642044858 0.30719397103324275 0.21625239950804864 2.34758473046791 0.5608323255060256 0.8234956715486381
Tm Lu 0.14898837735223092 0.30037968555088385 0.5437171980066727 0.7208851100322529 0.27103261352795 2.0532879448532415
Br Xe 0.16485550745536984 0.29503670177156116 0.5407368955054527 0.7233531145769938 0.264293320944261 2.0623090285135777
Ho W 0.28016282182650903 2.027030998384159 0.5454934971222358 0.7076823298681542 0.1386493054720947 0.28934029937148437
Sc Sc 0.4988524324078101 0.9430813975023234 0.3361020297039551 0.34892521930933806 0.146034067217125 2.558519810950443
Fe Ni 0.25872339806960604 2.0128815237558197 0.5215528679938063 0.6929070444762592 0.19381814663043237 0.3111424509236222
Ge In 0.24119909279742832 2.133685093293675 0.2035992990751836 0.3172101736254602 0.5263348345804184 0.759369786413768
Nd Tm 0.2761121508239901 2.0381126852780085 0.5370380826460294 0.7189962478394962 0.15243247775997207 0.2937593526979457
Sc Br 0.17214098006250933 2.570599116377321 0.5726800321866587 0.8417421900680232 0.23458490765876566 0.3215621563170391
Cd Bi 0.1854396321764984 0.307428803900043 0.5720272756465478 0.8124573517555802 0.21342037235201616 2.389735549826355
Br Zr 0.591572992589045 0.7534173656519787 0.21561856712600982 2.2766357010347127 0.16729483399982245 0.2941381606541711
Si Tb 0.155885903669335 0.2911575013970798 0.25097407757355433 2.252513162723662 0.5623595116139569 0.7207497443568
B Al 0.5702208066203491 1.052531399838823 0.09417455317162185 7.213564539521826 0.3642058951459709 0.36973205780795226
Cd Er 0.5469859687706605 0.7615488241179729 0.24507532247766453 2.193217505636292 0.17775779172300468 0.30516801315899983
Nd Pb 0.25078925475616015 2.213377298314814 0.1678075380715335 0.3005241723138416 0.5513733404504653 0.7674891910377176
Al Pt 0.21587522190081015 2.361146436203852 0.5487969355543487 0.8096556168261643 0.20317235124750693 0.31815264141536587
Nb Ce 0.23804745532523192 2.2260217200119246 0.5436916019328806 0.7725648971655387 0.1910497036713413 0.3019791464854422
Pd Sb 0.5426425070336091 0.8199483106582138 0.21655267466293254 0.3173495808667986 0.21285873939044084 2.273854295006485
Si Lu 0.1368795684612136 0.28319472205462043 0.24686284885218346 2.2506768711077454 0.5835513274412798 0.719511853940555
Cd Xe 0.21316486803233622 2.310471154226472 0.2205605533290534 0.31862871464067527 0.5390953052819962 0.825966497505707
Pd Au 0.2204630390073143 2.3591182055823325 0.1784859345284401 0.30317039311653965 0.5730989852686069 0.7928210185109311
Si Pr 0.25366367910255155 2.25302857734093 0.18461767402039916 0.3008043060737033 0.5347724513724225 0.7394166490416395
Al Sn 0.2627364268091251 2.1329373135831586 0.49774468378235104 0.7463412511851882 0.21306346197165488 0.3219926685809744
He Fe 0.628933279474938 0.6354169595808964 0.10659087508963842 0.25773313682250726 0.2561259824903875 2.648644300026679
Nb Yb 0.24838931892147503 2.194695196672318 0.5775772489445448 0.728640648664969 0.14416177861056328 0.28604499419925405
Nb Gd 0.5543789272250791 0.7388488348096661 0.16518266470844986 0.2923522064859946 0.2514859130389608 2.1746906515653586
Al Ru 0.16099938534836425 2.91530453003566 0.2818259318826645 0.3439060792708228 0.5451985418919736 0.9153042913448607
He Ge 0.2978279606151947 0.3691633657584941 0.5672892664512028 0.9572945562150061 0.16564147623611186 5.104397302395374
Br Bi 0.5625246011960637 0.7727462043276654 0.1709949287707498 0.305267409712403 0.23566948642968166 2.266115146375028
Ti Yb 0.237161677775183 2.3125336546606428 0.16318982634750726 0.2913079308767535 0.5719620310894677 0.7526294599420679
Mn Au 0.20880932812802472 0.3145811147574599 0.5616344955519724 0.8318726814666827 0.20469806324340978 2.53813454532775
Ba Bi 0.16243350985371913 0.2943975747913457 0.5489314075058673 0.7601687016194523 0.25398514086048996 2.132179103189303
Li O 0.46668239265773326 0.4314331132198768 0.1380339456456893 5.826635025664956 0.44323950058501604 1.0272711565786785
Ti Gd 0.18272264303958738 0.29765348177775514 0.2641231727524702 2.122444077626903 0.5230275498188688 0.7327932080528998
C Tl 0.20669985352834344 0.30852808211325006 0.1849270429140435 3.1729407741456246 0.5896140991473743 0.9038122294281132
Kr Y 0.2101310452203707 2.338585887098567 0.5972783635866302 0.7593519888315966 0.1691896656166486 0.29538260802696253
Mn Rh 0.19242281148416623 2.364687467324015 0.2619599136813062 0.33254659071622505 0.5199184499948446 0.8542345331320484
Tl Tl 0.2522677186950099 2.15050116402574 0.5615741406479086 0.7561401857369104 0.1506593576958356 0.29733734406486184
Mn Sb 0.2493138613350899 2.0637442357033025 0.22437784557110843 0.3209028786770736 0.4957784957704272 0.7714447619390612
Yb Pt 0.2741615053226099 2.0235609433415562 0.13525028908197523 0.2880077359898497 0.5532703297636782 0.7110914754054252
Ti Ce 0.49266251412184814 0.7614655108777338 0.2604015664475785 2.0829957386733153 0.21684359193862948 0.3109251418352386
K Mn 0.45925193867356473 0.7580273540656178 0.26724317123081476 0.3378900117874963 0.2483523989920355 2.002969909276196
O I 0.4649668668323472 0.7509089689065835 0.2280463990831155 0.32269225145647346 0.27236093739522643 2.065167101451523
H Ir 0.26559642276304907 0.34572397078738476 0.12906067259190054 6.0073399137621815 0.6135286890279068 1.2156233203691407
Ce Au 0.16440521493937463 0.29718201967744456 0.544335603414512 0.7520343973637909 0.2571260267089288 2.123751977935217
Ne P 0.22861375508577272 2.046347608937412 0.5945441096608972 0.6856937007465519 0.15624663287476548 0.2994416407147894
K Ga 0.572756115117994 0.7570171889766114 0.20988180032001874 2.3608241322821666 0.19872294790072137 0.30817473328565315
O Ag 0.3467265187116859 0.3660489253828424 0.5111956017410818 1.044754559072462 0.1350808771522815 3.595784095964164
K K 0.09619696599807785 3.2565887902588804 0.36037388639159457 0.3600777252351304 0.5285880282089488 1.0281355240787518
C Mo 0.5453711442940953 1.1209428389408587 0.3553761737785738 0.3656841668351436 0.13715093249105131 5.8416497616655425
Cl Se 0.6166761209872106 0.7793079722994669 0.1867417499695503 2.5956778617165965 0.1801821101361966 0.2959678117801021
Ba Er 0.5365873141799868 0.7207816284390369 0.2758919203575157 2.040611318327055 0.1540346498750073 0.2914787312496174
Ne Cu 0.5216190387770718 0.81006213164572 0.18596403966438227 2.5992227990646875 0.2787211250958659 0.35604397104000185
Mn U 0.23696095300052725 0.3258002697012101 0.18519829330236176 2.6728820521691317 0.5513327353230787 0.8996103759626962
C Ba 0.22991756107171854 0.32073260704217754 0.3081201821825598 1.9623859430980877 0.42357080266274194 0.7262594780569138
Cl Ca 0.3527544017812141 0.3589870613934737 0.540636334664267 1.0283613634110134 0.09383992145458595 3.4338764414902054
Sb Re 0.5548453858149394 0.7635898664155875 0.24549221701429685 2.1947594852072276 0.16835918601376038 0.30211323152322345
H In 0.4013370476524495 2.064186901298945 0.008093527510365671 1.7824610493610836e-13 0.5584170769585909 0.5101359445433669
Cl Kr 0.20745755720522627 0.309874767062346 0.16775755798867067 2.773176870524388 0.6093405530689175 0.8236816002221656
Sb Eu 0.18399132608527327 0.3061566130682085 0.2611603940160783 2.082244448801603 0.522668020515931 0.753563192645076
C Zr 0.5632966729558108 1.0529779839019764 0.3240033967877708 0.3524983740289743 0.1379174958232671 5.034217950586103
Sb Ir 0.23979416702346454 2.2272143924063847 0.1713557910619949 0.30298647296559705 0.5579191976112183 0.773364631342773
Cl Ti 0.5216346735342826 1.0448901687276375 0.09900105175566475 3.3275279772898276 0.3660469521593428 0.365366883132799
C Xe 0.24627033334516377 0.3266217811223363 0.4433232269507556 0.7810572352327471 0.2745380497846431 2.0762040849213905
O Au 0.241515796253665 0.3288326908145234 0.18165625331872814 2.906867053367531 0.5534136482650154 0.9195578283572042
Ba Ba 0.1934111834825042 0.3012094451021597 0.5162241345761434 0.7704229740425838 0.25656300218389877 2.042791071285862
H Re 0.6207809995807274 1.1666207183371191 0.139118610422637 5.666623746427143 0.24891329257831757 0.33652894431307234
O Sb 0.4721548728521991 0.750188013310198 0.26984237406515565 2.0752725033219894 0.22451846239534956 0.3220211832514855
K Co 0.25789876725828803 2.0139860659444317 0.5013811697051519 0.7120103977002992 0.2163302870518111 0.3197299782979309
C Er 0.14522027472516347 0.2729243457243531 0.247870079780961 2.369160720286617 0.5739306914626326 0.7470445438602552
O Rh 0.12536628468881988 4.596993505852521 0.526516427975053 1.1007393628387816 0.3596239065179069 0.3691580072556022
K As 0.5963203340424349 0.8153966596068375 0.21271024965164623 0.31330337451553775 0.17672657910129191 2.698949889656207
Ne Cl 0.5957468658831495 0.6122259463108717 0.09515609583829487 0.24381886980152656 0.2857799074304276 1.8466570565133036
Mn Ag 0.19575613612577475 2.348975864222471 0.5144877651345735 0.8520417156191322 0.26340097910632226 0.33444215866372917
Ga Ge 0.23502927023761327 2.1528365078157714 0.5633765625124824 0.7118622599530937 0.17609967005777838 0.3118823122395701
C Bi 0.5891055624831482 0.9269603667089772 0.18071225825314877 3.3148109897084215 0.2151489663353262 0.31140160489658614
Mn I 0.2296900864289742 0.32243134718198724 0.4933601034790692 0.7792859543407684 0.247216144452796 2.0933627276660496
Tl Bi 0.14965233542744302 0.2962646670692012 0.25258315280968036 2.1360564977679006 0.5608861565404495 0.7559977353556371
Ti Hf 0.2229852263668709 2.4139028415374013 0.5778100078352679 0.778614396143506 0.17271385952824692 0.29609002606599155
O U 0.15792178018506428 3.6465558752732563 0.5505588265068901 1.0421673998544179 0.28196008273981527 0.3441594585460241
Ti Dy 0.17314373149468196 0.29473276112234637 0.25200632623217606 2.2416167194469763 0.5482137024001768 0.7403474861157234
Ba Tl 0.1700891033955652 0.2999517919390398 0.5549302251711222 0.7740750709173636 0.24484786726480093 2.22696439129618
Nb Hf 0.580129937125951 0.7314143359408142 0.14245374382368703 0.284718944405494 0.2467128349888931 2.1915462969611976
He Cr 0.02132581943870022 0.10170800498134278 0.6559608176951162 0.5412224978476139 0.30703640088234524 2.235156351781613
Al Te 0.5112621827535393 0.7012106595209479 0.17804075276056391 0.30165911311950583 0.28197488170999296 2.065551730878327
Cd Ba 0.21950419954275474 2.257892903526871 0.22029765394429301 0.3179672302152158 0.5311839628994768 0.8192098788425598
Br Tl 0.1735079491324252 0.3076517976596359 0.2325100415241055 2.2885466672105137 0.5642528589457672 0.7752250309372147
B Y 0.5848966805715016 0.9982927692223137 0.29288196361340957 0.3412193392893069 0.14927056647150774 4.903481648960383
He Zn 0.5694423993701221 0.8742540311582353 0.17408591739388124 4.158293197691709 0.26970842237518433 0.35640753214776366
Al Pd 0.2848612447213174 0.34726326831041154 0.5203283642019162 0.9004816372366933 0.17666102169031325 2.6453429002303763
Nb Dy 0.15218202842548023 0.28780617329082697 0.5631699362892625 0.726410584355128 0.2539539036766521 2.150357020968496
He Ar 0.4782962264681596 1.4471031919189197 0.0016679029789873384 1.4478242354575404 0.486348287895843 0.42057354834079513
Nd Hg 0.15763075269802432 0.29655810825037876 0.5387742933649468 0.7403526444634356 0.2671774481676169 2.0668762672716174
Pd Ag 0.18879537967918006 2.4854354319740866 0.23003272154804894 0.32124014155947406 0.5582051332842073 0.850701045359964
B Na 0.20917283342840184 0.29855279012990493 0.12195794188690375 3.7202369107848985 0.6721870486941862 0.8261344245104124
Si Ho 0.5698148661027062 0.7151441348195675 0.14546666677071982 0.2875421972935937 0.2520017061760687 2.2355928511716874
Si Ta 0.23279329437440294 2.335637904582461 0.5800745682961264 0.7496650348385063 0.1552362922337398 0.2943726064650893
Pd I 0.5411992611713167 0.8247464364916052 0.21969877378690642 0.3179969006913752 0.2119682470132634 2.3092851955036227
Sc V 0.21075514840454682 2.1128818124074242 0.45009463620931894 0.8465417932824693 0.31537247729312656 0.34723298892682175
Ho Os 0.27295210280170973 2.0688304634671764 0.548361928177963 0.7232680162373296 0.1441549117945051 0.2934365616874525
Br Ba 0.26682846873027627 2.0598581318748237 0.5418326095171645 0.7177741965004758 0.1610116230184094 0.2914698256129921
Br Mo 0.5884073787532837 0.7739676054911167 0.1800477973190468 0.3001355169077247 0.20760879603966817 2.354470652546852
Cd Tl 0.21949397419955252 2.3459102080174508 0.18279751337184066 0.3068882550257219 0.5682887371674462 0.8023337081912847
Sc Rb 0.15704745754362529 2.915805660782633 0.25491827477955237 0.3264379559457505 0.5750003182345763 0.8804561614333333
Ge Eu 0.16722981964020023 0.3014509255470792 0.5406259579188846 0.7176020999311271 0.26289410313157857 2.118253610349072
Tm Ta 0.27518769042152597 2.0329718601730615 0.5470326773020501 0.7129161808597596 0.1406836120615063 0.2942848938802482
H O 0.01782457671346749 7.919752544898791e-19 0.8500695906414619 0.6158332733437243 0.20169439029447625 6.3068791493703245
Ge Ir 0.2379152924242744 2.2554267779848933 0.17131780446747183 0.30634743732414327 0.5607194353636068 0.7596120268408114
Ar Ta 0.21133076027333095 2.5439690726120157 0.5937962130766684 0.7890788725052829 0.16969622593328468 0.2948306613223667
N Ni 0.16758413596336524 0.29418723262875823 0.5688625545176855 0.6816715736772484 0.24659626542441307 2.2053597868464245
Na La 0.2929002691651989 2.0591926840702945 0.519363962787613 0.6720805543089056 0.15618609666570518 0.2882007267159985
Ar Ho 0.15781942030904317 0.28835987497311394 0.24502450543025203 2.2821237451494825 0.5679115037087656 0.737496156776708
F Na 0.12641515714929233 3.3670084497173582 0.40106179956866916 0.40552529654412045 0.4726099531905941 0.9227013325883332
F Y 0.5439906317222013 0.9957938753690753 0.13610720367965848 3.6975033121694496 0.32168837726849336 0.3626976524894986
N Si 0.414108221119691 0.3871453733681461 0.5269042703720405 1.1556097098703157 0.06476064855465394 6.258977552250404
Y Tl 0.5752623948686157 0.7798278215043069 0.2249307303592494 2.319146922571814 0.1699951054391907 0.3011699514258106
S Sm 0.163173727216116 0.2892093962431535 0.26305650501227273 2.1674808214219436 0.54356876719324 0.7168921429407874
S Os 0.5863526833037718 0.7820720964451694 0.16656153579293326 0.29603292334278186 0.21672839466309674 2.4396308677025513
Ru Ba 0.531745632548616 0.7985448042302129 0.2092161362257918 0.31156078361094436 0.23013119556999412 2.2099225411088232
Tb Ta 0.14390470092582236 0.29244622943656806 0.5440618462954812 0.7145635473512674 0.27573276481130377 2.0338078014629253
V Fe 0.48719726804474317 0.6859676642510318 0.2764447391550413 1.9260176056035438 0.2103245468701107 0.31383063288054425
Rb I 0.2541092554069421 2.10157815415174 0.17611297882880084 0.2981608157529252 0.5401370556488543 0.7396164069859917
Na Hg 0.26231783749611404 0.34895574411185787 0.5151181364389416 0.9170263462283821 0.18930150828542675 2.5266541484468767
Rb Ag 0.21583420160533648 0.3185963778132417 0.5556468364315121 0.8126673053212577 0.20386639412363391 2.3693473391824456
V Ge 0.22693896587162016 2.218884520744137 0.1899181978366667 0.3030837194720603 0.5610104932050531 0.7363514967955912
Tb Ho 0.15392824151903728 0.29724909485955825 0.5311419197026339 0.7165336410657787 0.2798893886940134 2.019779852200046
Y Mo 0.206460482652759 0.30884842687222935 0.18310778996408283 2.591581906619108 0.5910395114324347 0.8234350019001835
Ru Tl 0.22319514869086995 2.3374241972320857 0.16754657179677965 0.2969324365340748 0.5800670883178767 0.784110497161207
Zn Dy 0.18441558601600674 0.31249662057167005 0.5378393570358821 0.743691136574154 0.24913822429163934 2.193873170037017
Zn Hf 0.2286204311356801 2.331287900536635 0.5529924181682596 0.7786895879830468 0.19131898366946484 0.3180094799586458
Y Ba 0.5405228614448816 0.7411622840095183 0.2547713740689891 2.098223413846778 0.17410774311427235 0.29229508113388675
I Dy 0.27303106989024534 2.0433734487433344 0.5300831803519817 0.7276387167082735 0.1634874215175568 0.29689498767655575
P As 0.14594364015827585 0.28072998913429686 0.20338279880235874 2.470556800442439 0.6330134826910772 0.730245091594478
Be Rh 0.3942593661369288 0.3892558668640431 0.19739330706653083 8.979383054927828 0.5241232878588831 1.2401380823873704
Co Tl 0.21839877439892552 0.32333509690220724 0.19873212837650492 2.6052345892959945 0.5590543763128321 0.8510619609508827
Li Ce 0.31217949811509516 2.2823816842399642 0.14396879452448336 0.28112035595667745 0.5140690179647092 0.6663234560091736
P Co 0.20498317100799476 2.3547143822060543 0.23462516275130532 0.32919722373467103 0.5414214378144082 0.7767883414485752
I Hf 0.5492689763029149 0.7369865685307714 0.2621752442613112 2.1087256450801153 0.155887123853661 0.2954695875103226
Be Sb 0.35714947384108775 1.8744696323296486 0.4890606128235619 0.6060434910878989 0.1156597077382916 0.26597548284095124
Be Au 0.17410326102372112 3.379619356919159 0.2325071898065667 0.3291727600191449 0.5749187616233395 0.9468223940058041
Li Yb 0.19171917843166206 0.3207392757068529 0.2127299455722244 3.05576467627464 0.5746880318619438 0.8432082258287517
Mg Mg 0.30546078290639433 0.3769087700529721 0.5620920942551774 0.8465312598333833 0.12702758865176791 3.2508210834481175
Li Gd 0.17628956932186257 0.30332714724548554 0.5365122613180512 0.7554955398970336 0.25961449077586485 2.588541854196819
Hf Hg 0.14265101065722663 0.29507565227776644 0.2671880346779589 2.0674787029865342 0.5526922395090369 0.7298607744195624
Co Mo 0.20007602212568046 2.3657150334435184 0.5380555180424179 0.8209314224446824 0.23812778144656557 0.3256540286408523
Bi U 0.25766067200544346 2.1249485193944073 0.1454897735317602 0.2889110781661621 0.5593408173048123 0.7557731281191794
As Rb 0.16092143516526353 0.2959744641850018 0.21806568114956265 2.3083145210144442 0.5980536255600198 0.7373283303079491
Re Os 0.2665422226869316 2.1025197175694563 0.5636829143707617 0.7251114083691138 0.13540305545158265 0.28856890559284426
Co Ba 0.26888240707589955 2.0115282907463694 0.21263159764383374 0.31824156060258535 0.4868022729792073 0.7434203978437293
Be U 0.5348716052972853 0.6598650313874136 0.2920281662029716 2.0946105777221327 0.13836113954467325 0.2616060325505212
Ca Ir 0.2021982486692655 0.3124793986109188 0.19152956169070678 2.6896747836315362 0.582223047538685 0.8407867819095021
Cu I 0.2734425018553753 1.9972649339806998 0.5020650593195723 0.7216073112780659 0.19309528309094712 0.3132884896871726
Cu Ag 0.2505873171158279 2.074066199754245 0.5158182833538234 0.7461083587277776 0.20406594191228442 0.31475035625047615
Ca Eu 0.530008302547294 0.7255541341562657 0.2650013143513168 2.138060458968963 0.17555796710762478 0.2933470702986344
Cu Pd 0.2467540962051374 2.1063077503475576 0.20191679298921306 0.31288200231207913 0.5234432824839577 0.7491627844452741
Ca Sm 0.5251789828821363 0.7428422493793645 0.2579491252421593 2.179223776108974 0.1890738920317443 0.30012298782033886
Ca Os 0.19664154502918116 2.655703908141113 0.5826808888871057 0.8306627540926592 0.19673567950260012 0.3098259757765263
Cu Te 0.2758937106814334 1.9724099612396402 0.4980800743278453 0.7189274753914057 0.19370724804394227 0.31443824898472295
Co La 0.2985197510263579 1.899040714466488 0.18252263113933592 0.3036509440165608 0.4845809513224875 0.692534979212623
Re Ir 0.5675248357497762 0.7427866056566456 0.14471649487318905 0.29384899143477705 0.2552685262468777 2.171773045496535
As Kr 0.22578671332238695 2.260143128082597 0.599523975422577 0.7254904464204941 0.1514044731509151 0.2925752032393818
Li Tb 0.2524682508301175 2.649817791411873 0.548801890632153 0.7626649326165785 0.17209264529377608 0.30426974113311056
Mg Al 0.6360162234638006 0.7637081069396996 0.14870259565245916 2.8239206824147907 0.2049243421950842 0.3219867812463107
Hf Tl 0.2614285150742041 2.1264475528746773 0.5560222485791185 0.7417862743259223 0.14863582115577137 0.29835715409980007
Be Pt 0.23208600931751253 0.3280435635347957 0.5788584191572178 0.9412761297940647 0.1750904602161285 3.4320330727775032
Li Lu 0.5730339802740153 0.8688308631894059 0.20352443718716257 0.32569884022952567 0.20211666423014477 3.1358952357678644
Li Pr 0.5189712852288585 0.6801757167704494 0.1489355450632986 0.2850115127053907 0.30318247939427184 2.335796259943121
Be Sn 0.4715587463883848 0.6504980753192641 0.33688471326205366 1.926060155966887 0.15490790124700501 0.29280736736769103
P Fe 0.2747638724277237 0.34310051062559715 0.18771234504467554 2.486170062055223 0.5217609767895312 0.830352112333607
I Ta 0.5490636401131274 0.737779657283572 0.15621474392454265 0.29468515041719157 0.2619522771376571 2.1093219651906416
Be Ru 0.18310290278555175 8.251747343412266 0.3826777902446766 0.3845678027353261 0.5315391307944342 1.2075115972236037
I Ho 0.5340451479310779 0.7294443583416527 0.271119519723596 2.0635405297190674 0.16187273922828038 0.29712946272761676
P Ge 0.15946127792430467 0.28947062167085086 0.20596730365238256 2.458266074833016 0.6182083131637494 0.7312666572113183
Co Hg 0.20871202696287477 2.4889275159020126 0.5556983978852262 0.8304695666218979 0.20904566416480214 0.31893344269223745
Zn Ta 0.5546150862950007 0.7675856081225503 0.2339815522338643 2.297169743784074 0.1834884442770999 0.3127546779257519
Y La 0.18110118296091027 0.2948596043293438 0.5455836038323049 0.75657294601458 0.24416737459158275 2.171712520294886
Ru Hg 0.22591280976523273 2.3231249686830364 0.5800324241565551 0.7790607253352335 0.16490989461194933 0.2960580821716414
Zn Ho 0.2547054080099619 2.1449368155920183 0.17904104565432372 0.3109039074705099 0.5353306118520882 0.7358236400863852
Na Tl 0.5186188332397632 0.927543570698915 0.18628760474081144 2.640662579317212 0.2660695387055081 0.350403465216581
V As 0.5644666137402422 0.7701995433256896 0.21069639153561265 2.28160521169623 0.20184785376200726 0.30925302799973475
Tb Dy 0.2802045149822105 2.020725437296276 0.5308828597028628 0.7154883214364923 0.15435202883989577 0.2963677893178847
Rb Pd 0.5613148242158028 0.8132555253833786 0.21355422214156602 0.31704194793833895 0.20004561562736076 2.381755471859986
Rb Te 0.24813691960027276 2.1289518749899488 0.541182016553735 0.7494403363541122 0.18176617229819902 0.30181649873834165
Tb Hf 0.27591326036028546 2.0201539247390516 0.5402339614228264 0.7167643669519165 0.14687817175401466 0.2951087251467469
V Co 0.5095016458390903 0.6792224149763125 0.19241581293147714 0.3066667343568218 0.27234893118261416 1.9572684221235188
Ru La 0.20745092267584184 0.3100636206986893 0.23483184339221747 2.198546397515983 0.528987453915156 0.7932090432615349
S Ir 0.20791799928024757 2.481332840620695 0.17681264993214102 0.30177303608788775 0.5845723029987797 0.7991607115464048
Y Hg 0.573702635421848 0.7735253716754176 0.2291253719342555 2.2970252219051246 0.1675182148976708 0.30113905483550385
N P 0.5123818650415459 1.1953892176527536 0.062034986831399616 6.403816926177561 0.4310394415606794 0.3908235698599574
F Sr 0.5406906402872736 1.0081811581806357 0.13331351311987283 3.875626958267262 0.33102672609110023 0.3685377970887527
Na Mo 0.5506634495272349 0.934507892143471 0.2897551369873963 0.34726031508966454 0.15333388534836562 3.182478002509153
F Ne 0.4078015699590227 0.4019354452261678 0.4717938889279567 0.944107087090708 0.1249622315909504 3.5326478708011826
Ar Dy 0.2526323140693183 2.2422558840319198 0.5597774887167736 0.7301832156818655 0.15913635125309405 0.28852242240880716
N Cu 0.18387444973031683 0.3025693354709253 0.22601100145274766 2.3513599782522543 0.5753978306995435 0.7178833407196897
Ar Hf 0.5910229318073454 0.7619828972692325 0.22589738881458343 2.394708650579482 0.15463194177282996 0.28668036374729255
Na Ba 0.5141164305054804 0.6924208041039681 0.17284414968843292 0.2991266551310668 0.2829163711366041 2.1038789579400166
H F 0.8121978400588963 0.6923329029082218 0.19858234157402785 7.570693302353571 0.07487999956252739 0.1805068645774412
Tm Hf 0.5475532968735826 0.7232047748845294 0.27114065276182997 2.0795773598748233 0.14769438082229866 0.29960933441455245
Ge Os 0.5629941893965575 0.7752336818759986 0.230171536243947 2.341528361966216 0.18016816358145338 0.31099754706684213
Ge Sm 0.16683810604988716 0.3003443956565051 0.5385913709857433 0.7157337738714776 0.2643989447184982 2.0942894947035193
Cd Hg 0.5694563559686051 0.800182905460294 0.18152331177114903 0.3067967279204765 0.2190383148876522 2.3443461036543933
Sc Kr 0.5808652393105561 0.8846332097692734 0.25269231919073054 0.3291398000612101 0.15457413322488123 2.971442335499753
Br La 0.1640597464236579 0.2917973315306923 0.5450804603617453 0.7256672828382231 0.2603579165671261 2.091024647557057
Sc Ti 0.33181684069204054 0.3498889078753901 0.47921202073023117 0.9120921408542432 0.16909824343390084 2.3781167272348918
Ho Ir 0.2686183911710949 2.079809136732894 0.5493324808893568 0.7286097912090074 0.14679845730588012 0.29452206815524534
Pd Te 0.53653901300962 0.8120464014926692 0.22014093263091408 2.2339637130494907 0.21481250933028292 0.3163376079980098
Si Hf 0.1473928417876316 0.290662369344023 0.2367911230068579 2.328909566646294 0.5844284171228596 0.7396105706439368
Nd Tl 0.16229936366566416 0.29805009186929515 0.258934969102442 2.130671338879277 0.5448028706258027 0.7524567000871824
He K 0.17085285072238116 1.5204337761584878 0.5197530635115593 0.435514155373243 0.2783537639328135 1.520416246141434
Si Dy 0.15262073665137374 0.29045072810253003 0.248071418544211 2.2760485887406676 0.5688139683680338 0.7224430059980028
B Ne 0.14904207860278096 3.108811192061141 0.7116015883515824 0.7470726120246625 0.13893635965140527 0.2549300543309262
Pd Pd 0.18806866555385365 2.4564080060548523 0.5599055470318175 0.8472664098726872 0.22727691222947316 0.3195835771121873
B Sr 0.27597667403881054 0.33510492711244005 0.5940639471917458 0.9646896171065845 0.15269474907365616 4.618152206609558
Br Hg 0.5659573609484995 0.7709429679513427 0.2344839328044889 2.2903001432966286 0.17070973015156607 0.30681214069679735
Nb Ho 0.25078457683295713 2.1948431906426413 0.5672050974597697 0.731878364671995 0.1529271121791407 0.2892594355793057
Al Ag 0.280528355829066 0.34650158441718215 0.5104107793796258 0.8806463705545687 0.18992227634316758 2.547659190283902
He Ga 0.2833018348319586 0.3629757104779397 0.5696155148368186 0.913482572501639 0.1706919683691271 4.618820756453737
Al I 0.5152490584769038 0.7004580148818597 0.1752911776689442 0.29887131729402777 0.2809796013486778 2.0810556472241255
He Mn 0.285237277644225 2.4164737399262752 0.649823827199685 0.5791531477762752 0.05333730427159411 0.1932822354305831
Nb Ta 0.1523464420600454 0.28990260340219504 0.23510154147102427 2.269919586512233 0.5832010532900227 0.7491689523114473
Cd La 0.2304820130028066 2.2075936285403586 0.2139188121569553 0.31423254429785274 0.5261402848693107 0.8038790067329424
Ti Ho 0.25439730721102916 2.203955865158028 0.5509779381647316 0.7336079811053423 0.1653755688364824 0.29140240139414286
Ba Hg 0.24764999722297978 2.201751793769474 0.5512777312207016 0.7707526213279275 0.17020560794328388 0.3015135722584048
Ti Ta 0.22009833775197032 2.4346670838605005 0.17787731588381644 0.29813503121128515 0.5759595221238273 0.7861885223857318
Tl Pb 0.1512345278052209 0.29755232140708066 0.2510665242106088 2.1771643843100494 0.5639105493447215 0.7593999202692394
Mn Te 0.22239602803493952 0.320171605048846 0.25961158533947537 2.010617942622968 0.48612913432968136 0.7606454779114141
Ga As 0.17609134714182517 0.31213698755572294 0.5672297407504574 0.7222721897898038 0.23151252103433057 2.174298633653592
Mn Pd 0.5099964011304547 0.8401288752541741 0.2586718787301532 0.3324036613874636 0.20351747556536365 2.2684550287604806
C Pb 0.5889717808030899 0.905949572530355 0.186173980254837 3.1665752804731726 0.20649374923808642 0.30767942540356075
K Ge 0.5803157870847045 0.7762786790248142 0.2032980549127367 0.30819413235700216 0.19848275703988286 2.447324522212354
O Ru 0.35536143003071013 0.36743494262215765 0.12401076530214235 4.559395324188159 0.531535356322634 1.0964779420083726
C Tm 0.5877719521302776 0.7581072110443225 0.14252215051848802 0.2707997474905405 0.2390924679929072 2.458604895193305
H Nd 0.2886210711959399 2.7471549500146186 0.16538025418985935 0.29460622226873273 0.5229228941851942 0.7481072907623236
Ne S 0.25324938794444485 1.9526317223168401 0.1205882492347903 0.26712013390832656 0.6041888575220513 0.6503938682517553
H W 0.6120037801050728 1.1153975215783536 0.24413747179639328 0.3340163104388964 0.1452445132075466 5.121991937759763
Ba La 0.520561682044768 0.7821790384554251 0.19829361994869443 0.3027902605287848 0.2486295465599557 2.098054293722862
K Fe 0.2773474955924197 0.3415865262907322 0.48118390888354495 0.7958967728607932 0.22121493981832135 2.198561457650608
O Sn 0.22557832351817905 0.32237953606855496 0.479382298128367 0.755816911082084 0.26487685391181587 2.132192049030916
O Pt 0.2392812105096725 0.32734104823974697 0.5528490663700634 0.9067716486433537 0.18579570759529482 2.849099572169242
C Cs 0.2455097987614747 0.3273300365545903 0.42586548589901935 0.7603013227262903 0.29113686929573224 2.0085345181998404
Sb Os 0.1698628171885714 0.30253185849757935 0.5581774135032411 0.7707054619754431 0.24123196726707502 2.224511750122229
Cl V 0.50621772436826 0.9916561829510931 0.1251014241775358 2.8352965082380233 0.3516904479660534 0.36162931249491315
H Cd 0.3984812089404077 2.0522040843383396 0.008156669845941138 7.838375892261679e-19 0.5601184501297223 0.5099114788818553
C Nb 0.5515112007842798 1.0860578715210785 0.34180832346746387 0.35950190863038134 0.13190462313530937 5.2093263050829615
Cl Rb 0.1592606928828792 2.932987755432329 0.22722043059935443 0.31675406571526926 0.6013663131366387 0.8489783821574707
Sb Sm 0.2583292932027878 2.085340950238953 0.18832766007804855 0.3076526798273352 0.5211821198166 0.7600146006932991
C Au 0.18915407701536657 2.934919004033136 0.5716273002348001 0.8941678945591693 0.21476377626588652 0.31370149964326555
K Ti 0.35491178388125155 0.3594528922412233 0.49097841267614284 0.9785002926203776 0.13527530460459164 2.625866798910373
O Xe 0.46638023084247715 0.7843875728408233 0.2442936057748844 0.32861402777274906 0.2567730669841394 2.1606676894261603
H Yb 0.15823011410558874 4.571565505744777 0.22596437911691034 0.3289093881350684 0.6120358468830451 1.0593583666350241
H Gd 0.23276839926941956 3.146428009964358 0.21145641002221507 0.3188982352918715 0.5350718882168649 0.8776890410410589
Ne Mg 0.4134363576749463 0.4174065145572757 0.10877711829678555 3.64217872868971 0.47591780590524196 0.9690743244923806
K Kr 0.5913679146431482 0.8662927994452186 0.23921301559639285 0.323854438430615 0.15431827255432307 2.8987742541859935
Yb Hg 0.26623271745144533 2.0949144351975573 0.5496295692554443 0.7351968716651125 0.149149685490141 0.2994617885759632
O Zr 0.3273329924894671 0.357336584113398 0.5502990744321222 1.0340689094615565 0.132981383940633 4.223622426838283
C Rh 0.14055818134183062 6.646432593422882 0.5305600008250635 1.1761168729813571 0.3781689598348982 0.3757613462254062
Sb Dy 0.1712355659779228 0.3024731144434037 0.5300376932926026 0.7393254268085063 0.26627263498924925 2.074963778286063
Cl As 0.6163395067222862 0.7594890352701881 0.1688872221613876 0.290564851845006 0.19664310305088428 2.485539592325219
O Er 0.20500049570220089 0.31458449603023825 0.5397068953299955 0.8082589919841121 0.2233430954936295 2.4187639354200785
Mn Tl 0.20861169568077514 0.31569183150618657 0.5597906550439236 0.8372108924042824 0.20474499055469855 2.5124296471697187
H Ce 0.5376843060183101 0.6336829224528049 0.09690282835308694 0.2452003366049701 0.3392728265255985 2.458781004611854
C Sb 0.25755332095203637 2.1264134849180865 0.48097981439158455 0.7800612090406837 0.22699956709349822 0.3173835260797622
Cl Co 0.22102580946267572 0.32027414171341545 0.23750366440842205 2.1076582436506204 0.518108037905488 0.7395753367112535
Sb Hf 0.16544590762286834 0.3021987249312222 0.2530057827725387 2.1567402502838213 0.5500788806316306 0.7520780536634161
Ti Ir 0.20485738226248185 2.5154250637422257 0.19458845718740633 0.30672419754369584 0.573389662356634 0.8201138758805595
O Bi 0.5592512716143083 0.9587767388888649 0.24997410956868008 0.3335996582064692 0.1723992626607905 3.1655495605936417
Ti Eu 0.2611646295854914 2.1385197802291622 0.18556130168920482 0.29926598948518235 0.52394243222474 0.7367725607984722
Mn Mo 0.17337910343470056 2.568168842478505 0.5370626838217503 0.8805259881074584 0.2685940561329516 0.3352336933271823
Tl U 0.14374030051739403 0.28876202074907864 0.5571810399018758 0.7493511572152274 0.26090741161581893 2.1061795106357795
Ce Tl 0.25898281859070144 2.109135554858871 0.5450320279071345 0.7503576500982017 0.1604106362189695 0.29559841969995615
Ga Rb 0.5718231100397324 0.7429374073561348 0.22183448567662917 2.2469007941344192 0.18193950765448422 0.3080458809310202
Mn Ba 0.22530923393886515 0.3206073502854477 0.26609957612287255 2.016066669590502 0.47694361995735096 0.7587056827663069
C U 0.15231614636275748 4.391184256926625 0.2860725157688023 0.3431144161700336 0.5660259591610911 1.0906228531764193
Si Sm 0.5444161199334356 0.7204668742644162 0.1665596372832518 0.2947081751974107 0.25811015172837093 2.1973737725260145
B Si 0.3732372121181898 0.3724064230835132 0.0766781276727448 7.472356142724545 0.5672710804300275 1.0909067824779455
Si Os 0.22312162013883763 2.4026556496059057 0.17366792586676816 0.30510964836151133 0.5723853817581281 0.7810105659173231
Pd Ba 0.20973583821558262 2.359406594079042 0.225159681874683 0.31990834333294127 0.5390563426885459 0.8337862187397292
B Ni 0.08614466999049637 0.2285367000066373 0.2763636850461485 2.1370160006276957 0.6206669009596116 0.6222236534108804
Cd I 0.21385779608128422 2.2694746835195714 0.2219843490960476 0.3191996715355724 0.5355850692044815 0.8254698745299546
Nb Ir 0.5833956024980007 0.7746501935472837 0.22297964657311764 2.342656900290566 0.16497633659387057 0.297016442926186
Al La 0.18809451170545485 0.30011536602444927 0.2644348815859186 2.183488880122807 0.519069719879296 0.7269120684236589
He Sc 0.005902363786703974 1.2890523778591007e-12 0.6089166578868593 0.49295391558851304 0.3625768040965338 1.869500236632729
He Br 0.16756064545052685 6.232761190425991 0.5747465352661936 1.0558472888145134 0.31107214113040393 0.3686382445152326
Nb Eu 0.16524781537029376 0.29271738969283423 0.25268575835360063 2.1535764951839544 0.5520396504968101 0.7364653160005422
Pd Tl 0.1782101827112512 0.3031564225987024 0.5798450525263678 0.8028680053426912 0.2147716145053049 2.4155486943566524
Ge Dy 0.2548420924482663 2.163596840668811 0.17175231684380923 0.3067767637194115 0.5445004258796853 0.7303908552507425
Ge Hf 0.5566139180772521 0.760325178794043 0.1789598345697813 0.3138686618172197 0.23735617252931127 2.2851241946767766
Tm Os 0.14149013639756028 0.2932688209090088 0.5530141582250216 0.7221022499407201 0.27212123810262756 2.084783173816438
Ho Ta 0.2801124090981947 2.0254907427527553 0.14090464205828365 0.2928191685776536 0.5432445461334351 0.7105062316324559
Sc Fe 0.22847905517498993 0.32075837540185637 0.48469112000193754 0.7142324136156648 0.2628880975480194 1.9885999469370805
Br I 0.5452751976292199 0.7438731894136104 0.17670473372324833 0.3019038584610121 0.24993143703729767 2.1446548987108676
Al Hg 0.2297001959141817 2.3048921813059975 0.5351947522100807 0.8070742746465888 0.2011797780575381 0.32008127814315945
Br Ag 0.5642835845897005 0.8252947182175802 0.1951178592524319 2.478199193719779 0.2186390103671436 0.3216300680324391
Sc Ge 0.2126718305420971 2.319630431445439 0.5635859786202039 0.7625038295708454 0.20359793909765514 0.30864704605063153
Ho Ho 0.281600701213336 2.0002234249093385 0.15102721237415662 0.2977727034696709 0.5304263854558562 0.71344786016322
Sm Hg 0.5453259546249263 0.7534335377390955 0.16322644402934566 0.3007961295001993 0.25890127013987096 2.1446145773099707
Ru Ag 0.23286500306354083 0.3220708287917863 0.5662909891646225 0.8617437907363404 0.17957244816086526 2.583936499671237
S Ho 0.252310739450951 2.25000888512981 0.1393938875993743 0.2783118386822557 0.5775329873127082 0.714403793134894
N Na 0.1473693736438065 3.018749978666883 0.2570321010222736 0.33507861424021734 0.5934113659454094 0.8021297519451229
F Ni 0.531202889407319 0.7453016977712403 0.23603692493646494 0.3328354916554967 0.2163989324480468 2.3429564209836142
S Ta 0.5909312956119959 0.7520807656058063 0.22773794071086723 2.3476533157691204 0.1494166498384682 0.28506398490905016
Ru I 0.2091036953953609 0.31149077484050225 0.545674155840396 0.8089503299420256 0.21804964713251132 2.2800473201200213
Na Te 0.19470559135819823 0.31542801205276755 0.2807585064171617 2.081632670169051 0.49487082925005627 0.7076701705079871
Ar Os 0.2100000505389626 2.49215220903719 0.5863477131403078 0.7981154186109259 0.1750103612829729 0.2983690359612462
F Si 0.37195030472291696 0.38830125544707955 0.10178108650830708 3.321847240599895 0.5163251076752532 0.9909407981446435
Ar Sm 0.26734063802402036 2.1243585969931553 0.1728437528367686 0.29462742158681243 0.5294037471735035 0.7219434982727231
Rb Tl 0.1727916128332717 0.30451771954489026 0.5693189986107834 0.7782008815103136 0.22801987490573639 2.3051787108016137
N Y 0.13516937089618375 4.378382944413193 0.31807574929984966 0.35058805174258 0.5612017648106761 1.026343361856733
Na Pd 0.22288497983162794 2.355831116079112 0.4985186125737609 0.8197993959402202 0.25765541334525954 0.3378514473602845
Zn Eu 0.16944575241703846 0.30372674061605065 0.2745050052353086 2.035918642460589 0.5241920426612994 0.7060018708859943
Y Ag 0.5636188428910619 0.8287473393742997 0.21949736809667184 0.3181178984019938 0.19299891249598156 2.4405117467353166
Y I 0.547172017218148 0.7627340104486383 0.1853297707908709 0.30044454188551994 0.24025137584538075 2.1907276348433378
Zn Ir 0.22097706302998357 2.4036925428998126 0.1947961929358032 0.3163058895847193 0.5581489376179779 0.7976573032044714
V V 0.31198339870152336 0.34759807753251787 0.2111344900280224 2.1694074054648946 0.45521165001369496 0.8398671889365139
Tb Os 0.1461992591151864 0.29280885119950434 0.548987734777723 0.7251448673661305 0.2713698330968757 2.087043253203774
Rb Ba 0.5459704056990685 0.7408912041138724 0.25294762287995076 2.15591748632575 0.17374621437451074 0.29417176626280955
Rb Mo 0.1991277034158302 0.3075099985775908 0.19210055813405624 2.462621509468138 0.5861319913051988 0.8042749554110994
V Rb 0.25525656759510273 0.3292300511401935 0.5595343149271058 0.8648328465326016 0.16832920389106454 2.71743081090228
Li Re 0.5706238132730618 0.9960452881660466 0.2540410438829873 0.3493256976688094 0.1649681603999147 3.8767507836724957
Xe Ba 0.19759212552161265 0.3059079527876039 0.52068448813172 0.77915163738951 0.24916823398673238 2.087532090198235
Be Er 0.12933040989014025 0.26587689834123274 0.24594504132881928 2.6078707521545685 0.5968804816520092 0.7426955142865465
Mg Cl 0.21574828404040977 0.31349911509252015 0.5771387018335009 0.7713913470698137 0.18816786252238257 2.2820019018418605
Cu Tl 0.21913316926289286 0.3276678588806609 0.5483485563697915 0.8403508512445359 0.20650087059779287 2.4988892993861604
Li In 0.19000840091081647 0.3207806536821504 0.3390585359466729 1.9694800092178788 0.43549632471868593 0.6652066647488791
Be Zr 0.15277184597750934 5.937005695134882 0.5696539214274657 1.0578826493566382 0.32125020559086725 0.35778444678459065
P Kr 0.6240287323785172 0.7890630874747179 0.17857808047328677 2.736236628551429 0.1833921670323828 0.30010663456223513
I Eu 0.27219406396389556 2.0339646706345054 0.523195314516653 0.7332747211229937 0.17119383860395454 0.29809553738183264
Be Xe 0.47981730283463336 0.6339991333497536 0.1434880420173174 0.28356440461731464 0.3410504434948028 1.9909810262407488
I Ir 0.1675055335333194 0.30066035539693187 0.5508633892360975 0.7621922413458804 0.24868512875383164 2.162910460612841
P Ti 0.5219672403315612 0.9926569356703577 0.3459494844394884 0.36007232382533505 0.11793088659876663 3.02185050799933
B F 0.18811287788933984 2.6439809108115258 0.15606701777868714 0.27823680282549185 0.6557364461245394 0.7021024908017626
Cu Ba 0.2847829344721217 1.9620762648516958 0.1807675001802309 0.3066524843943868 0.5021564059360986 0.7031991625741076
Ca Hf 0.5837849669839708 0.7839127667522091 0.17295836827109284 0.29733630266284355 0.21685500269736227 2.4650705651103895
Ca Dy 0.17750150567548978 0.2972102709623921 0.5534333330324495 0.7523306849160264 0.24192813691652082 2.2968066899069335
Cu Mo 0.5488396818034881 0.7473071617995031 0.18972846136245153 0.30583059437683424 0.23368435282196157 2.151338685335152
Xe Tl 0.24141130968865446 2.216330271113743 0.5553454646024112 0.7770653715601294 0.17127302698363786 0.301303895714775
Co Ag 0.5144305748990768 0.8245021143753305 0.21049633228133952 2.296303680761731 0.2496538295177128 0.331336830335686
Be Bi 0.5814809100790276 0.9632049837064915 0.17259675079205083 3.456508875677719 0.22787231266540095 0.32374086933488666
Co I 0.26710791501682885 2.007049440792243 0.49248178179911023 0.7402107211515788 0.20886163683449332 0.31705961191183607
Bi Bi 0.14953852643847865 0.2953026096903362 0.2503613578572022 2.1533512786541307 0.5635015413741752 0.7595340604860072
Co Te 0.22132110372104158 0.3233718402746537 0.2547157693370068 2.06734290895603 0.49420336153322075 0.7617632081923145
As As 0.2335602374283357 2.2233824102699145 0.1542066196140539 0.29985277615176475 0.5893667712129378 0.7133443455335942
Co Pd 0.2506313178483772 0.3312455403086543 0.20628372232121955 2.2986146974114128 0.5168683868501166 0.8297428031929249
Be Pb 0.5902749882409613 0.9623904232364799 0.22482115375145528 0.3231880007970867 0.17005467357778023 3.600785711971064
Ca Ho 0.17207988270978797 0.2955214730779551 0.5592318956519199 0.750817400925325 0.24180063494061638 2.3173073793782706
Xe Hg 0.25046969589433665 2.153674597846577 0.5494148825449872 0.7642976548700271 0.16662384721244247 0.2998737437250149
Cu La 0.1620783650909253 0.29576141855511057 0.5046867951218613 0.6771182950496449 0.2995549597694525 1.9113180218251415
B O 0.5282550076701936 0.429432824156656 0.4045435258305921 1.2366465161902558 0.09327209730156238 5.09601857423878
Ca Ta 0.2067189462155953 2.561069841779472 0.5851055364255933 0.8028775950052461 0.18328838225190014 0.3020319685099942
I Os 0.24779799182554044 2.17728275449611 0.5529192132394015 0.762551968490059 0.16700889149899803 0.3005937795324485
P V 0.14188851949461756 2.7046734593271275 0.5094610928102815 0.9446232428550504 0.3318072888960405 0.3571278840889703
Be Cs 0.33585895510810504 2.014577022155688 0.4688356195220782 0.6468363343027733 0.15966397087825326 0.2935584406108802
Li Cd 0.41523314346290907 0.8891441320039896 0.24113446145763132 2.309056585538001 0.31200111727405727 0.3678985556966332
P Rb 0.6164422665622817 0.8179353015813001 0.16773074155561554 2.899665002967561 0.2049142898649539 0.3071333041432494
I Sm 0.5176615412805767 0.7441328294135919 0.17975171151127323 0.3019792716373049 0.2685965674380359 2.027364148752281
Be Nb 0.1543139466970272 6.657360206458328 0.34611356341389726 0.36773314120323614 0.5556643686229019 1.1111602625714119
Be Tm 0.6077630495924518 0.7514974466786343 0.12630828694317708 0.2630621876348575 0.23854708839488437 2.664300673930526
Cu Hg 0.21515609779712233 0.3257537049630181 0.20894704701222666 2.4728063612195292 0.5493773191373795 0.8334612081555339
Mg S 0.6026326518474078 0.7468256811183317 0.18928701942692558 0.30097085925875466 0.18871984361023347 2.2650443464498635
Li Nd 0.15388268520866455 0.2888779929131068 0.29293442559622096 2.4067572304700344 0.5252698922227509 0.6955582219795649
Xe La 0.2423742495631853 2.1264797111390052 0.5207876384964559 0.7939580823581474 0.2052064310852025 0.3084855343547253
Li W 0.23789643817439926 0.3387265891715976 0.5696658506972229 0.9436730637740535 0.1786740159660881 3.569838000489472
V Kr 0.567770353961748 0.8559681043738836 0.17070167407782624 2.667799960877274 0.24410721812914846 0.3260729780544571
Rb La 0.2568304442880277 2.1069049298761966 0.5421726480284722 0.7341231515831619 0.17077203550745884 0.29184530412974846
Tb Ir 0.15100525182968358 0.2951756590025914 0.2665472937282604 2.11919545897555 0.5502239839100266 0.7340348291824805
Y Te 0.18984274378931576 0.30335200440425747 0.549560837662733 0.771922400916186 0.23383518682264132 2.220157256148861
Zn Os 0.1904771264471824 0.31473021920969696 0.22515881198875876 2.362639382896381 0.5569945087271363 0.7883385680256935
Zn Sm 0.1739325435994909 0.3049946196281165 0.26995003582144983 2.0635755296646927 0.5253083893849345 0.7134949060074914
Y Pd 0.2177429073077018 0.3168283472598616 0.5686836583356387 0.8295054653422111 0.18997647008453247 2.4678323453922157
N Sr 0.13710302611438432 4.0821241171940414 0.3109138672900439 0.34949565655817016 0.5612147364281286 1.0037001325448833
Rb Hg 0.17131141199059347 0.304989784055829 0.23035235673667087 2.2842983719875893 0.5678698044671562 0.7736499231350992
Ar Eu 0.26173176659431346 2.1545239405911274 0.53538262793207 0.7272683052886537 0.17253727315881268 0.2949248652580442
F P 0.34334902804181605 0.37552986164453706 0.13727424376617703 2.5897652360575774 0.5022098321611177 0.9228631916564408
Na Ag 0.49273015324170616 0.8054286747654079 0.2545980196059288 0.3379050740340794 0.23235531248281246 2.3337120289211915
Na I 0.18445951820281117 0.308567236993462 0.28093799401023434 2.0814261095194078 0.5039615939523004 0.700190644719161
Ar Ir 0.1879587593621248 0.3052369008549274 0.5915139031248957 0.8251019430557435 0.19530860613977466 2.661719987306034
Ru Te 0.21646130218999968 2.292120154012238 0.2087969114241297 0.3117560666809382 0.5480208593402812 0.8097482009520298
S Hf 0.5977149850469643 0.7450220848634643 0.2309047474689043 2.385936832242464 0.14242897340682212 0.28121650521707886
F Cu 0.1966026617989928 2.522067003643401 0.5333640152316631 0.7846207448130033 0.25618892878788097 0.3427171621246053
Sm Tl 0.5415558497948803 0.748653465341318 0.1612391758440947 0.29895743129852054 0.26246391389274004 2.1022537286550183
N Ne 0.1998933747045657 0.3102920280675013 0.16756372802909197 2.85505945877246 0.6324927132375652 0.7419591993678658
S Dy 0.14563790888809489 0.28130542961171556 0.2529302926926715 2.239367901755624 0.5712240916352498 0.7165929296073361
Ru Pd 0.23314067717174622 0.3220517836297901 0.1743915732908879 2.579501816849475 0.5692660119267507 0.8649404157696002
Al Tl 0.5255688651569568 0.7901547333525922 0.242104220662636 2.1954860502903872 0.19490052063345292 0.3158016118227838
Sc As 0.18903905522224448 2.4805965763467315 0.5743736442520657 0.8055928661813353 0.21732569757415238 0.3158310296313313
Br Pd 0.20627091239394432 2.359216901830558 0.20490732807891776 0.3145906110756171 0.5645808478431961 0.8017501447169629
Br Te 0.24730841986731641 2.1411491314735995 0.5430522705219966 0.7496896725995982 0.18133259060780363 0.305308587592462
Ho Hf 0.5444284456452178 0.7226869610842717 0.14847687632530632 0.2983392775395048 0.2735628116087652 2.0683822633619102
Sc Co 0.26304832116872323 2.0020342773980477 0.5056610763526718 0.6996912271535388 0.20701747603199394 0.3135142051066767
Ge Ta 0.2345676228357819 2.289794841842913 0.5595733145947566 0.7618266802740796 0.17781048973927527 0.31174738928577406
Tm Ir 0.1415788674305461 0.29284996191884805 0.5524201947937103 0.7224753224529901 0.2698101521195344 2.0670025370973337
Pd Hg 0.5726880265509494 0.7901402283704957 0.17421116863877933 0.30206479797766866 0.22360253514629075 2.3236221432912036
Ge Ho 0.16959139322988268 0.30717881724347135 0.5434618259821743 0.7279268296073349 0.2565539539308837 2.1462762508775577
Nb Sm 0.2538649191561217 2.140434458524926 0.5465397049283084 0.7397670387346253 0.1697854803065007 0.29467269281916086
He Se 0.16839157478525818 6.138207293474305 0.5742017707076277 1.0344187457149452 0.30856903897129495 0.3710619267436453
Al Mo 0.5628513534822362 0.9032425040270972 0.15544299583041185 2.9885759822278 0.2703293809980163 0.33809419808091284
Cd Te 0.5331957793495928 0.8191204061876598 0.21974297368953033 0.3187631165891001 0.2179813101845854 2.2330683295224096
B Cu 0.6329588828138212 0.6605408566994003 0.10220879872076008 0.23986683553321628 0.24956438608054313 2.292445327459734
He Ca 0.5727028909181783 0.4709646607075074 0.3965990915029367 1.6893350443760244 0.003452415718160238 6.669692021898164e-16
Al Ba 0.5262487447262844 0.7360477451304971 0.19087343844935556 0.3024090533945838 0.25818581356411335 2.257420862595941
Nb Os 0.1620889205237812 0.2955834397886404 0.5850584856330452 0.7706508915348462 0.22447727368864365 2.341185246491151
Pd La 0.5368713808025998 0.8319157845567787 0.22494092862233198 0.31914636777748084 0.21192904988056452 2.3540217142568833
Si Ir 0.17043430548083 0.30324360250479043 0.23292966489417877 2.270082811586495 0.5614133853133351 0.7689994131215562
B P 0.4135963011328408 0.38652355035425584 0.30181369373095274 15.267884542176807 0.5379506630304914 1.1706087829810132
Si Eu 0.5493347957988249 0.7078817998899201 0.26352057093084635 2.1673664645276634 0.15550097570265406 0.28874432454079296
Mn La 0.21655906330797395 0.3158382140638879 0.4719234824796375 0.740177463764697 0.27854671976118744 1.9660567907178688
Ir Ir 0.13815442528081212 0.28886940820945023 0.26205510412669064 2.1177461271514373 0.565051163310522 0.7327104488730719
Ce Hg 0.25179271569420403 2.1687088015378526 0.5489528742730261 0.7626958838434059 0.16647875674240875 0.29973255996283105
Ga Kr 0.1825724139997825 0.3100962862389321 0.21969727224744004 2.25518236771202 0.573239656022463 0.7470134710848927
Ti Sm 0.19425914843132205 0.30303026198046684 0.5202272008705234 0.7471166060095669 0.25810715214350993 2.1674663444079507
O Pb 0.17239703624352343 3.131239731836767 0.24900623277413678 0.3335648856098584 0.5594600793204316 0.9552284051420737
Ti Os 0.5788342665458659 0.8272519146552969 0.20078219932008606 2.613733315754934 0.1966139693824137 0.30819232302133825
H Pr 0.3133651844528421 2.5629697985050104 0.12871467065960968 0.2705167302542328 0.5307998392975772 0.6853485518030357
Cl Fe 0.2827620652105779 0.3430092794128268 0.5033740293843177 0.8340120961609173 0.19612645011568247 2.3641563751500247
Sb Ta 0.5518132372077759 0.7586488988624173 0.24807263807161367 2.1748402590219533 0.16824838488560864 0.3026192937475258
C Sn 0.2220517648150257 0.31537167368421687 0.48515391177717454 0.7733999154390805 0.25877955668833735 2.1178695413838886
O Tm 0.20243925250367498 0.3140412062866561 0.2196891604580637 2.410355616546521 0.5441484514631707 0.8123707967548863
Sb Ho 0.2633528474108633 2.095623374600745 0.17107647459597863 0.30347030700186745 0.5333294555013217 0.7432788617359647
Cl Ge 0.20476869779264106 2.3864612538327905 0.1752687810604006 0.29399935484364487 0.6001334312298463 0.7489974397057552
Mn Hg 0.20107050575276522 2.554807662849011 0.20854886862179797 0.3157918554078368 0.5643558875241368 0.8402973364747219
Ne Al 0.5762674042578843 0.8136185243727067 0.1434239524586774 2.842324461491574 0.27042509200025633 0.35950855839780166
H Tb 0.2189294386970891 0.3230253406558972 0.20662199438783804 3.3506047956416025 0.5537740931117258 0.9299938986570905
O Nb 0.12777242587607732 4.214087496565603 0.5458108193080917 1.047241351580026 0.3340820065468606 0.3589731107749891
K Rb 0.5844859982780889 0.8705476897565991 0.24593648986107974 0.3228602393699002 0.15449776349215558 2.879130648697102
Yb Tl 0.5505453253291092 0.7405715326787659 0.2638511563172097 2.1180605548654623 0.1518801505055896 0.30065915794131176
O Cs 0.4566454878815262 0.7729839519199292 0.24383241579260279 0.3290910796809071 0.2666415507130332 2.1199995744288076
K V 0.3519147374068519 0.36112765237819144 0.4795603838402396 0.9565805034936397 0.14819648132342367 2.524053682473689
C Pt 0.19074242610076955 3.0249084940027027 0.5726482286650514 0.8966476297601639 0.219434510394642 0.31596094817143344
H Lu 0.15299985628084128 4.831457533273523 0.22852713682847364 0.32870173395866126 0.6176132710958758 1.0788312237817035
Cl Ar 0.5577242523873903 1.027079222703053 0.09002042298396443 3.954007867624813 0.3460178076691284 0.36131490150700607
Yb Bi 0.149483195499362 0.2986981544189585 0.5479607275288086 0.7372015603674363 0.2655956721126052 2.082784267970688
K Br 0.16209088792825324 2.781635899470539 0.5932150595752325 0.8456214381674501 0.2282443784222759 0.3187398259919335
Ce Tm 0.14845569865712813 0.2899610847825458 0.2802550947924772 2.0163218822071176 0.5366669266943774 0.7129387114269419
H Ho 0.1802401609474696 3.840669073221744 0.22503037719870983 0.32669453197858206 0.5794069581142675 0.9947466419858995
Ne Na 0.42453271607598386 1.0081313603872266 0.1103244563717398 3.4964981408133333 0.46273447881400764 0.43197428314052405
H Ta 0.23802321651168265 0.33123686631164667 0.14564870897597734 5.3930053727935015 0.6225117740753623 1.1248638687844719
Sb Pr 0.26102647985943356 2.059222270774248 0.5184259049950873 0.7568946427887275 0.18808388793529773 0.3051282482583521
K Sc 0.1132055978584917 2.923249442773322 0.5159123485490237 1.001200045564527 0.353310859841024 0.35616449801761935
O La 0.19307943386985085 0.30636615343304624 0.3166585214502824 1.9162846550517965 0.45149730127887727 0.6784721467044214
C Te 0.28204498674680384 2.0131466758141063 0.4616895998112526 0.7475060367747975 0.21904008995240867 0.3143479547528326
Sb Lu 0.5434653072249669 0.7380435411473004 0.2626288433935208 2.1017132231441042 0.16126318838804118 0.29975673648422435
Cl Cr 0.3354187647029584 0.3576074938929998 0.5022483358375014 0.9467007872182469 0.1474279301971019 2.712183348585085
Ba Pt 0.1683349643318745 0.29863269411517596 0.5462198998249588 0.7566653555321359 0.2533974942797422 2.139000337982646
Ne Y 0.31171476678228766 0.36490577578247824 0.5440292545716884 0.9631595144889328 0.14229955601023753 3.4437579069841635
Mn Pb 0.21369478720317953 0.3179462654946086 0.1969095897341643 2.6121602812211977 0.564628340684561 0.8524657127922307
C Pd 0.37406492495886023 0.37527875238958985 0.5322401782627705 1.1686155407568366 0.1365104441410372 6.402784783068598
Cl Zn 0.5824782059264672 0.7279806060908994 0.22286732162292686 2.281766276795449 0.17563705795642495 0.29792923439126384
Sb Tb 0.5268825338900247 0.7379052952849766 0.1723100332729811 0.30202580177221605 0.2676577757064772 2.057271214213337
O Hg 0.55631454689055 0.9336739062399122 0.1779430322636395 2.950109911981714 0.2420777557260493 0.3308719623072944
Sr Sr 0.6009142383333799 0.7794794703043034 0.1967449434635448 2.452685583483835 0.18054555097225736 0.2971392015978722
Ti Nd 0.26752844173203255 2.0893227323113317 0.5041028740270745 0.7404469737446053 0.19909787437397392 0.30430718778120047
Mn Tm 0.238314145082116 2.2689644587521096 0.18247638714426306 0.30514146450555935 0.5508873572299664 0.762030077545242
Ti W 0.19092965951398777 0.30380990493919663 0.21353586084892867 2.467801429091966 0.5694317472179443 0.8005016488810587
Mn Cs 0.2510488069780943 2.0811742418274695 0.48418969874769036 0.7814378016064771 0.2343796419227537 0.3243261595874023
Mn Nb 0.2654939494125783 0.3340324173993308 0.5415005519635424 0.875598732751893 0.17176962761485612 2.581194914917005
Ga Se 0.5683110050881368 0.7287192043721826 0.1775030953146339 0.3112759716339577 0.22881930776667025 2.1857333089755957
Ce Pb 0.15913335571778625 0.2944611176451149 0.5423099295669723 0.7480849721578666 0.26125895508778607 2.078388390518555
Ti Cd 0.18871310396007546 2.408343722415954 0.5223626004229858 0.8635688217545798 0.26419183606663227 0.3315869425851063
Si Re 0.15798783097935 0.29586310720407727 0.23734232899045746 2.245501745055536 0.5690710458972014 0.7509477039233295
Pd Cs 0.22075548781575316 2.240910466102992 0.5300781805645793 0.8184856463649939 0.22022178421040792 0.31799669880547443
Cd Pt 0.2266744932408114 2.2708009448812914 0.5616175729017062 0.787222026283487 0.18201095196330003 0.3055216311455437
Nd U 0.2613880091764536 2.073592223370974 0.5325012298708779 0.7624736543823813 0.16742470138872642 0.2963910494074765
Al Er 0.15849495146844567 0.29682097752864495 0.24805128742894936 2.224086217007258 0.5595212763805494 0.7260709133176834
Nb Cd 0.21851260354403784 0.3156455335203877 0.19371176800546738 2.438697382634953 0.5636199140180465 0.8301045581374463
B Cl 0.4710514785318703 0.4075224108918363 4153216.6865290767 76.22980943280115 0.4895842491881715 1.2962465404690149
Pd Tm 0.2476388782277726 2.1724100650341 0.558369681071241 0.747198467143807 0.16267785753248204 0.2964021435512078
Si In 0.5180270021775868 0.8425298871470926 0.20562859303593875 2.405077558869232 0.2536645144631702 0.3356997533277807
Al Zr 0.1533651855648124 3.0436218611373236 0.2592070101719211 0.33322712191274273 0.5770650176679646 0.8896662408933901
He Kr 0.5708578561672143 1.0977758212418935 0.16725096953000432 6.760236268748207 0.32315377615602725 0.371020488626789
Nb Nd 0.250000547990163 2.1458221941660134 0.541941567671736 0.7493698585993871 0.17797586873250623 0.2971913401910901
Nb W 0.1596127236758128 0.2926537681179045 0.23195158633239585 2.2739744644560473 0.5789562970692219 0.7562548771840387
Al Xe 0.2787364520738976 2.1228066126814955 0.5197189020755986 0.7034228785639702 0.17443518093676563 0.29745054648045366
He Ti 0.0072392907203365844 1.7295823691592017e-11 0.34609142962591194 1.9745382821658228 0.6261679746619241 0.5034720058906381
Cd Sn 0.5386354070677141 0.8160176082316837 0.2170071068614436 0.3183586615565281 0.21626426556172357 2.2562094688923846
Tm Re 0.27518376319386506 2.028821595048534 0.13969609335529115 0.29278511915404354 0.5476984572311537 0.7146188685800083
Br Pt 0.5775612694102146 0.7694615769261959 0.227799887668742 2.3526634893753093 0.16955222766827613 0.3032913239245455
Ge Lu 0.17582542762731238 0.3123833480384028 0.5517095785716195 0.7486381603145484 0.2425995526688111 2.2164819214218476
Ni Cu 0.20830293181655707 0.32149974674802567 0.539139123869262 0.7310762663555109 0.23126837033311362 2.2126433142787874
Ge Tb 0.5397327394683713 0.7169428949678603 0.1657490919337273 0.3025743089406911 0.2628677825710736 2.0885417559055983
Pd Pb 0.21491330090350216 2.390698567408579 0.5788001472167622 0.8027575667232791 0.17761215580468698 0.30265023182286027
Br Ru 0.18792452688110461 0.3046109432001512 0.5766244323401725 0.7808323752587399 0.2113690278309572 2.3328636148223265
Sc Ga 0.5584851078699017 0.7337945761931389 0.2290901849029631 2.221538261776405 0.19179840832146375 0.30477297283808297
Fe Sr 0.5493870362637752 0.8405469780163115 0.24852715586804267 0.33103982388948183 0.18305119306804776 2.5605724112352464
Al Bi 0.5294504510999056 0.8223907179009701 0.22882910143241506 2.3381792829355525 0.2090758139136505 0.32138849294164734
Ge Pr 0.5324428711458683 0.6995370347720359 0.15943581165501047 0.2937289534790488 0.2762593440005643 2.016500349196506
Nd Au 0.15735085432646756 0.2948192452923064 0.26682614376759284 2.0679892481099826 0.5399713866192711 0.7369051374514547
Sc Mn 0.2385505479128967 0.32413147091741534 0.265507397524871 1.9608366801778538 0.4714953382361739 0.7186798609628717
Ho Yb 0.14879545717352563 0.2989826324689406 0.5342912209190979 0.7135793274662894 0.2791363119803094 2.0026598898300745
Br Sn 0.5456231719294176 0.7823263561846568 0.22807242333164784 2.254656314048961 0.2007559595130162 0.3165021252091344
Na Au 0.2555822393434779 0.3430712505935897 0.18130489204415332 2.7317477868300983 0.5362620531648462 0.9123691808661085
S Yb 0.13399975021396818 0.2756819721279375 0.5972264695035949 0.726696822759297 0.23910938359839165 2.331719737935806
Ru Sn 0.21251048906785536 2.2932946133973724 0.5509330082557831 0.8125465598746363 0.20972582120190233 0.31320573198098567
Ru Ru 0.17103463221375156 2.6262662398410126 0.23269199419451359 0.3215749501972207 0.5742624863889366 0.8665089776068172
Ar In 0.20750485435232227 2.2274976557421033 0.24643592683835713 0.32721990266015727 0.517144456915868 0.8339820608603691
S Gd 0.16687271022789074 0.2910571580816689 0.24966288889970586 2.2599180283404676 0.554310143585029 0.7331495737086081
N Mg 0.32176085351614525 0.3586603059819972 0.11043808801273955 3.617914848062653 0.5660282307320975 0.9196262445047116
Sm Bi 0.2579019786170573 2.1469234576567864 0.5448587875571159 0.7585639783007305 0.16450901233478793 0.29991639625899363
Na Rh 0.5248295032861015 0.8924223931261477 0.18041613320627425 2.7721000036973935 0.28114202160898516 0.3445454720977861
F Cl 0.5439673922927829 0.5940091084433439 0.3156775986514507 1.7433576660074133 0.11528061553424003 0.26565985587940955
Rb Pb 0.1757303139044549 0.30555627816556113 0.2238779536869479 2.3637581512548747 0.5725419150675386 0.7869847673963518
Ar Re 0.5929853897316714 0.8045429628188745 0.17715724385787723 0.29913332233356477 0.2035454880865106 2.5811874429320074
S Ce 0.2527728172468431 2.2261882885894324 0.1980093554357812 0.3037445713557878 0.522695944872663 0.7546724671831061
Ru Pt 0.22123781585735136 2.350719020077345 0.17303270369110968 0.2989732986612469 0.5791031695140614 0.7838969194183717
Na Sb 0.48273429817090996 0.7425826099781664 0.2224207820427667 0.32926649501867733 0.267441828941817 2.1439012706648435
Zn W 0.1792338725419302 0.30821172214760956 0.23482900587622632 2.3047092636254445 0.558581640912441 0.761897081688481
Y Sn 0.2002191052151632 0.31079122957363153 0.22367272996779416 2.2502418846717416 0.5496439595411889 0.7886164900444574
Y Ru 0.2061935093919337 0.309693816285827 0.5778436094077644 0.8150545288512944 0.19245439109548423 2.446560990988884
Rb Tm 0.2500210045584127 2.1884973707836903 0.14751827589217478 0.29158152495416084 0.5727064619109016 0.7241093803968632
N O 0.684535082848289 0.5876922483732243 0.23801432798144934 2.330536833805918 0.0786772353750086 0.22452044427811552
Zn Nd 0.524273302487508 0.7174610690746867 0.2676389425711992 2.072123491818209 0.17767919168103305 0.3055700248934204
Sm Er 0.15046120472997346 0.29339846490844296 0.28429439961750586 1.9882437622125484 0.5293825442808529 0.709876823144562
Zn Cd 0.25249317173955454 2.0834328450333057 0.516842417888538 0.7431485770224743 0.20184071621461855 0.3160119571498834
Rb Nb 0.5921354728046194 0.8003915707991999 0.1954861360167879 0.30527300913342564 0.19038888893714562 2.4941135564593044
V Se 0.21780800799047026 0.31587736180700504 0.19615940672444152 2.401084255901524 0.5647780368654757 0.7999591218301024
Tb Re 0.2720756686600557 2.0869970944029905 0.5477461407550043 0.7247013828957055 0.14755672309880843 0.2939827513463058
Y Pt 0.17662396297545602 0.3035655166474293 0.5822655818039053 0.7869431285941213 0.2165389062135589 2.4112201635193595
Rb Cs 0.2559453979273168 2.1287790216625253 0.5435219599194768 0.7364025113672611 0.17229537332818717 0.2945467428868142
Cr Cu 0.5345107082440502 0.7152782409464624 0.24329295396994222 2.1214957905976557 0.19933098203223812 0.31115152590242534
Li Sm 0.5435269794649781 0.7138073192980349 0.15270223713587597 0.28991804684024214 0.2780286505227507 2.5281205760129173
Mg Si 0.1820899016045349 2.3725053424988842 0.1617721148037269 0.2942501940914934 0.6398485028138051 0.7195350771070576
Cu Pb 0.2127107879445084 0.32470128533809184 0.5506262099858292 0.8314445713175282 0.21106962410691443 2.4853247929734903
Hf U 0.13420220389044893 0.28479231737382593 0.5467034509234504 0.7204434730103957 0.280270516955235 2.027626784642148
Li Os 0.24397062500386332 0.3455070551202965 0.572242127477998 0.9783171367848965 0.17028379200926538 3.7040551701449247
Xe Cs 0.5187425140130154 0.7794708433000178 0.24969154189712853 2.075279526387101 0.1986771907315929 0.30736156607625686
Mg Ni 0.20003548970993898 2.4828842130259963 0.5547663574886089 0.7550768235744775 0.22955888439114974 0.33720433090111657
Be La 0.17411340163786623 0.2995530333108726 0.4624560279426694 0.6604354154972625 0.3286079111219252 2.0721128109055584
P Sc 0.3418244979517754 0.35615197053695835 0.10891279817263001 3.2435645399170325 0.5373831904949831 0.9998158859688849
I W 0.5463489331795617 0.740718379628839 0.16013265341553495 0.2952449824592875 0.26001320898429997 2.105217464006264
I Nd 0.24728147236613224 2.1343309932748245 0.19694808707727468 0.3084977504797478 0.5245453583405765 0.7785029140984432
P Br 0.17651726285303063 0.29580282443479294 0.18275113966585554 2.751263162718177 0.6293684135297044 0.7799898714188784
Xe Tm 0.15596646543638332 0.29444165447864123 0.268226594703321 2.0961831208739645 0.5441520886003702 0.7294481602306833
Cu Nb 0.5573057100173768 0.758325529732406 0.19443211419507628 0.30860634706953166 0.2230116916149109 2.242700438638337
Xe Pb 0.5534042042042129 0.7715928660377098 0.16811410876469468 0.29922223173753415 0.24635994363088115 2.1913684817223307
Ca Tb 0.25382614315983104 2.21637178323223 0.1740790087056308 0.2945568607550769 0.5439243248596441 0.7368922286562916
Ca Lu 0.22692069177213253 2.384109543473214 0.5800785079643649 0.7647265377580691 0.16541344640748426 0.2923153260287366
Co Pt 0.19989801421723113 0.3126530254933289 0.22071640877305174 2.397685231423008 0.5543289231653217 0.8016193737449008
Cu Cs 0.5041615778377285 0.7015008741122414 0.17882921300385565 0.30573082044481653 0.2849545168000472 1.9660770807788446
Co Sn 0.21930480427277238 0.32223480041664365 0.4973014954962632 0.7605830819541016 0.2533109002394268 2.0585621048666316
Ca Pr 0.2592911714756 2.1470220728850444 0.20319340238351238 0.3040320854572698 0.5097015947106552 0.7516842016512706
Hf Au 0.1399795814419994 0.2914143030744763 0.5581047832298165 0.726609901214556 0.2664418381870812 2.086500184489431
Se Sr 0.5979849219074082 0.7489791709654889 0.213372814492286 2.336143860137134 0.16581103971493583 0.29583709688693294
Be Hg 0.5927616718655871 0.9462792796884376 0.17462559215456552 3.59776828168918 0.21937338314994398 0.3228039469468582
Co Ru 0.24094478094113955 0.3261883709225649 0.202748243610993 2.34194324315081 0.5315568933386441 0.8232265690295218
Cu Tm 0.23595993642232244 2.276058083799016 0.19374801760299895 0.318156687154569 0.5426096783711665 0.7678968941341544
Be Tl 0.5897496433873854 0.9515729580686021 0.22213424120031117 0.3227187651624362 0.1726613090649531 3.5506650850883896
Se Y 0.5937553960704998 0.7398631909733006 0.2196553871210863 2.2438160490449337 0.16038737323075464 0.29190476047636144
Cu Er 0.1866737829803408 0.31371337492947826 0.5382325028609067 0.7512850428690219 0.2459718500794441 2.2051738863176698
Co Rh 0.5214055054329074 0.8042213601072437 0.21638232251117942 2.2397181664931436 0.23529630387876654 0.32400033586125276
Co Sb 0.2145738218467598 0.32048865022901096 0.4912995558238759 0.7489840174889217 0.26205260927568397 2.003787455563376
Hf Pt 0.12876668115196382 0.2833563295674626 0.556212213214596 0.705750124572137 0.2774004131733619 2.0079595622116315
Ca Ce 0.5063880562635034 0.7686039782491815 0.2513482639487005 2.1646448796517976 0.2141869271358861 0.3079895302493141
Ca Yb 0.5805196302079979 0.7640735046966332 0.16618591608966019 0.293762230813388 0.22757184791144472 2.412584392580683
Cu Xe 0.5011391924666383 0.6953638930769479 0.17551124670348692 0.3039906646348972 0.29069633880088663 1.9303516566923091
Co Au 0.5512510967248668 0.8055968230252376 0.22075335442700153 2.3860160397142582 0.20057615163581463 0.31340462086151705
Xe Bi 0.16900802040752785 0.2988882179327805 0.24326908199994934 2.179470423989545 0.5534342342809778 0.7748835266975648
Cu Zr 0.22061808117679285 2.23218755781131 0.20133358136719773 0.3141050084763651 0.5519960411225578 0.7648819110091795
Ca Gd 0.25368211185804895 2.1932035666931347 0.5330298904636147 0.7433892130556705 0.18402866545227728 0.29737536127961256
P Se 0.1517832324992793 0.28192358470110795 0.19794798724808757 2.492691350768419 0.6319344840291705 0.7413147242028731
Be Mo 0.5462158007142236 1.1505728935690072 0.17035927775911727 7.456112387601564 0.36146403933389276 0.37467825456961895
Xe Er 0.1552677402846134 0.293199904264391 0.27502392112782426 2.043715732219766 0.5363327707902155 0.7222749869909851
Mg Cu 0.19284380387788636 2.5771603143141197 0.23539933033844374 0.3422451290241623 0.5577408206274688 0.7670671417164079
Co U 0.2279866086717616 0.324925558290888 0.5362654541903756 0.8648166019403852 0.2050933949717221 2.457089046190645
P Ca 0.3358564973783657 0.3524469194299866 0.09973123686920835 3.395669771488535 0.5525874026492389 1.0018178343772957
I Re 0.2510144972424838 2.155091037992535 0.5524661427814205 0.7551645939473461 0.16372337284986258 0.2986314530786027
Be Ba 0.16286713172666653 0.29374256111756614 0.4732150861091264 0.6542812231259698 0.32965354570431443 2.061490828098575
Xe Xe 0.5289229789689556 0.8005953293556676 0.20657184932596637 0.3118005038038151 0.2344927719912203 2.177690139424556
Li Ir 0.25447392692835663 0.3502086473491985 0.5682519831995193 1.001814416648959 0.1629819712079172 3.7640774180894514
Cu Bi 0.21848584107738153 2.402672302462181 0.20845138729379661 0.32265769115148135 0.544893205799533 0.8205220080638369
Mg P 0.19204181064331732 2.2674759313340425 0.16494301879285417 0.2907611621706823 0.6248060168635461 0.7211600128810643
Li Eu 0.5511679827492624 0.7262186143880414 0.2697243809590863 2.597717002404981 0.1545021044940836 0.2905058228111678
Rb Xe 0.5413993432967757 0.738839716084431 0.1745724390364256 0.29700112925511196 0.2546516456477462 2.112806816569534
Y Au 0.21716255953147223 2.408883626246737 0.17589523390083772 0.30378643619478823 0.5806310905600961 0.7882816383459966
Tb W 0.5470516838745052 0.7107435961452578 0.2772858199771735 2.045108920109356 0.14094466777753667 0.2883305416755465
Cr Ni 0.19893792736385357 0.3104812385042746 0.5218167191711545 0.701701594065304 0.2553530669725149 2.0477037655203327
Zn In 0.242369231713653 2.138220862687714 0.5152350153989949 0.7635116405355797 0.21446060325593 0.3227131840095767
Sm Tm 0.15118482382252446 0.2947183390983015 0.5338364882360513 0.7149853755997546 0.2793403040058623 2.0108337964722613
V Br 0.18197077227828723 2.533930940754214 0.5659985783030227 0.8300844757756389 0.2325679217520882 0.32162191847653004
Rb Zr 0.5936139329141297 0.7840122900303582 0.1987720423845463 2.4384269716575 0.18547756472177349 0.3007479578137366
N F 0.6622806980302738 0.6434779173465535 0.12525791973120903 0.26512572137591245 0.21059217369920222 2.449636804266508
Rb Er 0.5662330831105745 0.7254859062484433 0.25139619168633776 2.167507142157229 0.15190458779532381 0.2931849503758279
Y Rh 0.1864187634606846 2.520085694368784 0.5764029312482984 0.8302370218101218 0.21503418043587522 0.31395149446099385
Zn Re 0.5562151722647761 0.7751605269269518 0.2311313790206736 2.3162363107333306 0.18465730879300948 0.31208473043867596
Y Sb 0.19365963787354287 0.30663702449995583 0.23088893849487657 2.222742748880267 0.5485624483417724 0.7770361284514523
Ru U 0.5617154838653162 0.8139650145725114 0.1865171098680999 0.30390264295761854 0.22031238935484196 2.3269598190530347
Ru Au 0.582050707157135 0.7899115234038299 0.21797133600897797 2.399560562273644 0.17331229354931152 0.29949031586562247
S Pr 0.19049372400365974 0.3010373344398275 0.2558519082032883 2.208670960488931 0.5261841488886506 0.7450221616265068
Ar W 0.5791871662598114 0.7837354483572568 0.21634548458018316 2.417408114714477 0.1747121455644152 0.2967690316281867
Na Sn 0.47510018297816137 0.764885932351204 0.2397223504840681 0.33718033610846143 0.2589002904417665 2.1778895238879463
Na Ru 0.1861691658734216 2.628305094494838 0.2712644553788762 0.3410130718416312 0.5253446043716563 0.8731402557265697
Rb Bi 0.1666294731543663 0.2997168215217731 0.5638745845018264 0.7674542154423754 0.23714252663524316 2.22968257196226
Ar Nd 0.19814581856949998 0.3061382261170215 0.2526591558841078 2.21581348679601 0.5221115192162039 0.7556531556049836
F S 0.4973399350243351 0.7671420559371387 0.2206392116289291 2.058732168970357 0.2608888931004895 0.3411038546040107
N Al 0.08241923792918003 4.125246333944619 0.5244042503509002 1.046464593801057 0.389273793277656 0.38026303216387186
S Tb 0.2572674229149352 2.209074307185645 0.5632034716877722 0.7138769568943903 0.1491254312361719 0.2828072790519812
Ar Cd 0.542314321685912 0.9092842079335642 0.16215165765312914 2.6915576769780003 0.2751798505770009 0.3386372293869107
Ru Rh 0.5706768576172159 0.8654286741098998 0.23343006692433432 0.32159802997243436 0.1736523818119455 2.6006444771827146
Sm Pb 0.2611963738005964 2.125863642163217 0.1615890498438571 0.29879896862855265 0.5438164708484247 0.7517456969609491
Na Pt 0.20073603711972302 2.4807916304819675 0.5312048953664145 0.8633818885761386 0.2372299465302716 0.33438155282359516
Ru Sb 0.5551960109636895 0.8198177588368166 0.20722231764739116 2.339059569457213 0.21119594572290118 0.31310126097007573
Y U 0.17125747916491127 0.2963791330677507 0.5588997909886837 0.7806316611587804 0.23855599014527928 2.2643687019257377
S Lu 0.2335245037938612 2.3603185694380397 0.1395372495754176 0.27860231729044554 0.5974000956037262 0.7371317294293436
Nd Pt 0.2602739618552326 2.1339244898773306 0.5466037644855357 0.7460467479690579 0.16229039389549826 0.2967289815452388
Ge Ce 0.2734035666629258 2.026910040211687 0.5323228896684997 0.7048322547651099 0.16274760618005107 0.2946194232186534
Br Sb 0.23993760741994632 2.1881172805873175 0.5430015425216108 0.7633394854312558 0.1901815133697675 0.31081433130404107
Sc Cr 0.453661747698623 0.788230152298685 0.28577954697724656 0.33880771039521623 0.23655646885276221 2.041989122919033
Ho Lu 0.5464942426911678 0.7309945442731912 0.2672101087677427 2.1179280002079484 0.15453961961688953 0.3016651258402455
Cd U 0.5638138608826444 0.8328936334872097 0.21181932025540684 2.4143697303757796 0.1958214630012715 0.309388277274235
Sc Zn 0.17626249290513732 0.29932080847514964 0.5503029073879075 0.6995333438851946 0.24899859630028015 2.0803631097320934
Br Rh 0.5696099348975991 0.786323011847612 0.21098157157340947 2.314578602019514 0.194027948317778 0.3079260946108545
Al Pb 0.22086573212516952 2.381759611237916 0.21023140729048154 0.32242820417189305 0.5364246362155851 0.8285844690159441
Fe Y 0.5508659699196343 0.8391830723971667 0.18452098334172312 2.548311422097452 0.24549964068223773 0.32804126449132504
Ge Gd 0.26263144723248943 2.0897469554048693 0.5397147341189035 0.7172807560857241 0.16609306464483964 0.30039324284250096
Pd Bi 0.5806094297144889 0.8099833957722028 0.21126832407199767 2.4249457037820217 0.1801403705687943 0.30348963666861695
Br Au 0.567364893479802 0.7537864320129669 0.24061674852899026 2.234360206690267 0.161968323576403 0.2999228061871236
Tm W 0.1410942812395296 0.2922187978150984 0.552743982011381 0.7164982388045121 0.271516099576073 2.0719416182560524
Ni Ni 0.2498384219440703 2.0769642994866806 0.5306968300861085 0.7034707536145125 0.1952099723962272 0.31493333393244827
Ge Yb 0.5495997411876383 0.7469694247299388 0.24458604338711487 2.217478825590634 0.17693920257600348 0.3137223583635148
He V 0.0076699319561491595 9.212332663678375e-15 0.6410873471495758 0.5115522329635595 0.3324505909474398 2.0713239930306213
Al Cs 0.17114008362279845 0.29448325749123033 0.2811917027353892 2.0956332613119586 0.5188475159831945 0.6980293677934295
Nb Re 0.5835599979904644 0.7608710978442542 0.15783196802534627 0.2929606124518829 0.23012583528142488 2.3041587872775446
Cd Sb 0.22321789580432583 0.32076815109188406 0.543560291971561 0.8325822739066474 0.20628624335778498 2.328928908601451
Br U 0.5344353368874976 0.8833630051451442 0.15068943828781722 5.272175858680022 0.37446194160246743 0.2849785884671857
Si Cd 0.1889690138251922 2.55534847701961 0.5253918374457918 0.872118322323376 0.26639209198815317 0.3406676260910974
Pd Er 0.5557066701664067 0.753563737739451 0.16857165398397814 0.29881057880797496 0.2452144707188737 2.191545590444792
He Rb 0.5587048198998615 1.1127903439092486 0.15930097531410242 6.813781705045629 0.3381092054619238 0.37761809674718755
Al Nb 0.5677918914973279 0.8825919840502928 0.15821404373625053 2.858635851608639 0.2592921286543768 0.3328888235802004
Nb In 0.5561312803911734 0.8174460697739477 0.21404494890648368 0.3142195962442859 0.20379866775327146 2.3447500741080414
Al Tm 0.17078917899280524 0.3046700633304997 0.2306948783733523 2.3802424923047987 0.568658710957455 0.7545616273362091
B S 0.5099246445816953 1.2411502856738033 3577970.3584506623 74.53501877011267 0.4475174282992666 0.3990815381869769
Si Nd 0.2618011594801963 2.179931580158556 0.5361518757029754 0.7206989120310259 0.17186884341086628 0.2954405464680299
Cd Au 0.18144704579859217 0.3055388471468142 0.22539253415886623 2.302174598413811 0.5634699857593813 0.7911560177047915
Pd Xe 0.5428562896424193 0.8400023012043958 0.20482456760598455 2.3655909606233507 0.22604538844894068 0.32045324171901063
Si W 0.5760827118021609 0.762757588664786 0.2267475881787286 2.3740020281837126 0.16644371253974188 0.2986466115433787
Ga Br 0.2291726163584231 2.187537835385763 0.17451802445925915 0.3075955042092256 0.5710482074552454 0.7299483010867989
Ce Bi 0.2553606524078847 2.1142092950813707 0.5452789195319109 0.7578498527395888 0.1628969667688088 0.29559071497958916
Mn Zr 0.17333421601361443 2.61746151305325 0.25560306647292574 0.32970287153734207 0.5510250196139238 0.864644739392914
Ti In 0.514655669458705 0.8219253653271055 0.2445483335195682 0.3237370267903757 0.2126657692963398 2.222725686314887
Mn Xe 0.4843679139677869 0.7594374099335492 0.22149448651883988 0.3188117003854797 0.263156425994053 2.0211281685496645
Ba U 0.18999116023773255 2.342954064020962 0.5772205962656622 0.6957754184018627 0.2083416079279721 0.2447488456587607
Ti Re 0.5801700853848915 0.8206607607737697 0.19366766198329854 0.3063589306044149 0.2027964503268809 2.6025933684705143
Sr Y 0.5978961231983704 0.7849956670910392 0.18407297419300597 0.29833211945767985 0.19542367528774574 2.438300799734377
O Tl 0.5573233613065346 0.946668980701527 0.17492245182439373 3.066519956999027 0.2474393979110839 0.3331073967097493
Mn Er 0.24470677005627928 2.217987350182753 0.18255646043439946 0.3046462482805342 0.5433864587767618 0.7541200161472101
Mn Bi 0.19698030642177117 2.5894888394762696 0.2145272833752293 0.3180799328654721 0.5624946183639348 0.8539525942333732
Ne Sr 0.5366688476649938 0.9688833602903445 0.14096631813698768 3.464738948252326 0.320839557635504 0.3709718056885733
Cl Ga 0.21454637291183656 2.3315581309790883 0.5917861056498374 0.7373744296551874 0.17468716768844142 0.29553325241774847
Sb Gd 0.5254931755070262 0.7539599118094078 0.18252954163654472 0.3051440290189977 0.25994297675898054 2.093919999747281
C Ag 0.530371920421816 1.1622212452706009 0.128103252967762 6.000038519027143 0.37253260329424626 0.37461034209701266
Sb Yb 0.5414159247293228 0.7419283565475471 0.16510161405573381 0.30246551403592364 0.2604834095414201 2.102330844360412
Cl Mn 0.18422298534824863 2.372812161743698 0.4902695643473245 0.8694164144023363 0.3061070282452616 0.3507952262310939
C I 0.2772078183169507 2.038263454431406 0.2320957349235854 0.3200157352707945 0.45353083726277 0.7632814791124256
Ba Au 0.25311274620592067 2.1275024625179753 0.5447637674790184 0.7581111265883789 0.1675827923747464 0.2986915317365213
H Hf 0.14544345387605673 4.992691680673038 0.6223435768775798 1.1070352515481454 0.23134352476583445 0.32862438237896063
O Ba 0.2952839286776999 1.9847100314740738 0.2191727525682805 0.3192055893130734 0.44858477273773195 0.7203993081490537
K Ca 0.11760478980649182 2.7727408027767155 0.346343096692898 0.3531830221431209 0.5170168107298495 0.9848927799287036
Sb Ce 0.2497182456221152 2.11252692706894 0.5230893222868471 0.774414909855363 0.19600576435796743 0.3081014184432773
O Mo 0.5449833296998793 1.0550097953397357 0.3356830670558253 0.35900371022463395 0.1297761194655647 4.330930639850491
Yb Pb 0.5483678311884123 0.7394436492794233 0.15139280022040433 0.30029727377161736 0.2644208433456255 2.094810921729228
K Se 0.21870800213329405 0.31467122955010524 0.5959126782977001 0.8283567020263477 0.1697343822775563 2.731767701270622
Cl K 0.3550368931342485 0.3615386702666011 0.08892927015657252 3.8583437428478202 0.5482030270265934 1.0376759731239849
Ne Ne 0.42971800399991805 1.0454497620140448 0.4678933250441493 0.42560003491177534 0.10499104316430363 3.8215519417989725
H Dy 0.19276177812404577 3.669467809047515 0.569684715630716 0.9668018297798312 0.2230160062711462 0.32502262698041356
Ce Er 0.5305202035168165 0.7070400887928555 0.28547891328202235 1.9785698569204948 0.14781023487156764 0.28869693004335434
Rh Sm 0.5328502239698374 0.755179656569468 0.2528692772482547 2.129434757962104 0.18365542555385564 0.3027373145676515
Cl Mo 0.27493579838466076 0.33587912727221975 0.13095974769273094 3.2867211969093635 0.582029034121896 0.9381916925735211
C Se 0.15472087352639521 3.660699387957495 0.23057424636156118 0.3140336122203676 0.6202645428630779 0.8949270513758891
O K 0.014722628805160159 0.10513404207509697 0.5805469954359316 0.48078207439822607 0.3770313737879174 1.6139848578096216
H Cu 0.20272917234467794 0.3101833489343273 0.6253450960847587 0.8439110573195109 0.18643522635835347 4.239058373955628
Cl Ba 0.24281111497675587 2.249023420525555 0.218318694681817 0.31185039906933815 0.513564853405412 0.7833147868569288
C Ca 0.5364790955724718 0.4347027756434094 0.0027246641906876505 1.5394723945661676e-15 0.4294772965772311 1.4734931923095265
Rh Os 0.16325077372044416 0.2953656517692519 0.5756311370178447 0.7692343238912416 0.23103602595468017 2.2770186960395598
O Mn 0.1103596078312408 0.2616350696215693 0.5709472202090897 0.5883499689376114 0.297033610253306 1.9276668274859852
K I 0.2469309259121548 2.1101974107934063 0.5054492724323153 0.7759406248074686 0.21824189334057606 0.311380144532116
Mo La 0.22605720402796653 2.2842750340485405 0.2049002347034847 0.3073359745388959 0.5425184166396474 0.7979462679904301
Ne Ir 0.2505686733710849 0.3402704659021787 0.5512332260236928 0.9229466667604299 0.1755079336706753 2.91806697914267
Ne Eu 0.2551455214978107 2.17797700045092 0.4962583119256691 0.7535400491693722 0.21361490673987021 0.3282228626351541
H P 0.45772023391584815 0.4164450000047333 0.5088922664639957 1.4456005772088525 1.3643908945056666e-13 1.636784209428997
O Ga 0.17790583670732565 2.7898815612390364 0.243133674834638 0.3311090283899794 0.5697131360457938 0.8183931428460495
K Ag 0.29049894203042753 0.34371877670762585 0.5409768631042184 0.9348379875838465 0.15028204000699286 2.844175973593234
Cl Tl 0.20941102471925818 2.502992917604385 0.18102130776163594 0.3016861599357257 0.5806621889870125 0.8101615140125522
Sr Sm 0.5485350697748861 0.727954010586707 0.16351668347883086 0.2931818875377709 0.2581791064132677 2.124829656632364
Mn As 0.5526210807138401 0.7666419943628185 0.2152681176305945 2.249681910373581 0.20811286774247442 0.3169205167519497
Eu Dy 0.5256432066222239 0.7147972593966975 0.15629323784758622 0.29593338465870556 0.28211031709643425 1.9919492476156282
Ga Pd 0.23784490507296968 2.1501677651837356 0.1965896329282179 0.3111540666255283 0.5378843956601155 0.7546900897044837
Ga Te 0.5135319814125958 0.7040035792278324 0.17442996064042227 0.3044622828167691 0.27981641812389446 1.9650069948384614
Eu Hf 0.5381748411340271 0.7180893303642728 0.2757596257619826 2.01234636151956 0.14862564733128122 0.29464597829625433
Mn Co 0.5063434782051094 0.7058381659034587 0.21191916719573087 0.31746734363319706 0.25682970725586096 2.02498212695565
Sr Os 0.15903301326441124 0.2974555713056241 0.5747932507304739 0.7547909798199364 0.23585702927103822 2.2509096513186924
Kr Ta 0.5808014876502979 0.7347706927737946 0.24345326222873398 2.23418967810138 0.14646680430722184 0.29186026998407744
Mo Hg 0.1633625743405205 0.29609144429457673 0.22654018390835073 2.306675903976795 0.5800844068445835 0.7746741085451622
Kr Ho 0.564417601907732 0.7289288448332674 0.25246595163134355 2.1926918327549525 0.15454858570212066 0.2960083840839168
B Pr 0.47990013013654437 0.677359817533905 0.3140950206901666 2.0438589916711543 0.16913945740943412 0.2932519989316994
He Sn 0.034253648024213545 0.1732490142763245 0.5414444846371117 0.5330942864874146 0.39052963615830505 1.9798060991988484
Al Fe 0.5401391875475806 0.7660817266335413 0.24011196794584522 0.3328486491021012 0.20327141002930707 2.414301143141932
Cs Ta 0.5468350903093268 0.7317111365592407 0.1527110189196661 0.2919447007226612 0.266493619572718 2.0796979720835416
He Ru 0.40294761471357 0.3940765889422924 0.5264164966793482 1.3602966787022166 0.3369388911380721 12.363058317574636
Cs Ho 0.5307911780562915 0.7175085061635157 0.15495425321354986 0.29219568444380517 0.280151780567401 2.0197764234136115
Al Ge 0.17604449512606746 0.30394393636094885 0.1943203994824186 2.670635031389956 0.6192925845286013 0.7442818943149587
Sc Hg 0.5788609997419679 0.84557935252773 0.19277174234075806 2.666081771834458 0.2034804986574553 0.31233549943140854
B Tb 0.2745695472220372 2.28031348948441 0.5590530304470314 0.7054383938216197 0.1328576203853394 0.2665406381128394
W Tl 0.2566779387992087 2.1467424407898266 0.5599208544071378 0.7451811790625519 0.14929693841646355 0.2957433177449446
He Pt 0.28842844460437095 0.3566069428724342 0.13749249925293758 4.761159239947315 0.573548806120899 1.1324714960727895
B Lu 0.6149964837808432 0.761425890493433 0.23209757559111682 2.633234955541873 0.12528998671490074 0.25682087655900454
Te Te 0.23286715154552692 2.1776128948719933 0.532999353685035 0.7963171657166103 0.2045668513228211 0.3124158082877569
Sc La 0.25486313876860767 2.0773452864454134 0.4873123425550573 0.7770399077805255 0.22653728103518955 0.3115727006566943
Ta Ir 0.2716001884361658 2.0444524447905756 0.13187681398780637 0.28626022241654125 0.5585963508427715 0.7151114478567021
Ni Ta 0.5542635414267413 0.7818465267768049 0.19007569156316476 0.31252206937406923 0.22748724235025894 2.3246643259279103
Ni Ho 0.2488396603733397 2.1814111305881823 0.532938599505764 0.7493973524438481 0.18788629855813102 0.3124308144339157
Br Kr 0.6028243389662775 0.72682419686558 0.14806176963382386 0.2876625132257666 0.22540088384759996 2.2554396426082257
Fe Sm 0.2752356329391792 2.028147329172002 0.5086585708785406 0.7177352288074934 0.18436807783950715 0.30443028546503276
Fe Os 0.5594017134378076 0.8057119855577375 0.19563398754711392 0.31045865528008004 0.2167290947908588 2.399997771023829
La Os 0.15787870303089338 0.2937466187454738 0.5479531622473812 0.745291494184793 0.2601691768970841 2.110797763173674
Na V 0.25195435378380027 2.0917313013760843 0.16040498023859653 0.2896793889497719 0.5670202634429863 0.6608430096042085
F Lu 0.5368506182984222 0.8620014295472492 0.23316150923121554 0.33367762339037155 0.19767343325561074 2.5316317150637015
F Tb 0.21477896207027264 0.32328946144128823 0.5096430766105061 0.7792513163357431 0.2425868995999278 2.2723950775165624
N Cd 0.5164617696313467 1.0597268740463033 0.12789868794547948 3.761569540286031 0.34752533746868053 0.3655916644660921
Na Rb 0.1510598881196169 3.088050824099733 0.28176891104000895 0.35108214297726936 0.5580182228281457 0.9005650329423094
La Sm 0.1680190569544705 0.2933109313611631 0.5136645091664809 0.7238676792708268 0.2832074767441985 1.9728447878914914
Pt Tl 0.5639646476073356 0.7527541623981705 0.1510978325544798 0.2957100658091609 0.2499970348398245 2.149917731393976
Pr Ho 0.15502489912124892 0.2930528023841126 0.5314512783677742 0.7180000375425886 0.2794072575581254 2.0248319948495466
N Nd 0.18534761598782404 0.29961271518417865 0.4791821669548511 0.7010081613264375 0.2975581831604878 2.0170115980934176
S S 0.5890831207141494 0.9536621442775362 0.3027294851538244 0.3434609237307554 0.09986316351251028 3.617234236823766
F Pr 0.18293495902750878 0.3062128665159354 0.29223448945278535 2.0148420601472212 0.4880132864290604 0.6930382449866068
N W 0.20099205414666688 2.685775902704079 0.5639083969417551 0.8542972265051038 0.20708273975993036 0.3102090927495343
Sn La 0.20072083561446913 0.3094228071166561 0.5224574602459169 0.7819871885934586 0.24580517010785843 2.1225736230716015
Pr Ta 0.2652796034877581 2.0922538070299703 0.5471779464419892 0.7331612203801513 0.1537782596445181 0.29319083374885124
V Te 0.49580500602362193 0.7841428280972015 0.24446020694196224 2.0839026787845407 0.22949110927622424 0.3191645695525579
Lu Hf 0.1415369686605982 0.29648424735941314 0.274473004866752 2.0382412676295845 0.5473103163032904 0.7150283317794045
V Pd 0.2750038995071015 0.33655274760120746 0.18184659361446487 2.388119066077821 0.5167365366207571 0.8807192347618676
Cr Ho 0.2549460193797668 2.1775507395754254 0.5429000025219036 0.7364168418848878 0.17214139207211324 0.2969078121197988
Sn Hg 0.5620727837335645 0.801334841541945 0.1840807366407224 0.3103705805746202 0.22369393508239943 2.318003206229468
Cr Ta 0.5673948834624168 0.7791885409357846 0.22583021317314378 2.3626788002922736 0.17880981391482526 0.29962554467693575
As Hg 0.23139957638901895 2.312749198962808 0.5571795466977588 0.782819541402973 0.18281720208643912 0.3147815290332438
Li Sr 0.2970295614027052 0.3521278615086571 0.5896995243403951 1.0210058327607037 0.16321355525656758 6.109231367227247
Ag Ho 0.24940877140442475 2.185689384963285 0.5461346179342426 0.7557538618509978 0.17491293838159236 0.3027733546290833
P Ag 0.26967945159465434 0.3402760466380452 0.17860110082713426 2.5100944220490597 0.5287768875032978 0.8839887632453691
Be Ga 0.14174555166178843 0.2699752520188329 0.6595116191358067 0.7473321241196841 0.19558004674596846 3.041750956079642
P I 0.5172581786580555 0.7348097981302766 0.18946952718009405 0.3017712708703423 0.2648073438723419 2.1083860830467627
Be Mn 0.3526608575601228 1.8169930928659657 0.606989252866032 0.5082053074679991 0.017040481428882585 0.11507454592879617
Ag Ta 0.16634296599939868 0.2985734506254088 0.5658676550483851 0.7634883484108166 0.23817664534615174 2.243484178122082
Zr Te 0.19199563438439293 0.3041626516788709 0.5472450377467948 0.7761363248630667 0.23306239776955887 2.208736259233101
Mg Hf 0.21963967081651767 0.33390129173946126 0.20688142663434245 2.4941740410207744 0.543293138793599 0.8272650443181659
In Os 0.5641334296185465 0.7835141450299009 0.1761113340640976 0.3045814795533891 0.22955487727551452 2.2815030802192897
In Sm 0.1907417971540642 0.3079989862820918 0.25367484150064207 2.1144354613866283 0.5242738531532561 0.762213075827173
Dy Tl 0.545325262248342 0.7483235031388902 0.26071204789105695 2.1227546118128284 0.15967188973643132 0.3015773655656773
Be K 0.4461227227607928 0.41897128778979914 0.052067265144362496 0.4189565501166757 0.46784812404203907 1.3766635585062992
Mg Dy 0.5312734303964579 0.7525966943487462 0.2414344219983349 2.2476050529247416 0.19302746021888367 0.3179033038088931
Li Ne 0.5513662757331534 0.9166784407455076 0.36251809844282434 0.42100068270040314 0.14731365656807033 7.231560390055139
Zr Pd 0.21922813499423865 0.3168340679677821 0.5692451266208954 0.8348828650385846 0.1882873636212724 2.4817394004670605
Co Kr 0.22023398332355726 0.3228886215304719 0.5511557655009234 0.7927787317155709 0.20566780202781632 2.328277133434569
As La 0.2719892280518149 2.042132320061371 0.15509380975058557 0.28898550790111927 0.5421448558303478 0.7063761392264437
Se Os 0.15038305006684013 0.2958800320270179 0.5709858053111456 0.7358136389480827 0.2493270678099208 2.2130926581923935
Se Sm 0.15965757656690255 0.2962707168402234 0.5473749821255277 0.717636570883329 0.26257083485695154 2.1020660802015385
Cu As 0.203061800963766 0.32310928792754573 0.21668026302362992 2.297404168631866 0.5584455487626084 0.756040374665345
Se Eu 0.15974843311628661 0.2971915690781665 0.5478884443420348 0.7183634188410252 0.26180787099517444 2.104287180308987
Cu Ge 0.19264595812921537 0.31826103277620016 0.5557374527690879 0.7283090846045821 0.2285107024652464 2.217168457093561
Se Ir 0.15160967607487913 0.2957264987577217 0.2469715249855524 2.215562527106367 0.5712339229623473 0.7388662503057911
As Ba 0.5404047305206083 0.7102391334003928 0.15889561822432793 0.29255120935402107 0.2698098209583337 2.043718572062323
As Mo 0.584168595076293 0.7471541646145734 0.16681747300864946 0.2941777615203483 0.22298678972260208 2.241632344771084
Co Rb 0.19753654049483696 2.4484252112132268 0.23486297166773729 0.3289837087313716 0.5479318249124941 0.810015204628886
Be Ar 0.24448928991346472 0.4673848107456203 0.2488822876176288 0.384549319530642 0.47126041098787635 1.3531676079915504
Dy Hg 0.1548847587431392 0.2992495880241725 0.26773221357093946 2.078270466649814 0.5418997076591499 0.738132512754373
In Eu 0.25798052413338485 2.089715170713584 0.18660504227563204 0.3066984119944974 0.5231910723647208 0.754921942417756
Zr Ag 0.19101023723386037 2.4895560774071095 0.22086919851945516 0.3179859541455346 0.5658546528755084 0.8350771931304435
Li Na 0.36901057032134954 0.4097713708587106 0.5557971764443641 0.9480722592202254 0.1700091044096179 9.074628155864032
Mg Ho 0.22573889197610517 2.365836239009345 0.20877309952397768 0.32683756601274555 0.5329086435956014 0.7838937524222107
Mg Ta 0.21807372559353025 0.33126206670627945 0.5469943961955819 0.8293580100147042 0.2044864305538466 2.509385597633852
Zr I 0.2456563870040931 2.1227659858585373 0.5398382820152721 0.7581203224668625 0.18435730735322117 0.299904816775237
In Ir 0.5637210002184508 0.784959792689088 0.22874457407647605 2.278280508137415 0.17692713975720106 0.304661028712183
Ag Hf 0.16568361894963468 0.2989848370606402 0.23753781832548373 2.251099122172522 0.5672796504766702 0.762966138782903
Be Cr 0.38259891583038924 1.7117292068004035 0.5853383697218971 0.47702174206222264 0.007252075073168456 0.061673331174453505
P Te 0.5139064389249858 0.7297224534994277 0.18776476560331518 0.3019775948632567 0.26952477777941336 2.071925730907598
Li Y 0.16968678795878436 6.737547171662768 0.3191681170546032 0.36055735689987145 0.5763719957538497 1.0694683236368245
As Tl 0.5548607227079957 0.7818205270711001 0.23244378952247813 2.2902750850027993 0.1828291771913706 0.3143036168945834
Be Zn 0.11943571881081386 0.2557959037230477 0.6605915779144116 0.7083919240892712 0.21288921418056608 2.78368566508884
P Pd 0.549031435053922 0.9217877257326555 0.27945605475751306 0.3433875548296458 0.15553732451557328 2.8674756455600257
Ag Dy 0.5426824700618199 0.7629624623936412 0.24535640269873288 2.1845686560037123 0.18172518039859714 0.3054351411904578
Cr Hf 0.22629912524137594 2.3914783835969526 0.17601929783416195 0.29876126996536356 0.5716947676494758 0.777339910784375
Cr Dy 0.18157471113552026 0.3010265011886786 0.540878485785165 0.7469868613646958 0.2495546717427002 2.2175219951259346
Sn Tl 0.5615879847761384 0.8017080639798361 0.22440740285338506 2.314031218826341 0.18405502365876755 0.30967953629991474
V Ag 0.1770767506750798 2.502338538257495 0.524265895182816 0.8855070278023722 0.27490289944134333 0.33663292384448384
Lu Ta 0.26720417652675804 2.1199232773499213 0.14563577378662212 0.2975548423087231 0.5553103891206758 0.7270591018080436
V I 0.22703332425891729 2.185561224623312 0.2422870785894703 0.3238088744043399 0.502276606365308 0.8135107627441042
Sn Ba 0.24052883786612134 2.129871772589693 0.5239506495338282 0.7889030113392813 0.20410198208106128 0.3119354609332584
N Re 0.5740826838654115 0.8867105544108637 0.21302935488750147 0.31431644506367235 0.18690248336983473 2.8449986898386768
F Ce 0.18873567900878466 0.30843346936876803 0.4886436552995394 0.7010114970772331 0.28862160783124896 2.056079405498948
Pr Hf 0.2776426224966503 2.023654438839824 0.14565050259432413 0.2894863213722608 0.5413158816776391 0.716032286547628
Pr Dy 0.2751236722388914 2.042767660952526 0.5312438125373974 0.7244816385487636 0.16017162526347775 0.29472489661276
S Cl 0.09447497507807304 3.7528294521590992 0.3215330191108395 0.3509798869634118 0.576274822358437 0.985597742082058
N In 0.20302225039996813 2.4672409256875345 0.2862501869188037 0.34278310708572546 0.48500973500340516 0.8804897711288671
F Gd 0.25585265441259203 2.210575669671188 0.2075165992896914 0.31875659634095216 0.50330756928055 0.7570125519183646
Na Kr 0.5619636436089392 0.9317814528774865 0.14493177061106455 3.4735216319212 0.29365529823437914 0.35857044652305947
Pt Hg 0.24971798766105305 2.165268012988886 0.5655044416615984 0.7538790556551057 0.15129235599294943 0.29606063913544783
La Eu 0.16193947390596672 0.29031874344737285 0.5171244832587361 0.7164430429875045 0.2856391968837854 1.9697602416636792
La Ir 0.5466904142198323 0.7468421386755951 0.260260808515839 2.1144696669989815 0.15937783376891615 0.2944740993635412
Na Ti 0.2671033481976981 2.0055041799176565 0.13499229800308216 0.27265283754995157 0.5764086582395764 0.6355760796121577
F Yb 0.23722941855249213 0.3364783282280726 0.5337289601308095 0.8635156160827542 0.1967435491301587 2.5395768301509505
Fe Ir 0.19759220867014496 0.3108194348811417 0.2153057176346127 2.4396624768249247 0.5605831544163146 0.8103851230499124
Fe Eu 0.19024525002870582 0.3080633542600276 0.5140454180081843 0.7315967750695219 0.26554918356820745 2.0927066535816286
Ni Dy 0.2560872322048297 2.1367869933169334 0.5290095521425716 0.7375372924891471 0.18422854144812117 0.3100385166599842
Sc Mo 0.28559508936315087 0.33688476579101656 0.5636351783684258 0.9443838570769159 0.135686597381019 3.0860398275486376
Br Rb 0.15510224429680064 0.2897497079921101 0.5971222933977468 0.7325512295734372 0.2214077119580166 2.2305852707059812
Ta Os 0.559981513241322 0.7196175419358709 0.27058303147830326 2.0821379131816378 0.13472921224662868 0.2887966973465035
Sc Ba 0.21632330553903084 0.308060316720819 0.4872906871261853 0.7585047420734025 0.26479778818674526 2.0295698119817356
Ni Hf 0.19228711830521733 0.3148235128951392 0.22642650304868633 2.3323426114469803 0.5534569644980073 0.7840624034408123
He U 0.24191134472753908 2.7903418937187214 0.5327355375813406 0.7678717443926265 0.20573162068091974 0.2859554331718177
He Au 0.5754342176853384 1.1297829709757539 0.14159084569714148 4.833375041862662 0.28305975341927325 0.35479206677274444
Te I 0.22434759704647506 2.2304908350099066 0.5358625544265072 0.8103513565626153 0.2109288566734731 0.31474456086574215
B Yb 0.24146196088451624 2.5408843335602445 0.11540055741441384 0.2500319295325185 0.6137939968464015 0.74204141906758
B Gd 0.27688058073871963 2.2683383357069635 0.5345219275093084 0.7156476345066756 0.15539937961783928 0.2819957837440273
W Hg 0.5596808652930103 0.7451016541032711 0.14937447084805652 0.29617008778757575 0.2550474458446206 2.1328490984441455
Cs Dy 0.532091592528433 0.7309416260524152 0.2715277005809512 2.060175271088245 0.16378340238732483 0.2958308891220745
Al As 0.6227007446440813 0.7365191347506823 0.19944346297138174 2.539729697039988 0.1626424984414728 0.297322983781064
He Rh 0.12408166201705774 0.27411663823454285 0.4580342504796111 0.5951917399945719 0.3795729830460543 1.8633622399000946
Sc Tl 0.20092655510134128 0.3095324844799329 0.19600194545600233 2.611931565650093 0.5766842210113164 0.8405041553057843
B Ce 0.1830589551638612 0.30073004370369566 0.4638297419545356 0.6838448145343163 0.3165950938582902 2.0313598723360404
Al Co 0.22067171862644647 0.3273189091495691 0.5560066113493771 0.7480847628513896 0.20697956107883125 2.4147070249351983
Cs Hf 0.15161704670493895 0.29208211056606515 0.26563241037933605 2.084719851456683 0.5489693574157818 0.7312568516075468
He Sb 0.03322606887930297 0.1693889856628128 0.5443418152616114 0.5344476414613109 0.38888265735170946 1.9953800976387004
Mo Tl 0.22714617214221441 2.3267444393721286 0.5809961259395344 0.7751778438908874 0.16311003111501468 0.2950623211809053
Kr Dy 0.25502141765084935 2.1412863364635197 0.5593057405461827 0.724726318511623 0.15491778700971912 0.2952035590356112
Kr Hf 0.5803246267152172 0.7274495196480815 0.1425165216394346 0.290568590565918 0.24802094980580555 2.2166434837990745
Eu Ta 0.15261045968883666 0.2958025771353298 0.2679544068464281 2.087336695776843 0.5458044463639986 0.7293339717059474
Mn Fe 0.21851935952271828 0.319212515786735 0.2626242866385548 1.9848126975077809 0.4932120965096139 0.7034760339181317
Ga I 0.16607131551811938 0.29880737740861724 0.27937426866625525 2.001967276542906 0.5241791257878569 0.698717147633694
Sr Ir 0.5768913033677137 0.769190412391379 0.22748177570648095 2.3140402137868503 0.16662226923687198 0.30139536935128064
Sr Eu 0.16131031650164912 0.2923048942499375 0.25607289894126867 2.1321109934224487 0.5521714891770064 0.7274652512958072
Cl Hg 0.17525485830442228 0.29990302193908164 0.5765650732193116 0.7963582338317583 0.2159589243020536 2.39997033546914
Ga Ag 0.5341701054149192 0.7719081968567169 0.23023275317043637 2.210584825278856 0.20933808250417404 0.3180309561960684
Mn Ge 0.5492113910645499 0.7421789474990556 0.20188899420040052 0.3138491710149842 0.2260902783483531 2.2152893853676017
Eu Ho 0.15242251750833433 0.29498276095556336 0.2852496177874701 1.9877663382414121 0.5262995982252401 0.7102249727042149
Mo Mo 0.17713544287915528 2.5805504773071597 0.5829033237694531 0.842602792319331 0.2184291182158009 0.3142623466846586
H Si 0.43160678063127195 0.4151188421765585 0.012517131724462081 1.3549054002370393 0.5196251091082306 1.354785154896318
Ne Sm 0.5031801923981808 0.7358835783225544 0.2629348768597842 2.15648931519028 0.19997860720322494 0.3198534521065699
K Pd 0.14372794937969882 2.8378312512185313 0.5437081179366404 0.9425315698479049 0.29249189809143283 0.34427216771007
O Zn 0.19862379320779858 2.5346929625311994 0.5618820440380469 0.7745970818915412 0.2263949766460349 0.32465195816412695
K Te 0.23944119394117452 2.1423160886640473 0.22070314118581566 0.3128463449257727 0.5112402126304211 0.7847947964345322
O Cr 0.3195228540404802 1.8244790040995553 0.5740327006773548 0.5544500663885781 0.08234906296502224 0.23925984055091634
Ne Os 0.1800329129187094 2.73375738491405 0.5445173228238142 0.9086480712536251 0.24686913082467238 0.33935793704850786
Mo Ba 0.20037875096404195 0.3061635680753074 0.5391673520396492 0.7873357731145563 0.23239649027354978 2.2186639335035134
H Ni 0.21130948813189615 3.6006547686820234 0.6474770679704052 0.7487356469476963 0.14642778784894064 0.27555239602391446
Rh Ir 0.16627298156913503 0.29687202726938605 0.5753600575037295 0.774199705967222 0.22883171752638443 2.294853288832482
C Sc 0.0030549576189961773 1.3727533667781362e-12 0.42376004686750635 1.5038438507974425 0.5429960963863303 0.43809096792123237
Cl La 0.25798299574803607 2.1442414797038243 0.5024740446369642 0.7614340713140509 0.21093669433867032 0.30786152828089414
O Ar 0.3859965919093074 1.5857156929744483 0.025235041705062973 0.15010825360935437 0.5607600933201415 0.4878943901987384
C Br 0.15221939040989887 3.667743064715427 0.6085559161461491 0.9124091757642018 0.243791790736553 0.32085294681732673
Rh Eu 0.18402787926394085 0.3035795631479609 0.2489217075186994 2.167681331595842 0.5374748862123615 0.7592117012555605
Cl Cs 0.21176731476407032 0.31022665598717597 0.5043931385246984 0.7651707883018686 0.2551041482054156 2.1319476739181735
C V 0.5629217355935878 0.4505678949929574 0.40599249930370096 1.5802654710979744 0.003393660449445946 3.9093242644404266e-12
K Pt 0.1977967790640336 2.512932423511074 0.5711637618321611 0.8276059964829565 0.20282694125242628 0.3115195537027809
Rh Re 0.5758920946757162 0.7675041546713484 0.23095321301683486 2.2753519945736835 0.16300625491253587 0.29511526751867795
Ga U 0.19223338657038305 0.3120985382913861 0.531477164581002 0.7895217984380284 0.24332938248997837 2.2333155865715884
Ne Cd 0.2465157389909015 2.227204352247642 0.4862316717171304 0.7767093250902422 0.24173170012743878 0.33486646160119526
Mo Er 0.15150469246060852 0.2881621164918506 0.5702188163562162 0.7342047143891447 0.24879493683562645 2.192843764120673
Cl Nb 0.5915106129523141 0.9312259283892718 0.1328074741071544 3.4736178838926763 0.26899981133913325 0.3326013490829915
C Rb 0.2858267968357762 0.3397349223518134 0.14715696969909264 4.063919717610086 0.5784378284652422 0.9638325839715145
Rh In 0.5560574333524174 0.841504854359928 0.1943516095418414 2.4316935651361935 0.22532104413948603 0.3189181149943039
Cl Tm 0.14318905268716897 0.28012646171479166 0.23928904943757281 2.3108962918765656 0.5875570825906178 0.73267032340566
O Ge 0.25996162594069655 0.3379685451871932 0.5689520089180556 0.8580545156634128 0.16378019593120444 2.983673303904209
Ne Nd 0.2814691691766526 2.0653058968145084 0.5029966614934632 0.6995680227859908 0.17982156441337968 0.3095021231103555
H S 0.4688422009443525 1.5630790056678563 0.0007114738563455775 1.5629735135474718 0.4997336818803799 0.4324105149542888
Mo Xe 0.2011012553019745 0.3076708679745001 0.5430422235267447 0.791479415607871 0.22852228292767723 2.2405830088882634
Ne W 0.5399843111842982 0.8490552814213321 0.20285187866316653 2.5366355229112316 0.2272742727598568 0.3305889662101978
O Fe 0.5478673813257602 0.6374838928383211 0.2716721644238548 2.0200581867562346 0.15938344644552863 0.2925361619400643
K Sn 0.5273858907901586 0.8348274235671622 0.2051215926331196 2.3357866253129003 0.24206535956716968 0.3244136380453757
Gd Pt 0.14769653212840872 0.2902089409963359 0.2740667754498177 2.052327412511813 0.5444453197097994 0.721506625595343
Kr Ce 0.24840207907793577 2.1718459888000514 0.548313562932778 0.7457505747764104 0.1749173027904154 0.299422990467613
Sr Re 0.23449264709221257 2.268436614281228 0.5776517694365704 0.7536135084260603 0.15822032128412966 0.29668350646124914
Ga Sb 0.517956436563244 0.7416657632551741 0.1966104351295093 0.31570235926229684 0.25693268422307286 2.0885310379774626
Eu Lu 0.1506001076323034 0.29537926646310897 0.5389960531118736 0.7192584405173768 0.27417934046916836 2.0328433653083264
Eu Tb 0.28666439813471295 1.9766933262024566 0.15426800112064884 0.2938396284836541 0.5232012528426871 0.708839361488604
Mn Zn 0.5480501134282225 0.7329955383056812 0.22912715703733316 2.241454688693745 0.20257424696268572 0.3139970437893532
Ga Rh 0.18826911748615335 0.30617209400608436 0.2401096822006746 2.1423122196633058 0.543904663195213 0.7449620733429152
Cl Pb 0.17785773382992673 0.29922124587436577 0.21228156585856284 2.478916438852366 0.5807485625898985 0.8071164490361131
Ti Y 0.26353198456769805 0.328798561288185 0.5644460807152019 0.8929415365616417 0.15529314866533944 2.815758105354344
Kr Gd 0.5541259806680872 0.7264620264370939 0.15926786638023105 0.2946940674347823 0.2569533001590539 2.1394374416664803
Sr In 0.20794232319085737 0.3141847845472904 0.21624311594017984 2.2767935971109114 0.5493526631958648 0.7971133474277377
Mo Bi 0.22615579275427908 2.32472778686001 0.5805646305033088 0.7799529930257064 0.16403197300986042 0.2941291852897383
Ga Au 0.23513133146729426 2.2894866088465005 0.1830746887125629 0.3110832039018034 0.5532516334264377 0.7720191159374034
Kr Yb 0.1452044802553924 0.29296238238943406 0.5747330333337285 0.7242016781680001 0.25042036750563457 2.190220978125584
Sc Bi 0.18315659600530493 2.7735320563984973 0.5834487505673427 0.8675148878259948 0.209649015626656 0.3120093660668456
Si Sr 0.21058907939710725 0.3108425465569213 0.6080086581437735 0.8225046894653516 0.16639007596439076 2.8027178415437652
He Ag 0.4035551589704899 1.8417555643771606 0.04550851504270727 0.1963518670032708 0.5126776792425796 0.5248960333720147
Al Ga 0.17978543331715297 0.30922899454682623 0.6073287324726309 0.7354472182418631 0.19763039790185216 2.53965879590676
Cs Gd 0.5219256587271884 0.7290115255709179 0.16753776027440448 0.294886852022868 0.27630020641929603 2.0127696088763662
He I 0.05213759281870992 0.20056939140252375 0.5489340196883993 0.5639513161104329 0.36643404831632587 2.100809823627823
Cs Yb 0.14612395218390406 0.2888410012764919 0.5428097341916248 0.714806479516477 0.2768863169039983 2.035045438567167
Al Mn 0.19780493232472993 2.4306912810357435 0.5228642184505983 0.7921271762132163 0.26311797054287467 0.3407318055930812
Te Au 0.1766920567022425 0.3047468751751452 0.5525514308557439 0.7781053152235586 0.2391415949829629 2.217680404794656
B Hf 0.6151707473591652 0.7815607984014699 0.1339266430884413 0.2639252779395715 0.22375933393203412 2.6960024421453825
Cs Ce 0.19733336379905797 0.30583702544900826 0.2513510898246274 2.0955326727704833 0.5190803616973183 0.7772709172364377
Al K 0.5388662181276547 0.9262398123135976 0.3167600469743299 0.3510162068617361 0.12871106178992153 2.8099533704771855
W Pb 0.5582398140095115 0.7459824118529852 0.2564019952802351 2.1302155832893788 0.14971864544278338 0.29595346402083544
B Dy 0.12844579159303607 0.2626467413502428 0.26884811167041955 2.3017560528222445 0.5684843929607226 0.7110472414662028
Br Br 0.2263426887665177 2.248418189619942 0.14417015495839577 0.2861649525811409 0.605525871490413 0.7207911528848558
Sc Zr 0.5746996137788206 0.9241394824518205 0.14176565841532462 3.1626230575647107 0.2724777468056092 0.3310500353806893
Ni Gd 0.18709350941128736 0.309514736646838 0.5225199120834608 0.733616633387425 0.2612705584357118 2.1266684883939657
Fe In 0.2366192427856863 0.3262528761272114 0.23438870300083958 2.1415484289244615 0.5003907005251814 0.7890888809474987
Ni Yb 0.18982135022252278 0.3152041352989779 0.5429825433799493 0.7653653265965049 0.23822416863534365 2.2468509874273574
Sc Xe 0.5089092028487895 0.8296823123903173 0.2200503195830733 2.269408956103775 0.24487295205916867 0.32181310284339154
Ta W 0.13733043708353132 0.28931116076887164 0.26779477876822955 2.099942914670708 0.5612767324226217 0.7200808738995541
Te U 0.23187500393392038 2.219747975096698 0.18561574472814918 0.3052081193749587 0.5479407919641458 0.8063965263806062
Ni Ce 0.1707126379714869 0.29986000048774986 0.5003940236559588 0.6866378543241848 0.2954552665910921 1.9269080710944184
Fe Re 0.1972925425119505 0.3112350017441806 0.5648028586665821 0.8099687839086162 0.21219695929328722 2.470714649675872
Sc Er 0.5612875685364388 0.7422050272094876 0.16484663460249446 0.29129062282079304 0.24657515210060704 2.2731523839817207
Pt Pb 0.15068251111018166 0.29542437613591693 0.5637787836645011 0.7529413350762939 0.2504230429954953 2.1476707711402625
Na Se 0.15275472312972854 3.1369077848707456 0.5507277830994638 0.8969589700816762 0.2904300245945661 0.36206855503608626
F Dy 0.5141305151987325 0.7933369423274574 0.21816699687768681 0.3253414024880244 0.23305807380056842 2.301851028814452
Sn Er 0.5378823223090221 0.7477481782904055 0.2586960081598774 2.123408666332532 0.17211406938624732 0.3047279616542546
F Hf 0.23370282129061465 0.3327448504588868 0.19179983191955924 2.6055611902741553 0.5439656092529435 0.8771540951065887
S Cu 0.23152611429373496 2.213525642307489 0.1670605604069107 0.29531721313112014 0.5807702755053185 0.7092177034638087
V U 0.23500588930378724 0.32242160168574757 0.1859488676355974 2.606422060733404 0.5496550572461746 0.8981085832917113
Na Ca 0.15710308834225964 0.2890615015590164 0.5525980546702509 0.6494587138117076 0.2679940024565727 1.9504389174971546
La Re 0.26588619157275095 2.078768249359015 0.15188231864697643 0.2896389096331029 0.5475495118434182 0.734108416913314
Pr Yb 0.14841100707165744 0.2912853553716152 0.277815980429782 2.0220200114544125 0.5386561879736 0.7152560991863619
N Ir 0.22156614474825306 0.3191277098859688 0.18448209614018277 2.830881454938848 0.5661086777855047 0.900551726313149
Sn Xe 0.22831797168232795 2.204569348474533 0.5341057066227806 0.8031747511052894 0.20791945621520042 0.3147439779922904
Ar Sr 0.24494323662795392 0.3244284014729667 0.5915512812266813 0.8773406757365347 0.15125628844604244 3.0145821339952596
Pr Gd 0.15888079079869868 0.2912110228244259 0.5184911843538671 0.7125852735068573 0.2870262023166688 1.9682719100329393
Zn Y 0.227492413413217 2.180821033630346 0.5563852526542539 0.7463841561061983 0.18945866834810549 0.3109144576807812
V Rh 0.1526797274724129 2.7459204427476376 0.2918381487321329 0.3420491762111047 0.5348042579154583 0.93091001193482
V Sb 0.2193409087774508 2.198169700708827 0.24177671615309476 0.32389087390281635 0.5101200927006663 0.8198044431305461
Lu Lu 0.5421850467174393 0.7086482433578409 0.1406767773844385 0.2960220657548968 0.2787542860784357 2.0032649678953973
Os Pt 0.14256411397670699 0.29076239248350905 0.25858606617133634 2.115108073029901 0.5644839194730035 0.7362116002238066
Cr Ce 0.4872256252173851 0.7588845243806572 0.26299461386827944 2.063667410544488 0.21956877420629625 0.3155594083850211
Cr Yb 0.5658397049667199 0.7582502125487773 0.170995100676159 0.2971282618211364 0.23665027246035603 2.321139158903392
V Au 0.5678257381506429 0.8310594654390676 0.20252027671287245 2.5586418537612308 0.20438150399596633 0.31053603635242133
Sn Bi 0.219559052627511 2.330960268685934 0.5638414747117698 0.8101684653261116 0.18605291280387082 0.3097952449659536
Cr Gd 0.5199663029967986 0.7379534600372617 0.18863685751010592 0.30311554836872745 0.26181631991748716 2.126638501179899
Zr Au 0.579373583660776 0.7802022358529322 0.22188386856293577 2.3494168374044357 0.17047112965827893 0.2999036651245756
Mg Pr 0.26640558454462876 2.177273474821354 0.5271131105534946 0.7120968086732244 0.1764449073208633 0.30149522333223877
P Sn 0.5144172244004265 0.779985209964999 0.21806217719335566 0.31983415099175333 0.24084639917606385 2.1846724617481525
Be Fe 0.05674440798626658 0.21157903543306344 0.6070794633154369 0.5595922356136604 0.31615530619329124 1.9728360609919997
Ag Yb 0.24762922491514866 2.166764579209109 0.5551473389121374 0.7507596589599147 0.1656681482582982 0.2996061023418168
In In 0.5434033144846815 0.8318531550538861 0.22481266275540662 0.3208678466273846 0.20512329262263926 2.3278269495977404
Ag Gd 0.531922002614745 0.7646616323691803 0.24821137597095858 2.1473055163116883 0.18856628992921856 0.3067277188072308
P Ru 0.5627451638635257 0.9130666448737061 0.15073242573330475 2.896656786238055 0.2702392846600679 0.33750353611311823
Be Ge 0.15927791856315546 0.279258281886663 0.6609915661018902 0.7827042500825455 0.1834121958029465 3.4049350964719642
As Bi 0.5530037214794399 0.7886527548019686 0.18594843563336916 0.3153787191887585 0.23123241647103535 2.3046862866859517
Mg Tb 0.23595512202396815 2.329710852279097 0.19855482365092403 0.3189637365416289 0.5347862078486059 0.7618110609542987
Li Al 0.48570739912668676 15.355781025829788 0.5871066037375864 0.9914519526855151 0.3504531973650319 0.3833845042567667
Zr Rh 0.18741670850347386 2.4827652118333434 0.5738577309125512 0.8307983576840395 0.21523611106426738 0.31361267708754637
Dy Pb 0.545387897874926 0.7391022168654704 0.15353102297844465 0.29795798399140794 0.26785791449628726 2.1083192699065156
P Pt 0.19848351846097417 2.5289866806007093 0.5743137182182704 0.8228224226410189 0.19815658260210978 0.3136733576757456
In Re 0.23029715711356766 2.293410742313061 0.5641497651693839 0.7817847380230094 0.17644071393669689 0.3050193925560757
Ag Ce 0.2351566280453758 2.2019488411855264 0.20944389145731193 0.3138442251728959 0.526473166251961 0.7946839481474908
Zr Sb 0.19755558752302432 0.30785095113248834 0.22443590060766197 2.277267620853395 0.5525900407866357 0.7888299039585143
Mg Lu 0.2152403595669035 0.3318785904512816 0.5426715106845347 0.8129110256851267 0.2117933831749684 2.463506482021206
As Xe 0.15611970167817082 0.292407821645199 0.2740302434623808 2.020831953702889 0.5387532268265247 0.7046609618251413
Ca Ni 0.5157788004897599 0.7149009781160317 0.20940244881418027 0.31717149913409126 0.2513165119862832 2.06289482529867
Se In 0.2286471749109418 2.188528372318514 0.2021566322439661 0.31651189582139977 0.5406834314948779 0.777369713034621
Dy Tm 0.27258363100950034 2.0503903746393437 0.15436711577061593 0.29997705913429384 0.5381129083124105 0.7230421739123876
Co Br 0.2084036554337439 2.2995353979971296 0.21676471725117918 0.3227179654481414 0.5510249590550571 0.7830137502851642
As Zr 0.16477540128915358 0.2949831211943499 0.590571424688989 0.7447853918458452 0.22038721654497528 2.283170312860518
Cu Zn 0.5462451328139283 0.7300773978510021 0.2287855143115639 2.210485309263371 0.2022635186813253 0.3215508816438087
As Er 0.25171291096762993 2.1679446085212923 0.5534885013074833 0.7325239233862366 0.1648854882317384 0.3060947452196015
He F 0.42223908781437836 0.42098090988966536 0.4799927922674484 0.9163516644312474 0.17097001145802249 7.177584166411297
Er Pt 0.13719155308115044 0.2876580145068388 0.5457748013615022 0.7081101439961398 0.2793150343948335 1.9956386564515658
Se Re 0.15172475673046312 0.29668400072198575 0.2449880595567396 2.2227983818706782 0.5732756044031005 0.7376103740007719
Zr U 0.24010164955505478 2.2394619600715355 0.1709663125439228 0.29599907257412017 0.5568334137509734 0.7800795065179341
Se W 0.5767039640336592 0.7355266032790735 0.2435985373410456 2.2558094537696096 0.1518274877553621 0.2951241135724238
Er Au 0.5474602019542462 0.7266327754754957 0.1466960184538366 0.2941116455022441 0.26900742409432254 2.058540669553213
As Tm 0.5550794079759696 0.7313356444973071 0.2515973593958083 2.16664647304809 0.1628660455403706 0.3062492081855974
Cu Ga 0.21995707107686926 2.309441496200492 0.2060663888517659 0.3239773807071183 0.5540619654530279 0.7436107048685593
Se Nd 0.2622214509122146 2.0821901011554678 0.5447579936054098 0.7191780014273426 0.1615813372232409 0.2952647270354636
He O 0.3102941252649364 0.37536478284663793 0.5691286133668932 0.79881844144487 0.16901144521579697 5.4052166951251035
Dy Er 0.15557482034976422 0.2996032952685659 0.27349426686048767 2.049910750602736 0.5364397102213044 0.7232758486745395
Se Cd 0.2057595042637028 0.3173558638338757 0.2212454789545288 2.260092823540471 0.5468960562634654 0.786952520754857
As Nb 0.16537501056947992 0.29402385365454625 0.22158135509101756 2.277569962821484 0.5888618612779061 0.7452885191489422
Co Se 0.5542570596815899 0.785911327128119 0.21959152971740656 0.32542434021374456 0.20520728679340233 2.36585586245442
As Cs 0.1604772640701213 0.2941177489502587 0.2688684292142792 2.0448295723714596 0.5400442560439008 0.7123525860866071
P U 0.5183920780562894 0.784852236362078 0.2591091625820935 2.197121146098922 0.18773082741146005 0.30321181031749617
Ca Cu 0.537991158885011 0.7150242543214097 0.1963658397855329 0.31179716064366514 0.24310055204991077 2.124140521773714
Ag Pr 0.5230707339649062 0.7852109248722389 0.24122129664044784 2.160544459663906 0.20547567861546331 0.3126284538804286
In W 0.5553799345707098 0.7671485220871268 0.23983813755258135 2.21245018357975 0.17394086043974366 0.30258011754665237
P Au 0.18499946467506553 0.30768789664189544 0.21784118936766209 2.363192866337235 0.563893801980153 0.7962167134628682
Mg Yb 0.21438804819703028 0.3325673990253816 0.5390061634267004 0.8053938651258471 0.2153847835867682 2.425795966539339
Zr Sn 0.5502894774414889 0.7910964578296185 0.20008226245279329 0.3099329599515095 0.22227811921481472 2.245634206075135
Zr Ru 0.2133738981625931 0.3126174823189793 0.18412960850554783 2.5210885732091057 0.5799176085660683 0.8316781393748556
Li Mg 0.604093977672088 0.9309147096272004 0.2077705494643453 10.538007107449681 0.3242543619313071 0.38642533647490374
Mg Gd 0.5327916598448458 0.7491449618263388 0.24348752031382886 2.284996171478096 0.19257224726191313 0.3131637933415448
Dy Bi 0.26776182655100883 2.0837464144657165 0.544014538987805 0.7377334086600197 0.15234890524874017 0.2967284885506995
In Nd 0.1896144292491854 0.3061689903461405 0.2596319673053712 2.0736651031405176 0.5186723459636341 0.7555649456119934
Be As 0.6734052457321797 0.8070997062907719 0.1780087441976342 3.7598959783585952 0.15925095408725107 0.2773981359724653
P Rh 0.2766706881288945 0.3405411876817494 0.1531816868026565 2.8977255564310407 0.554868423085189 0.920122671601449
Ag Tb 0.2509014463182214 2.144133128014758 0.5363284808631555 0.7569429845963638 0.18168037472097856 0.30474506530916773
As Pb 0.2324771740920419 2.3056278553706515 0.1844556840651176 0.31527954511057293 0.553854163700515 0.7847034566414135
Mg Ce 0.2743914563395839 2.1240271091885248 0.16931505800365976 0.2968720477570279 0.5247735634728646 0.6988289689452541
Zr Pt 0.2130193853329808 2.456083208197447 0.17761611384656412 0.30313541575572805 0.5858973200262995 0.7929965784835611
Er U 0.28365404521893806 1.9899213368684978 0.535022994188289 0.7199642858434109 0.1405258004381561 0.2872426985286274
Ag Lu 0.1608806457944442 0.29643895578330076 0.55805410213526 0.7460878872809776 0.24922583187930178 2.1612742287760565
Be Co 0.6206788127456503 0.593716491101915 0.2905752182490645 2.1072483417644294 0.07087807656830267 0.22217192332675537
P Sb 0.5136285327331963 0.7465476144616735 0.26014583140559105 2.102727898773158 0.19822239006036518 0.30898234824901977
Sn Pb 0.561357814360006 0.8025639649875091 0.18364814853016284 0.30920633915595425 0.22390905499635838 2.2983840640218287
Cr Tb 0.18239103514811936 0.3010853599855182 0.2565256575256459 2.1601262358127657 0.5316700345338932 0.7388286701972955
Cr Lu 0.570756400882925 0.7753253753593117 0.1777878874174839 0.29987422517979645 0.2263630159858826 2.40529557661897
V Pt 0.2097456867275806 2.476036021693842 0.20168184619772675 0.30904139585618806 0.5634713887497006 0.8172289465060099
V Sn 0.2079209904060691 2.2581386659955887 0.5143666067438507 0.8373149570323624 0.24986720770088616 0.32782529294239426
Cr Pr 0.20424811071911222 0.30963478120597127 0.4833271935317537 0.7304096958289665 0.27906576252991916 1.9763385666981992
Os Au 0.262448547902909 2.0800284645032012 0.5596694471996311 0.7323255484946448 0.14039022983702187 0.2900578007222841
Zn Sr 0.21530608461134063 2.310588620205586 0.5599193537038055 0.7658207484649027 0.2022100818872264 0.3187090869386298
V Ru 0.2919502138339904 0.34195179503449935 0.541293152783804 0.9380669687108617 0.14640103111143923 2.812082572729966
N Sm 0.5017247274551327 0.7199270616622471 0.2814763523065609 2.1237273455712717 0.18230198301056166 0.2980532298262901
Ar Y 0.251569568532737 0.326067757294336 0.5948339305272522 0.8957796048269032 0.14463524707554723 3.204959971310658
Pr Tb 0.1583310260996383 0.29284622440219754 0.5243259421063097 0.7158400108895253 0.28271333994614856 1.9975000172314545
Os U 0.2670522806413721 2.1058296076140564 0.14099958742660598 0.2878623653775749 0.555772829823843 0.7402914205475155
Pr Lu 0.14975711543304346 0.29133968707982594 0.5438728693990103 0.7218420266732954 0.27249103448876666 2.060884072437239
Sn Cs 0.20614087924289007 0.31352446647594406 0.5237123094725139 0.7924703974808796 0.23852991090509695 2.1299356170120634
N Os 0.5731874120609842 0.9019245406284223 0.18413706368595947 2.9275846983965725 0.21926274247956268 0.31788637229586103
S Ni 0.2260715103182653 2.217587786727288 0.5550714744487247 0.7330637736831891 0.19777238990418156 0.31168694896373766
F Ta 0.19243788751082266 2.5887864962122418 0.5453967031878423 0.8732068775011862 0.2305060217501892 0.3297388933902209
Pr Pr 0.2764298559639571 2.004390340928603 0.17613237465973045 0.29762557020961605 0.5135003653569987 0.7352945659223031
Na Sc 0.27825700124191977 1.940651480798581 0.572382903837846 0.6229373978230014 0.12697385705538047 0.2685938815128298
La W 0.1536036408485552 0.2890725629292143 0.26574186540518646 2.0876666349043886 0.5468127337547176 0.7319813017979794
Pt Bi 0.5606507397647336 0.7406202375421642 0.14358123398910136 0.29057322864204727 0.25858080004114303 2.0899811596574125
La Nd 0.27182724810931325 2.0258501005256906 0.5160592976469641 0.7425788537184835 0.17872385824544465 0.29698360014507846
Na Br 0.28894047176897525 0.3587341730732768 0.1482339532781017 3.2467683510701657 0.5582153682750803 0.9103524716607683
Sn Tm 0.171771990931736 0.30552603665845257 0.5418363089565348 0.7510512232816826 0.2544807969159557 2.1374644410992745
F Ho 0.22216480387416213 0.3279125139084589 0.5129781454501605 0.8062100787313997 0.2276134173708472 2.2944938623029842
Fe Nd 0.49825474077153886 0.7172629648436227 0.27862695834976425 1.9985181433965866 0.19040656405488465 0.3067415848853447
Sc Tm 0.5687603092881243 0.7514246384017269 0.16524301237649666 0.2923125490742309 0.2384976056191437 2.310382442694229
Fe W 0.1863913422318169 0.3053776269218027 0.2319652897394072 2.299794339037455 0.5529717211066361 0.7746883324750747
Ni Pr 0.2809899872050393 1.996674526929031 0.5065954741088265 0.7068711232362488 0.18055034197382183 0.3047871097257343
Ni Lu 0.18893625001116665 0.31398884499364343 0.5466006955720082 0.7686107667403601 0.23545422247148928 2.267035185343596
Ta Re 0.27460368428108245 2.056006648442108 0.5589702394281263 0.7113863439782514 0.13084328254461372 0.28645781315801855
Sc Cs 0.24306318235645794 2.1517785734675234 0.4982409542683063 0.7925479351462252 0.23070383517306697 0.3153860927006276
Sc Nb 0.2747454370025212 0.33146744904623365 0.1417303745308312 2.946467865080018 0.5660556801929659 0.9212584407832943
Fe Cd 0.4934032685091289 0.7583687877913505 0.22323031186689382 0.32031108716252293 0.2531899380699936 2.0412162385299615
Ni Tb 0.5272087044837168 0.7445157262831855 0.1904347629987664 0.31232488323725294 0.2523857650600027 2.1545952610061523
W Bi 0.26366048221999355 2.0839680596226517 0.14472475794630738 0.292611211957575 0.5542986190210601 0.7362266699635818
Al Ar 0.14256615176074233 2.630434590274889 0.5413920975862913 0.8943421296735697 0.2993801971268924 0.34832168346612896
B Ho 0.5807754342622231 0.717538084924251 0.12302987704510802 0.2579460790381917 0.261626458241637 2.3496792037567262
B Ta 0.15126453506922244 0.2766528014236695 0.21393961701153005 2.7958800578810394 0.6091278796616856 0.8060876437655907
Cs Pr 0.2657325578583915 2.0228830997939133 0.18802058810561115 0.30233600112737635 0.5121767342683904 0.7558333030853244
Cs Lu 0.5469522612661162 0.7226190844772992 0.2704719537088467 2.0661597802599423 0.14861747727907015 0.2896423692631588
Al Cr 0.5165674615112545 0.7931314890963472 0.26551510362865705 0.33839501216527007 0.20021788128850143 2.3648126775237652
He Te 0.3780657436721021 2.04253812174974 0.5472452295182464 0.5469250374036007 0.041137529318402886 0.18564158532694333
Te Pt 0.1768140011113583 0.3043259433203055 0.23985264597364483 2.2228405039746124 0.5537513847786566 0.77537847611432
Si Y 0.23163614857120468 0.3201702769445109 0.15732732344517097 3.045598201749194 0.6021244806108984 0.8582986550415761
Sc Pb 0.20652531805611418 0.3115845332094682 0.5824096398659319 0.8583044232296461 0.18594652345646892 2.719384178849359
Al Zn 0.20850337869855542 2.423126913027969 0.1679316665832292 0.3033063240862084 0.6061723947732682 0.7144905478997432
Cs Tb 0.2755450954737844 2.02318435660819 0.5258218409927184 0.7270265884680485 0.16452377803329615 0.29529456528575093
He Pd 0.05325499193196269 0.20738413040054066 0.40656552985468636 1.8178804739557985 0.5015720105498859 0.5291408331089378
Ga Pt 0.5559513216189688 0.7784823384047668 0.22933221040948812 2.31156684813049 0.18776296460419306 0.31239566730441315
Kr Lu 0.24974856069921303 2.1865155832821896 0.5767890201335861 0.7234858059606666 0.14302946192849525 0.29089821399140403
K U 0.19492238570644996 2.5944493039047174 0.22441199224717848 0.31693144043210664 0.5523270921887381 0.8818330910004257
Sr Cd 0.21987171294845406 0.3194611703794861 0.559256426472982 0.8244561854334371 0.19756979244730247 2.439329828809213
Kr Tb 0.2554912516591867 2.1547748559737547 0.5579304476841013 0.7259929809412912 0.15718949556315803 0.2954826516775743
Mo Pb 0.22893943978175918 2.2832370425755344 0.5776890584677556 0.7739469186183714 0.16256015954883343 0.29443327055225016
Ga Ru 0.1825705306452201 0.3031865796296569 0.24127572799740407 2.1366551340941395 0.5490322269939417 0.7399357573406272
Eu Gd 0.5218272925192944 0.7116649819277734 0.28564901963042144 1.9763060698263202 0.15659230410986802 0.29309289073315514
Mn Ga 0.2386846116363493 2.126668838804279 0.5458429094270624 0.7189129096705108 0.1912536874317795 0.30905527787129883
Ti Sr 0.5606760712563235 0.8696587085681708 0.25467180534021217 0.32634410447805384 0.1660047795451613 2.6660528233394705
Sr Nd 0.5473535820811664 0.7361764131926317 0.2542564481523625 2.1478637976855075 0.16946970860805197 0.29423301788152356
Cl Bi 0.1875249412427888 0.3034093588719817 0.5843913590239 0.8294594615017814 0.20049847759333997 2.5913086020428286
Sr W 0.23041017230751487 2.307957778702754 0.580211735848007 0.7563036541675242 0.1612330517385649 0.2962949840625495
Kr Pr 0.25968165293705536 2.0933559521497815 0.1659703877326384 0.2955856570790802 0.5435047032693502 0.7282339217454953
Gd Au 0.5421971171131484 0.7300403029461984 0.1521152414588382 0.29361065778745377 0.27032311117667085 2.065156151277636
Mn Mn 0.23558374054185624 0.32536864595467085 0.48386729675469586 0.7222020603628128 0.25734830047328877 2.023908372512448
Eu Yb 0.5380921194603231 0.724949471938785 0.1553535980787993 0.2986467018744795 0.2720421308625653 2.0538178814488246
Ga Sn 0.5140115744023726 0.74149560919055 0.1989300088724429 0.3174797905270651 0.25738591980225145 2.063840239866721
Ne Re 0.19174151042304002 2.554461709485734 0.24070982674312527 0.3375879995666925 0.5353361400387463 0.8834246825634803
Mo Cs 0.5419207217215061 0.7963076420015023 0.22599500658993918 2.2517722080756735 0.20442836295201863 0.3087974990492977
Gd U 0.5369511440578403 0.7613094797032688 0.26047509580237604 2.096002680875986 0.16489298707672875 0.2968697182543059
K Sb 0.22547257931507209 0.3161189721004792 0.5183211131845085 0.7982540865408106 0.2288529428860434 2.1975029932768133
O Co 0.2501146982843285 2.1399039388049395 0.5393677794545427 0.6807607489902587 0.19162292018596727 0.30980359598228885
K Rh 0.5469302841128176 0.9468143099709334 0.13831949861900075 2.850580736849071 0.29336544534995396 0.34332726407697556
O As 0.27213966251527866 0.3434153399643608 0.5732801891989442 0.9070543186278082 0.15143998343494086 3.2439242942104
Cl Er 0.24953837347040936 2.2454312404009817 0.5779226682057116 0.7211609212133427 0.14199336018616152 0.27886020866227074
Rh Cd 0.5547619720201284 0.8416812782623402 0.22657059824863082 0.31925102026131463 0.19330555096565624 2.410794284073773
H Cl 1.681800175089179e-06 1.6695476067630126 0.4449222225121959 1.6680283796798374 0.5268940058185154 0.4376928198562475
Mo Tm 0.5710719188907387 0.721628781298162 0.255348566303218 2.1394796354923304 0.14217345951914925 0.2834344774341382
Ne In 0.4784161677457814 0.774855031880397 0.250735625617957 2.207526463305742 0.24473222575386044 0.3382876212402563
C Kr 0.2630956855714196 0.3303648652120098 0.6003456057414263 0.9469524153626626 0.14880164783141267 4.054453402647235
Cl Zr 0.5927557664668147 0.895537236108824 0.25118737537307945 0.3252755363839397 0.14289198788453397 3.0969481472559637
Rh Nd 0.5317668460284688 0.7738656694986272 0.19549163692093965 0.3073450452539902 0.24335926454695808 2.175676829959842
Rh W 0.17091558851909802 0.2983974880607483 0.5720474457074385 0.7734335419669282 0.22834276729577732 2.3034110523823688
K Au 0.2073422657285854 0.3140394480537138 0.5804267648776961 0.8480455023768639 0.18812922094105325 2.7169046006716706
C Ti 0.5483850665539309 0.44067626331035314 0.002892291754062453 3.53203575001909e-15 0.4191761425154178 1.5283012820879627
Cl Xe 0.21677039978771637 0.3129715146720411 0.24481592825322834 2.2098461019623863 0.5129249034750732 0.7812335435741685
H Al 0.00246584795954026 1.2374291534123454 0.5398416416094215 1.2371628316752372 0.41630805978603463 0.4110725261771596
Ne Tb 0.236378148528087 2.2925791224525884 0.22380691186937596 0.33242613694303946 0.5066875504471482 0.7862260903682614
Mo Rh 0.22745843962957726 0.3188762224995763 0.5715090393375598 0.853248558407062 0.17731534233553167 2.5363752223723806
Gd Pb 0.16018384547616407 0.29875791818989844 0.5458955478924196 0.7507772059127505 0.26109838766805044 2.1379915109117062
K Nb 0.13090548882266864 3.3802315582634317 0.2789463469539389 0.33445436014490687 0.5808307555198188 0.9421828784394218
O Rb 0.5499555722941691 0.9957720026143356 0.1353509492129081 3.7935819165561773 0.3184988462335674 0.35828602054526953
Cl Pt 0.1987657668029837 2.5538114492082045 0.1927741434533729 0.3073788697798701 0.5813898641279892 0.8194642806680933
K Cs 0.22060664563143367 0.31132755348949365 0.5014951551656147 0.7769999122234629 0.2492044516033363 2.13634604815124
O V 0.5824167575100646 0.5313843131739209 0.33412719916120864 1.7675659292310393 0.05841952818230851 0.21056743753834603
Rh Ce 0.2306346368145362 2.2554789238697017 0.20716642213219347 0.31127617737485264 0.5351202091659493 0.7966515872103784
Mo Sb 0.5529930777034213 0.7974277837852578 0.20085759517814436 0.30821582220609434 0.22040012863914046 2.283075407157528
Ne Lu 0.19022043515511855 2.567140571990965 0.5242816689288278 0.8807000304622662 0.2535247555626407 0.34810064522307826
Mo Au 0.5791647123477233 0.7776585159381687 0.22386363679194168 2.3240933142771127 0.1681008551808747 0.29736348032980314
Ne Pr 0.2844265805850456 2.0702473360348357 0.5060022658846053 0.693748546378128 0.17560505004706894 0.3066266267921103
C Fe 0.5788450916986702 0.5560026072916666 0.32551081233792073 1.8477056917074532 0.07319074978639262 0.2278944301308365
Cl Sn 0.5180472838888164 0.7917146754096201 0.23338775483380986 2.166535872419059 0.2208009106375092 0.3173979147734521
Rh Yb 0.15308482268181972 0.290568276671006 0.2497140123873918 2.1785085551993046 0.5667930768838185 0.7386443864840913
Rh Gd 0.5429829041325537 0.7662811750300093 0.18512999669232755 0.3035980739494249 0.24365619355861617 2.21475921847632
C Ge 0.6186844027388068 0.8211944007122126 0.1751631041611853 3.0494073823983765 0.2025273459634912 0.2998624490978078
Cl Ru 0.28353700431861834 0.34072664965162275 0.568827343534732 0.9475043478684797 0.13346312755534542 3.1639263167541816
K Tm 0.16038800040148649 0.2898308842433606 0.576571582487342 0.7499821474148073 0.23502967373419698 2.3395812563544305
Ga Bi 0.2159330891475069 2.440082501710232 0.20675441575814613 0.32381337900395074 0.5505879077186286 0.8202404848402187
Ga Er 0.5447346843072924 0.7535650971634232 0.18557534374338633 0.3154785972518985 0.24224705777100528 2.2450406051664804
K Pb 0.19032799595548455 2.6652337550228244 0.5840454935453858 0.847095060381206 0.1992974579766788 0.3087833484180923
Kr Re 0.2442674795838469 2.2238551993121605 0.5778008966859738 0.7385029585993321 0.14827619854162585 0.2922825196326314
Sr Ce 0.25918453199396324 2.0959366652943894 0.16873807354407708 0.29186417761450756 0.5415320023236269 0.7310577634194709
Mo U 0.5560328537792925 0.7919034694358364 0.17717647298422193 0.2988382567510779 0.23343246300283782 2.239488623357414
Ga Xe 0.15527176983040333 0.29199570344700754 0.5245647359702184 0.6847270924419537 0.28853727928933137 1.9605732272473977
Eu W 0.5415773858637624 0.7159639363029129 0.27576280982555545 2.028083615239106 0.1464440622492884 0.290136558731434
Ti Ni 0.18938016977907599 0.30454923911054943 0.2583740042838151 2.060078431974066 0.5301986057819154 0.6950476245796253
Sr Yb 0.14690139217462278 0.29129442262252914 0.24829267096946178 2.2026259142956053 0.5754353081237409 0.7273425115584823
Kr In 0.21384265376252098 2.3089521111998796 0.2079714796176137 0.31739028391900737 0.5525766748421499 0.8001989133443381
Sr Gd 0.5557127141409373 0.7333282025091163 0.16293650111715116 0.29295314481515283 0.2522043349436352 2.166913453028912
Gd Tm 0.14734613076094596 0.2931111862213266 0.2811954533797393 1.989434411282181 0.5337789997280586 0.7094911069167886
Mn Br 0.19320381770405404 2.424616413052283 0.2315842274820735 0.32549064548120976 0.5537952277783628 0.8142072439324459
Ga Zr 0.1793620951436415 0.3028802720769777 0.22557517338822625 2.210502252167393 0.5688484453867158 0.7450046512246158
Te Xe 0.20393235035043838 0.3113842203407163 0.52512278523163 0.791732416214805 0.23934319841154933 2.1230169621484465
B Ir 0.1894813332429068 0.3028507102960368 0.19438665277817888 3.021213805847302 0.5935894674560517 0.871061062039264
Si P 0.2260229509112752 0.31374871959388645 0.6244985429427637 0.8268221330569129 0.13595694237285436 2.853405644605189
Al Se 0.16932844880512954 0.2985540918655266 0.1948812435369411 2.5500537698411505 0.6195615439598313 0.7487505253487253
He Mo 0.37001033051888155 0.38098684973484465 0.5473686516103545 1.2543525493995693 0.1792315686972487 8.944460400682505
Te Er 0.16559878863830402 0.30034210367927505 0.2658892824050823 2.087934871915873 0.5362126410533629 0.7368975310574789
Si Cu 0.21956118310274947 2.308651896449262 0.17881466242789978 0.30972767767464376 0.5828433188220087 0.7192042993556063
Al Ca 0.5219754567436525 0.9276264784808699 0.13639672841089961 2.688074000459842 0.3243883988735047 0.3533051985614585
Cs Re 0.1574528505717099 0.294101769799864 0.2587269940305019 2.130894563610114 0.5511960671623264 0.7448856658985353
He Ba 0.5430996666944997 0.5879054607358087 0.07451271327722832 0.2312963043269841 0.3526703048540808 2.217124903821433
Fe Yb 0.24124980948918778 2.2440857457734964 0.5504752926014147 0.7564918297257425 0.1792020025091054 0.3054104552349955
Sc Au 0.2050334764872452 0.31172695245979504 0.5703047312523993 0.8353275955533612 0.198276679737435 2.576323362519381
Te Bi 0.23600762664070926 2.2141953930096907 0.555140307016111 0.786436269867795 0.1755556430604246 0.303344226680363
Ni In 0.24483674952404502 2.11412376155339 0.2215640234780223 0.3234431388034133 0.5052276557205337 0.7661404071625056
Fe Gd 0.1871747042258416 0.30570391079801296 0.26472977424907174 2.103766129191099 0.5180437914977822 0.7315347042496959
C O 0.0471096651109005 0.1796201898467783 0.2640672194572727 2.167556164910184 0.6886308722544962 0.5551772926004273
Ge Y 0.181494080405474 0.3041939352083477 0.21374310169312066 2.334953048370576 0.582399162584071 0.7569439906113474
He Tl 0.1606855846165622 6.9467029832565235 0.3162190067568716 0.37343403175520534 0.5708259455180872 1.2454784122078142
Sc Rh 0.2871824286066213 0.33854686015413515 0.5457065362288804 0.933424228819104 0.14581522552256804 2.7919268038022538
Sc Sb 0.20585721493985165 2.3411866153508276 0.24159927168360693 0.32186850136131295 0.5277688406694662 0.8357466664322724
W Pt 0.26103747594056576 2.1175502094327885 0.5627038054721226 0.7314335605030471 0.14335837263090734 0.29030338834639013
Ni Re 0.2237658489871386 2.34799461319924 0.55572096113603 0.7907660088602011 0.19205831993637335 0.3123839740916773
Fe Ce 0.19527902991268042 0.30828966195034 0.28710416622502877 1.942192130150797 0.48408004319772374 0.7133752125155184
Ar Cu 0.5544520665804712 0.7146932562300824 0.2407693341727124 2.131775296319689 0.18241273328133656 0.3014675868419354
Sn Sb 0.20905448674142638 2.3075028230959886 0.2199576523863495 0.3213645587531258 0.5430970923936657 0.830121161819741
N Hf 0.5725202137166311 0.8241011545418012 0.18346095587341618 0.29939352393690294 0.2113949982068313 2.527706355462569
La Ce 0.5103331071747569 0.7479689099134184 0.2717592584637366 2.00413150141616 0.18385328916918997 0.29774629995101526
Pr Re 0.2570191421873911 2.1736333449858565 0.5540906518648626 0.748223863070433 0.15878975322282024 0.2952881567974597
Na K 0.26856605684764395 1.9158782257580176 0.15480864830493118 0.2861351982508823 0.5535276905314089 0.6511224210686969
Os Pb 0.2559925248273482 2.138852753681892 0.14691222400478324 0.29545956997743816 0.5616024259981909 0.7475065739684742
N Dy 0.26058487730709773 2.1925568966819604 0.5294579747856564 0.7427033639876897 0.1728185352691345 0.2937574908318697
V Bi 0.5710306517684206 0.8485779397490867 0.2060844627370216 0.31094719863350057 0.19529963278113105 2.584752007672894
F Eu 0.21127419708323508 0.32201256421662194 0.25757793751346436 2.1978814921603878 0.49785976416872857 0.7552966259442466
S Sr 0.6059770435321293 0.8406199899071506 0.15963463705741168 2.8551127110533563 0.2193761575753462 0.31146833466427637
Na Ga 0.542756353746014 0.8308409989598112 0.27788191973516213 0.3600160158936937 0.1707574408122524 2.8849559776031306
La Gd 0.16334030159478258 0.2909407111977155 0.5191657347948883 0.7209498061647766 0.2825390385912277 1.987322296671478
La Yb 0.5390487247383207 0.7018479482221908 0.13884774660007704 0.2831190729572099 0.2859817520892512 1.9827829635504715
Na Mn 0.2150953884918046 0.32423732807783656 0.539670693567825 0.7134132027999903 0.2271815333906761 2.2618417529354757
F Ir 0.5438736824014875 0.908169756037812 0.18400397386563697 2.686542430421539 0.24204955141300627 0.33308993523041586
Sn Au 0.23372371209613077 2.250757510894495 0.5572720755415098 0.7835068428441908 0.17819987073188787 0.30578030595549205
Sn U 0.5513929574628843 0.8068637725452467 0.23114951491020433 2.251812723720096 0.18526800249339637 0.30597720629250985
Pt Pt 0.15120457102207085 0.29398997310054853 0.5679947789125869 0.7495393375554549 0.2493158950275988 2.1667316537381947
Cr Re 0.21546273062465557 2.444399323811193 0.1908076138426088 0.3057985869081665 0.5672136094137178 0.8036352146012576
V Er 0.24947473651689056 2.214535586645422 0.16857839834163815 0.2939503726774051 0.5527754528874654 0.7409415381731913
V Zr 0.16648409263248065 2.576595827419659 0.2617543086254007 0.32897430959564045 0.5490424974445753 0.8784955079417002
Cr In 0.24090228727556784 0.3243642363925314 0.2265581295749324 2.1385775616267706 0.5026790734141318 0.8032297390110742
V Xe 0.23649268270860854 0.32150556349439935 0.4877788158684447 0.7932329851806209 0.24474568069496117 2.0822335059471024
Lu W 0.5523668103123551 0.7073251928640807 0.13414394052306153 0.28835759868022304 0.2759146828657457 2.0257629649485653
In Gd 0.528813542735284 0.761327876506925 0.2526971115366249 2.1326121573598336 0.1874610027278385 0.30668622231429055
Ag In 0.23361941878721873 0.3241699587707844 0.1886359794051749 2.4801537711732204 0.5537183972611994 0.8548480352394149
P Tm 0.13339254420445606 0.27780930370760176 0.5894688718330083 0.715863973613636 0.24722412060068855 2.2878456459193486
Li S 0.13143962556964423 0.29415848192287425 0.3898430901304087 0.5275756336300195 0.4397366503536735 1.331067925340695
Mg Nd 0.5268388063356702 0.7107738254523087 0.266888150529684 2.1627765966275687 0.1750441423097606 0.30204590788033037
Zr Zr 0.2016473690363345 0.3065276543824543 0.5939308808298127 0.8170413322720724 0.18499460435706852 2.57975255256058
Zr Xe 0.2435855214470939 2.1728839941130835 0.1861324220392341 0.30063586110119983 0.5424718861674531 0.763595543489485
Mg W 0.5490050617026503 0.8137314972106829 0.2093564936973126 2.44517303929244 0.2092213762674789 0.3238029787615877
In Yb 0.24471665298521175 2.207487942200368 0.5527848114980429 0.7596499863822715 0.17254405031822168 0.30481284219773913
Be V 0.00266027666660671 2.997906092421312e-13 0.5647443972011501 0.4553773386841918 0.4066832024190051 1.6317357514325708
P Cs 0.1977777999054586 0.3038388365359185 0.5235169157310829 0.753928942614968 0.25372633071478473 2.2285707928917087
In Ce 0.5218363617628257 0.7766680781681002 0.24683324128877868 2.12682866694792 0.2004833057800516 0.30977630193417216
Ag Re 0.16916254233681052 0.2997363244026443 0.5675430828119983 0.7720388146578564 0.23295578258769226 2.2610341355636114
As U 0.25887489506431016 2.1784446415287464 0.16447749272415393 0.29879790730108124 0.5438056663169794 0.7534526105444634
Mg Cd 0.4913566786238712 0.805001519948147 0.253268363695177 0.33878872873918225 0.23116462369580956 2.2723808125587808
Zr Er 0.251700389406333 2.182272545875365 0.14741227357590653 0.28743624343914786 0.5713321699279156 0.7264224768041904
Er Pb 0.5424591188602657 0.730903345494527 0.27096847211899605 2.0475138970609175 0.14881301507943742 0.2969688173209606
Be Rb 0.6088536563275516 0.929479080392689 0.15820022282441493 4.637209606457902 0.25537886426797907 0.33116531531346155
P Nb 0.2576057846594567 0.3293486983225585 0.5885750740267194 0.9039646227420308 0.14287108337788776 3.143812684404589
Se Gd 0.5506838716222394 0.7179735910843726 0.157476122095352 0.29541413772202 0.2612675196619406 2.1101013149278107
Er Tm 0.14697555066405188 0.2976380652778995 0.2803602566894449 1.9919782942269257 0.5345880058629756 0.710220292361056
Cu Br 0.5585091516947654 0.7748359858461075 0.2100175648171671 2.3411749624669675 0.21004306000192866 0.32389202139850387
Zr Bi 0.5720817434494958 0.7621846622237249 0.2384345934963632 2.2306738803446446 0.15795506225969552 0.29218781969406377
As Au 0.1701853827809975 0.30571337046525543 0.5686907682712884 0.7655434804904945 0.23453682025352549 2.3246348668079433
Se Yb 0.15679118891078322 0.3025436731578837 0.5614334662833765 0.7292202892042121 0.25120241765411266 2.1684107274171684
Dy Pt 0.2732077909015413 2.0444699293477 0.5468413655422603 0.7192797560318305 0.14477856583476267 0.2907243738872356
Se Ce 0.2615905500745311 2.10530342664599 0.16317023588840981 0.2942116028187327 0.5458897696076823 0.7220299978747975
As Sb 0.26137179149320755 2.055535573462044 0.52894520695384 0.7318233710461647 0.17973680169948292 0.3083322822596645
Co Zn 0.24039677780922478 2.129390062530713 0.5423863053728099 0.7133311244033789 0.19320583855518117 0.31374860686677886
As Rh 0.22059202457907964 2.2630764028235024 0.566022329094741 0.7700826914624022 0.1877907836675634 0.3060495204725895
P Pb 0.221410753245974 2.3940051332447863 0.5655767276706151 0.8008892515751853 0.18151612124675406 0.30510017254273986
Ca Y 0.5804866531960522 0.8885778277089429 0.14867998842709082 2.8816968259387123 0.25368791037730004 0.32234533883716
As Ru 0.17814185782914263 0.30087967013579475 0.22415313715462537 2.251958911062113 0.5722514568892105 0.7584570219423833
Co Ga 0.19083998052705378 0.3128775456036804 0.5463558690074928 0.7160557568222924 0.23854286339861103 2.1341975011232335
Ca Sr 0.5863002122052338 0.8870026091417315 0.14985512620968627 3.0212415405851885 0.2516044595566783 0.322195209883303
P Bi 0.17794149233999015 0.3016986940269081 0.562622352722484 0.7939696966553115 0.22875822056627249 2.373598207823962
Se Pr 0.15722850666706223 0.29192264626513587 0.26883336990169027 2.0456411097216094 0.5420583608032625 0.7103904379877314
Dy Au 0.26844565187461206 2.0952592628135975 0.5472452110162255 0.7315915280080343 0.15081092544431574 0.2950923063577915
As Sn 0.5312551496997059 0.7510389255455447 0.24932698801563555 2.1166588424804287 0.19105005997531935 0.31429980397654544
As Pt 0.1599921051971787 0.299028460748901 0.5701305733865258 0.7468979307514234 0.24267160235111107 2.2483135522103823
Se Lu 0.2473108408349815 2.2041459680469355 0.15693841292487912 0.30175901367930513 0.5661155056914483 0.7340275767589115
Er Er 0.1547948064971881 0.3008657924124887 0.2714917626959065 2.0658192258714756 0.5395487690966339 0.7247985840414225
Se Tb 0.5527003849808148 0.7182122561335992 0.26042243351178257 2.1258383865633848 0.15689826036385893 0.2974529411159294
Cu Se 0.5543053224411714 0.7531710761864212 0.2202190499142216 2.236386370892066 0.20108765086584998 0.32179643990580603
Zr Pb 0.2350805524450295 2.2433915198539376 0.15938434969264542 0.2938830458910363 0.5739759844039575 0.7645899980486259
Zr Tm 0.14199956271641878 0.2851964390255738 0.5718726803498317 0.7195674886400676 0.2554110039779458 2.1509988362396375
Mg In 0.49146800975742755 0.8134975079718159 0.2578753325620377 0.3415419477455846 0.2293776771969845 2.3382789991920014
P Zr 0.14822598758553135 3.1214661325874484 0.5961114678875719 0.8854954938580092 0.24559051502655574 0.3243804587765618
Be Kr 0.16587272968393485 4.434265329253775 0.21950471498425647 0.3142982529392838 0.636281381894318 0.8908103325148187
Ag Nd 0.2388549317567926 2.194802552358578 0.20449377378264047 0.3127980350126327 0.5273880831819135 0.7866288306299649
Er Bi 0.5460836388962887 0.7334296560913792 0.2686715296683262 2.073006272519524 0.14843770541011814 0.29614040124935864
Ag W 0.23285007367446273 2.261452963647683 0.5637821578911066 0.7716558154944136 0.17332817664805947 0.3010252583403869
In Pr 0.1966968712946598 0.30870405405849993 0.5212284757383964 0.7694591635261954 0.25107221321365364 2.114209069462824
P Xe 0.2676076977612195 2.120623218605101 0.18709604492928866 0.30042358737217273 0.5172296413529268 0.7311534970047792
Be Ti 0.4283737631852555 1.5534484251737084 0.5423648874853901 0.43960999298707437 0.0014432051118657388 1.3302222763635976e-13
Mg Re 0.2213148930714552 0.33164232286440015 0.5460456636096379 0.8414255353423455 0.2022041588933557 2.5233240701233353
Zr Cs 0.23316861603664416 2.2369195468867584 0.5470722088251415 0.7777433431744444 0.1924720563395081 0.3028393559409432
In Lu 0.5559157932956665 0.7632160621415145 0.17236422559639777 0.3040951403984354 0.24195492995670542 2.223168825366115
Dy U 0.5391994914610162 0.7488659789950395 0.15694758600402461 0.295161144829334 0.26758301955581865 2.090161686247266
P Er 0.2532789773620859 2.2178141452755065 0.5802435151568642 0.7082417377287881 0.1339030751013783 0.2773567098693141
Ag Cd 0.22693753686663376 0.3210101066471254 0.5447085817814988 0.8341133154463609 0.2013987828964951 2.336535216283675
In Tb 0.2534397369837271 2.130379523100005 0.5318730312719872 0.7570073388100292 0.1833843975761893 0.3064679398784918
Zr Nb 0.5917302134314727 0.8270398822732427 0.20798804911287677 0.3090614876064383 0.17953796413980333 2.594220238390394
Li Cl 0.12585534445363397 0.314397759694366 0.3618921544392929 0.48151398953665175 0.474857321397707 1.3254422878544254
Lu Re 0.1387491210570885 0.29254650591088804 0.5536258993634738 0.7180466960138175 0.271195927789291 2.0576637127699238
V Cs 0.48534478449328805 0.7934940499800855 0.23853617133607935 0.32217278963735674 0.24577381770137377 2.0991010584182495
V Nb 0.16110218785768382 2.624359802122004 0.5461784045522111 0.8928588993459667 0.2703771984961202 0.33200324676060283
Cr Cd 0.49949779085755874 0.7985438009658203 0.22885222992590604 2.113879767383957 0.24093981786004134 0.32415729705771457
Cr Nd 0.20090258593154164 0.3084763467666095 0.4940028961042243 0.7334301744462851 0.2739926633537633 2.0298577873517223
V Tm 0.5614739256047044 0.7461604068485533 0.2444858620940722 2.264591896475991 0.16633499568223775 0.2932485240556896
Cr W 0.22261401392860375 2.393140516340955 0.18966901342762357 0.304441489205544 0.561151880378128 0.7895469833377251
Pt Au 0.561371878524882 0.7391355927928208 0.25671010148038786 2.0965946395203727 0.14560441732207544 0.2912665459549226
La Lu 0.14095052812632317 0.2836253727945793 0.2802025177223422 2.018539394856082 0.5437724416713109 0.7092451406510774
Pt U 0.2620818561425182 2.0945812702091406 0.5536858261210578 0.7463198053524254 0.14705216611657654 0.28975606037758944
Na Cr 0.18871652510241008 0.30775437688549867 0.23961347323031656 2.179350723659697 0.5528303661055657 0.6873974758220307
Sn Pt 0.5593473024372608 0.7813868673176755 0.23335167505213053 2.253939110610167 0.17803609497922881 0.30485642365456633
F Os 0.5494994485342417 0.912262384075709 0.17986496710357117 2.7526148398075487 0.24197195287853537 0.3332012358955266
S Y 0.23473027125207757 0.31778517932499517 0.14837432425211367 3.02348016074411 0.6034382583705256 0.8693622783294116
F Sm 0.2752676115740361 2.091327194256258 0.19118419418263338 0.31112648893350253 0.49733138196473203 0.7204048636560505
V Pb 0.5759591371571576 0.8508151781733491 0.19416212077446054 2.6703261153983666 0.20625730674193696 0.31154467006669656
Na Zn 0.26821391552830043 0.3566081273962059 0.5379627295844478 0.8038504148027048 0.1814181777093711 2.6946653886893728
La Tb 0.5208484779952725 0.7087567223180905 0.1547833011241379 0.28845900900722665 0.288857332776323 1.9645680892581499
Pr Nd 0.17576948416730478 0.29819309889696616 0.5155004262071244 0.736375879387396 0.27481427328235297 2.014873177914993
Os Bi 0.14864295043040252 0.2956319918969371 0.5658997045466129 0.7542754393615044 0.2526638775362257 2.1877912818325362
Na Ar 0.15704278183783996 0.2869175928569574 0.5550522335308974 0.6618742623154962 0.26528987145540484 1.9231183357384989
N Ho 0.542473159941509 0.7641492666194677 0.24468035699861007 2.278752595143805 0.17567753148437887 0.29553846611276874
N Ta 0.20152224108847286 2.6438416042546358 0.573373932411394 0.8451515495756328 0.1947279250422889 0.3046899602802279
Sn Sn 0.2312696391510393 0.3262201010470608 0.5487658391919352 0.8557986627490445 0.1937012142069925 2.4123128768033397
Ar Ni 0.5353357820152242 0.7300125844293396 0.20442831981964812 0.312276139614126 0.23912319225196402 2.1439987042408584
Pr W 0.15046656691246746 0.2894239895093306 0.27205025150039025 2.05001728281853 0.5424697851352613 0.7231676702811399
La Pr 0.2681887153936414 2.025624089594222 0.5141377269666781 0.7502942431918564 0.18376989350726528 0.2985566269029464
Sc Sn 0.5195442537025107 0.8065443213877764 0.2218494283226477 2.1998323014302437 0.23058352369212948 0.31843794534890096
Fe Pr 0.18857382574212858 0.30557246616801975 0.4914777258148962 0.7082529867349074 0.28673205833284604 1.9566333902259614
Ni W 0.22716562955464553 2.364044712321306 0.18910037178825972 0.3101268236261909 0.557354305524758 0.7795700823651448
W Au 0.26083898348446205 2.124477285964713 0.14448104394430916 0.2915673885921646 0.5609810890527087 0.7349534750419521
He Hg 0.5730687370109169 1.2257736352808009 0.30950036836467054 0.36984048375938083 0.15441850974059299 6.513026480076529
Ge Sr 0.18190486230908579 0.3057205786779968 0.2120808111291794 2.34870095021019 0.5839131837078196 0.7564134218668985
Ni Nd 0.5117439676296601 0.7215863803970943 0.2706278742143562 2.0521470112863014 0.18683050816161773 0.3081276780566541
Sc Ru 0.28493585735921767 0.3376810037552368 0.14451231503359574 2.7444904621915995 0.5476441236120029 0.930924454259082
Te Pb 0.5602641001442562 0.795647728976666 0.1798488865465816 0.3063775273877808 0.228978165702363 2.2857098561374807
C F 0.20544498282922033 2.499652578367833 0.13215457980951914 0.26085848003375317 0.6615717685160376 0.6618324345297546
Fe Tb 0.18523730914784342 0.3057518620203352 0.256288137497559 2.162075025774015 0.5296837949049186 0.7389979557226094
Ni Cd 0.5049841234080501 0.7550326639255641 0.24995583839867572 2.0744399892935363 0.2154587550846366 0.31989736721074225
Fe Lu 0.18094960996938395 0.30549467825837295 0.23655386170028303 2.2818695186840054 0.5542905070058999 0.7642938925836311
Sc Pt 0.1975002154426867 2.5912232729058378 0.5707132246845716 0.8354386253694743 0.2077662513532115 0.31265451861622534
Si Ni 0.2113403257370849 2.4000594268469353 0.568552411005672 0.7458336793778256 0.20451539526897444 0.3200197078175447
He La 0.3325938650383692 2.3143682495549314 0.09665740748756509 0.24775747763830372 0.5418557057941507 0.6214643003606924
Al Sc 0.15125918645824982 2.579121798440396 0.5060313472970798 0.911370925063501 0.3250670824672944 0.3546000742069058
Cs W 0.15763030162863026 0.29325282881023224 0.5449678060299334 0.736389923089434 0.2639933304488663 2.0957891309832433
Cs Nd 0.1871383830441218 0.3028061651052345 0.5151962767357788 0.756412417585683 0.26393185844764583 2.0397598520102553
Al Br 0.6133678468560803 0.77335440324076 0.1860334912661388 2.6382040210260946 0.18548759657909428 0.3059077015160538
Te Tm 0.5398219956028207 0.7335467924802702 0.26583531171730035 2.084646423818861 0.16142274301896806 0.2990718912558726
B Sm 0.29550755249028854 2.1514017494531847 0.14715523677069442 0.27846208758012236 0.5220367562184697 0.687635772251664
Si Si 0.1594824444366971 2.571049777418935 0.64005559608614 0.7676961871241642 0.18530620541780046 0.29632090421559615
W U 0.142695589048407 0.28781363192281834 0.27033139356893926 2.0736213099222374 0.5494401520720732 0.7350312180379405
B Os 0.19804012708152585 2.9565135043756303 0.5973404102428956 0.8571295486240136 0.18046546737604202 0.29713210168481213
Te Cs 0.5216191704575461 0.7766990072410633 0.19700930450233423 0.30716248647931615 0.24914496747875303 2.084925715683151
Gd Er 0.27772798992204895 2.029334672734583 0.15254768288748713 0.2949932449171891 0.5348942713817856 0.717295649611124
Sr Tb 0.25019390811174164 2.187691956574732 0.16158696363271519 0.29473378878721573 0.5595168816085357 0.7339040176937102
Kr Cd 0.20662851511036967 2.3487764210145388 0.21174453419262693 0.31853966402291195 0.5564828119024235 0.8091611300187964
Ga Nb 0.21427858014957368 2.3180980490311467 0.19195842111484962 0.3076534178197528 0.570418085508375 0.7666452651790848
Mn Se 0.23221916226472525 0.32681330519129775 0.5582371500309441 0.8148784092429056 0.1910034141843796 2.498811218948221
Eu Re 0.5408283403296187 0.7157948196675675 0.27764029396588263 2.017135231701893 0.14447192740394132 0.29067907108333907
Ga Cs 0.15896567556006047 0.2936286166129946 0.524618479590088 0.6900828447328317 0.2845527296589591 1.9757530344392693
Cl U 0.5987071423293807 0.6904390516330008 0.14898170532482846 0.24065405655911773 0.22329025836823913 2.276250993305181
Sr Lu 0.14139209696977206 0.2871393791684327 0.5753622100792682 0.7203393852593654 0.25246763346087153 2.164576732589048
Ti Cu 0.17123052636554784 0.29617460199923573 0.5443985345255592 0.6829740166330275 0.26051932338381273 2.0372607079584446
Sr Pr 0.5460739343659111 0.7387777127670516 0.2533374955784429 2.146446367031815 0.17166887287237903 0.29431904685584814
Kr W 0.5815374466769744 0.735928062049027 0.24219196977007798 2.2490859068467848 0.14780102383460517 0.2905665827956989
Ga Tm 0.5440666818874255 0.750031504264244 0.24397791249971715 2.218563802635384 0.18304036327793835 0.3156454081662511
K Bi 0.19254942374447184 2.6703143864620142 0.5825732266091426 0.8483083053560465 0.1995829194474308 0.30767850592864493
Kr Nd 0.26048151611337117 2.095970410428916 0.544491707637476 0.7262365908233753 0.16428403182146392 0.29558456938294103
K Er 0.16954370437653862 0.29415319058084377 0.5725101766869273 0.7592192312546086 0.23241711308489582 2.3888518506745395
Cl Rh 0.14062866757780307 2.926303031589249 0.2847237065190074 0.34157344816245955 0.5559975466248315 0.9390682790336329
C As 0.6305555687610432 0.8668462465548642 0.21229544072174888 0.3046224676490572 0.16035466299143775 3.476855587536237
Rh Tb 0.24657025229677282 2.1822109789679973 0.1769875497536594 0.30092648042135184 0.546413901247189 0.7562174825955794
Ga Pb 0.5482853670248461 0.8163277826591849 0.20639510235327083 0.3242082678611172 0.21751377786646783 2.4049292938331788
Ne Ce 0.5088945167638997 0.6856109596682568 0.2878021878917869 2.062928128210744 0.169669541218713 0.3029985992515076
Mo Pt 0.21845330627656048 2.363786805617867 0.17367418271210275 0.2998104159721444 0.5812364295680602 0.7848649619840098
Rh Lu 0.15366683245617507 0.29026550604000695 0.24578480210018602 2.201918378535075 0.5702931759400197 0.7431574906985859
Cl Sb 0.20850893423559896 0.31082652640992037 0.5136141705339927 0.7675636239512645 0.24913966617102487 2.104756520262396
C Co 0.29036437599078796 1.9983514548991783 0.10753094842510035 0.25370908846988516 0.5823013409146758 0.6091527173285517
Rh Pr 0.20210422452679702 0.3095562762208314 0.23595007248837882 2.227824564169738 0.5342795507842558 0.7870026693458553
O Ti 0.5917749715725183 0.5025606922996949 0.3533976698295309 1.6986800213656599 0.028302404873767062 0.14766039021969804
K Xe 0.5023463550069307 0.7771674367801046 0.22017892788604193 0.3125091629292452 0.24887023222542243 2.1268604519292333
Cl Au 0.20886055471026843 2.487515351778316 0.1853453507120146 0.30403666378640454 0.5767730963412337 0.8072652996545684
Ne Yb 0.5176989102958025 0.8792027941105793 0.19223360493131683 2.5315217905018286 0.25741917336383097 0.350656762989011
Mo Sn 0.21030759764126486 0.313122061783067 0.20413291725640853 2.3915744284091334 0.5612262374717463 0.8196378256978109
Mo Ru 0.5801995795057793 0.861488066629241 0.17027766617256618 2.6578064998206323 0.2285770122926287 0.31944992631331737
Ne Gd 0.2533579415985439 2.203569110712771 0.20849990090782103 0.3242159186750268 0.5043894572636414 0.7550568548421115
H Mg 0.3137838511769386 0.381680752270532 0.0371788659790598 0.38168463773340483 0.603226011305823 1.109883760745398
O Kr 0.5640304476719603 0.9933015650330774 0.13301492717341665 3.8281830310144453 0.30703169200520775 0.3545051727962604
K Zr 0.5854362436093122 0.9216658423489631 0.1367100336670234 3.2563169125466005 0.26713068081913294 0.3296539073366789
Gd Bi 0.1556682489592693 0.2955859449768929 0.26506079141233113 2.1097446370091744 0.5450289155160395 0.7440675277957471
Mo Te 0.21659161182564524 2.310748365080106 0.5512428921904253 0.8058059602137346 0.20643824550402312 0.31078559853718546
Ne Hf 0.24709407555296925 0.34413241226845315 0.19471823463522334 2.5035801262194535 0.524922616403869 0.8768964050831713
K Ba 0.501408974220766 0.7688101266170019 0.21609013524753493 0.30796763487407464 0.25356385043388086 2.1277680784055653
O Ca 0.37774447675503053 1.6201242616047018 0.009544008455212735 0.06162855693961298 0.5852282627473634 0.4758372482630447
Gd Tl 0.25743839413551484 2.163164692765678 0.5476829011658834 0.7562565308081243 0.1632653885177496 0.30052272064464186
C K 0.0017756094095337104 1.9686323688236334e-18 0.527402040139785 0.42904442589092606 0.43877923872328783 1.4424227335399726
K Mo 0.5675613063945069 0.9360466962579772 0.2807587339678791 0.33645773696584824 0.13503740462148336 3.0328605711151004
O Se 0.2901460826005481 0.35023167360482965 0.14011262951802897 3.511097161203179 0.5691436298189424 0.9472230563712433
H Ne 0.23673659232915037 0.3243056283586656 0.6812719932251092 0.8726105429989535 0.3370306441541222 12.7494344226543
Ne Dy 0.2249301451105637 2.3426511183103353 0.23411914046780516 0.3375468140617777 0.5076116991886983 0.8101174666769174
Mo Pd 0.5714028618564239 0.8492989436978742 0.22504655388041025 0.31826042467399723 0.1810658953817522 2.5453469856195716
Ga Hg 0.5460486729854617 0.793632417337667 0.2281962079964459 2.3087198591359166 0.19579424543567342 0.31960980041332326
H Sr 0.5567219440634468 1.2913753245385124 0.3629187672290914 0.3874215062984611 0.22179992187080663 10.269723846018703
Rh Ho 0.5561278561279535 0.7451660815232954 0.16394701699148542 0.2950719763436551 0.25012837131123294 2.184437457696244
C Ga 0.18745104488384462 0.2931858775491286 0.617344749954399 0.786215750364131 0.1882656048383832 2.8188673672024636
Cl Ag 0.2803513418479547 0.34145221992641744 0.1560826494747564 2.7420706374458557 0.5432622531877996 0.9197198614762935
C Mn 0.02378406491457411 0.14059492207311164 0.588258117836928 0.49977520876459836 0.3625643843989968 1.7137159633474655
Cl I 0.5064771302091369 0.7541808466032038 0.20429947491450073 0.30746053399351914 0.259803240732891 2.0787261973836886
Rh Ta 0.16317022143871143 0.2949817029251973 0.5788174174807127 0.7674056345564824 0.23039521630106294 2.316368043498103
Be F 0.12039610094375093 4.9439786412514275 0.3466688859147493 0.37669516084693977 0.55803998740376 0.931955812473905
Kr Os 0.24071009963873574 2.2472221360228315 0.5776660510661528 0.7462107552514896 0.15212378856773642 0.2945890342290512
Kr Sm 0.25140353246800234 2.169682556139077 0.5522563687498929 0.7375312380412012 0.16777016954019705 0.29895250879125423
K Tl 0.19244097371707447 2.6592676344890056 0.5830756408137348 0.8418906054390357 0.198493127566095 0.30921827871849944
Eu Eu 0.5244863838921674 0.7204217184086218 0.16147340924546716 0.2958536574049776 0.27971367626581733 2.012906870528387
Mn Kr 0.18300523909595937 2.5279651542640376 0.5553643003190014 0.8373763123155934 0.24170397098943852 0.3287621943905475
Sr Ho 0.1502684634458807 0.2910883999689404 0.2554753986278342 2.160467560126644 0.5642408600415344 0.7219338204338327
Sr Ta 0.1515391937581763 0.292858856183791 0.24147178824407686 2.2235025313707673 0.5768330312409472 0.7399963820526803
Ga La 0.5257116028506594 0.689970428620956 0.15757398078594548 0.29105956602389427 0.2840753957297982 1.9742784919749659
Eu Ir 0.2654612663500558 2.1090802897971312 0.545639583673941 0.7382575054741869 0.15588970618999745 0.29732751634355287
He Tm 0.25454888558064587 0.34980251842079535 0.1804528687913647 3.6469796182231344 0.5507789477021713 0.974896936072937
Si S 0.6058536109037012 0.8608679690829738 0.1289460647237552 2.898409509676923 0.2512025651753197 0.3246650376846396
B Nd 0.30915780094727574 2.0820501589633538 0.15741370074031108 0.2861314599855471 0.4973475621167859 0.6760165445239444
Te La 0.24597801721337503 2.1304751177349655 0.19764417529713596 0.3055923804564578 0.5257605850863095 0.7814158070406317
B W 0.17973020847893478 0.29575412268781065 0.20746169258044542 2.8507812760980156 0.588538950792961 0.8338964490302686
Cs Os 0.2566694455266653 2.1223570919621024 0.5481503726104175 0.7505614440353964 0.16124698072736646 0.2969590616818846
Al V 0.28303359237535725 0.342976420090007 0.506308613361732 0.8186977080087303 0.19305587958942233 2.376156884008704
He Cs 0.5502554437619122 0.5670553632102754 0.05522322852003788 0.20448485444101472 0.3641169537099792 2.160128438297766
B Cd 0.5356694768495539 1.1614042704461571 0.12309989443433164 5.922558484264833 0.36552729715090315 0.3749444575903425
Al Rb 0.2322663663367625 0.3244529978198339 0.5994363256540371 0.8446610668309984 0.1610756754800004 3.0596160780754076
Cs Sm 0.27722631182960195 2.0018600372342017 0.516925523904886 0.7311033398103337 0.1717203851394966 0.2969394032791699
He Nb 0.3597130042777241 0.3779234056133104 0.17672717897821538 8.595600945078166 0.5546954773559282 1.218246191793662
Fe Ho 0.5420451216307828 0.7579333464128615 0.18737373363987528 0.3076802322434973 0.24213623437196086 2.2492588255786075
Te Hg 0.2355339840186694 2.2399863051520192 0.17798539342066053 0.30694915066340295 0.5548299412638288 0.7860621910454945
Fe Ta 0.5597720192988952 0.783205185368512 0.18665334384386972 0.3067958624712264 0.2256459128574286 2.35131232820447
Ni Os 0.22329399278146714 2.36584735275081 0.19622244994100074 0.3148291443853883 0.5529391336955949 0.7979229679832255
Sc Te 0.5090216061755554 0.7934554001483071 0.23491973919615305 2.13054103048317 0.22635654573506134 0.3145032883033529
Sc Pd 0.5359306811094912 0.9182850891051166 0.2842366007225735 0.3392256281254207 0.15768629866014833 2.6518929796375543
Ni Sm 0.2670983037045915 2.075600195201397 0.5186536424656222 0.7234992438187393 0.18365477074340664 0.3074004367942927
He Pb 0.570478706756844 1.2635333558749398 0.31995812467758356 0.37543527015682543 0.17242603195004033 7.402260906915905
F Cd 0.4780070959754335 0.7358707350782536 0.22252720453817149 0.3234478619392103 0.2704030528664172 2.0973171499779046
N Tb 0.2660209388519309 2.17596899917636 0.17516390992937028 0.2947558221167438 0.5223499040086226 0.7357914070364661
Os Tl 0.2580876394665641 2.105076090858581 0.1454037780066456 0.2945797610026346 0.5590288328191628 0.7428419105450182
Pr Sm 0.16427620889202546 0.2940116318185153 0.28754910544843615 1.9579107184732107 0.5125264187718543 0.715862586508982
Pr Os 0.26114735535642425 2.1128394910952975 0.15866029253214115 0.2959564182539836 0.5467798175600653 0.7447895540601345
Sn Te 0.21602746056720049 0.3189973960364228 0.21762232745095533 2.2455663461632507 0.5372495482574233 0.8191418459189844
N Lu 0.21222546124937294 2.5928990223326025 0.18230295244432368 0.29864615038190323 0.5764144434794097 0.8181272560394265
F W 0.1985809403958296 2.6015677262864543 0.5473120438789324 0.8594449320787465 0.2250737558767292 0.32485813983409456
N Pr 0.18426712989622804 0.2990372607775235 0.46809403626319984 0.6873310468250433 0.3079466482658512 1.9592732150217669
Na Fe 0.540156918230825 0.7343941010025495 0.21377713777081186 2.358468681957048 0.22896846527324174 0.3319106848523039
La Ta 0.1480547728408718 0.2877495775846608 0.2704317464257251 2.065844321332189 0.5472292913825534 0.7250032287755588
La Ho 0.14960695603046176 0.28759877673883744 0.5303651090857433 0.7098441578755134 0.28454373304942715 1.9908278496477245
Na Ge 0.5462143083927589 0.8421042438556201 0.2777431510333139 0.35931519185391725 0.16791926169603272 2.9207640163817246
V Hg 0.2011393152618281 0.31006919196468163 0.1999402728999414 2.5664084374608387 0.5724013575911142 0.8357432004427989
F Nd 0.28961687650815354 2.0200963874851543 0.18255831953414714 0.3065949525756465 0.49020805965775444 0.6962503909840835
Cr Sm 0.2670575119526347 2.075099720141304 0.19213847123000016 0.30502674679364356 0.5099328902124532 0.7336719329440102
Cr Os 0.21325532265127042 2.467648335777314 0.5677633861879026 0.8104301879340439 0.19293320635348335 0.3066370924066296
V La 0.2659352188626257 2.011423141378158 0.47244127830538135 0.7662567439992986 0.22917888500095668 0.3168022958709439
Lu Ir 0.2679976494997123 2.0949369379078737 0.5579330320631903 0.7246288517077795 0.139717362419526 0.2920725310647101
In Ta 0.23519026107374386 2.2620619744951624 0.5615988955630855 0.7726123753992191 0.1737232716423646 0.3040011658451592
Zr La 0.23796785154576897 2.2152517987722122 0.19016846158109538 0.29984379290460716 0.5439807936761731 0.7722809287506011
Mg Ir 0.5464239726783444 0.8642861722104906 0.2295939857224451 0.33387268380211516 0.19470931263734026 2.594306350051651
Li P 0.21714623766290095 0.3210538120131629 0.44631689784724704 0.6967685286828953 0.2975107979415154 1.4911500362353172
Mg Eu 0.2436596555516144 2.2879960075159427 0.19391951077326583 0.31446358656343004 0.5316379875250661 0.7480929057409502
In Ho 0.5414300422285999 0.7636672336681716 0.24695008587173667 2.1881637110799024 0.18148965003744252 0.3073573234289334
Er Tl 0.5450217103697694 0.7326359185796436 0.14966455545562396 0.29753972011266083 0.268686696391386 2.069749807948904
Ag Sm 0.2519007014440326 2.1399194782108353 0.5291636875874453 0.7608530455040203 0.18867187340318384 0.306566952686948
Be Se 0.17906450506960053 0.28946656224310136 0.6633776639199134 0.8353336588819456 0.17289287316081006 4.031852679025607
P Mo 0.26402774833857906 0.3330033309821746 0.5811596013932755 0.9130519856249704 0.14293771624894783 3.1256914058496945
Li Cu 0.1320085098244035 0.2891355301053135 0.6436622333495845 0.6983638113655359 0.21915025717625886 2.89073125790175
Be Ca 0.0044159401107603325 1.4097986646233105 0.4608592577261162 1.409984258298041 0.502408004159956 0.418006920569379
P Ba 0.2664795738625887 2.1254525676573386 0.1857158648364901 0.2963715741751052 0.518853386054722 0.7311726342971862
Ag Os 0.1711649956212879 0.3006611982619879 0.5700490463474516 0.7790074677103686 0.2293418367978264 2.2922423750262784
Se Ta 0.13997595533881052 0.290684289526566 0.25980110274744983 2.136519671534136 0.5691009832171208 0.7132348299779637
Zr Hg 0.16681813494367664 0.29954060473549476 0.2262438920206346 2.3287472113823453 0.5783027764568986 0.7775495965469291
Cu Kr 0.21279708297896774 0.3235518555535884 0.2064819520875084 2.3735003002583634 0.559783386367683 0.7842976401048621
Se Ho 0.5578078048990659 0.7352975712505985 0.16389849313439264 0.3036975020416834 0.24904482281849022 2.197418902134125
P Tl 0.5648497270488113 0.8041165990399968 0.18479889993029175 0.3076331283525495 0.2190951424964023 2.4042396213525414
Co As 0.20872050433621586 0.32120062740503674 0.5553678778803623 0.7656288640920905 0.21412350697930635 2.2991544663541625
As Pd 0.22550384322665024 2.232889822003682 0.19142565409231663 0.3092650426589721 0.5569580054554089 0.7696511314792698
As Te 0.2681427250764624 2.034679887009484 0.16968172660495176 0.3020684563953863 0.5317051743377642 0.718175260637754
Co Co 0.2436270009073698 2.111360427628315 0.5187376235921821 0.7210704418619251 0.2145365373938659 0.32036056339085717
As I 0.5378927540379864 0.7189306408151671 0.16701636040118517 0.29936473243781586 0.265787517881113 2.064768904451067
P Hg 0.5650902664333247 0.8015752240325941 0.18395189622205538 0.30907337395236306 0.21736789784260555 2.3767801789427003
As Ag 0.20762330015351563 0.31797946597583865 0.2140463408949941 2.3070257948051136 0.553099190140055 0.7937268309232579
Co Ge 0.21320457130964304 2.3556443503329048 0.5534089498625783 0.7612875505768527 0.2141438292217564 0.3234659800282749
Zr Tl 0.5784899413589241 0.7802731487563431 0.2249154532292677 2.3357619057986723 0.1678123612118751 0.2989784140335067
Cu Rb 0.21822334270577212 0.3257967073648992 0.20618849335126446 2.3771539645587456 0.5543830821956521 0.7851236196953415
Se Dy 0.2546916413765307 2.1529289244174397 0.1603176967093013 0.30049580041341445 0.5549746012662504 0.7260504978285168
Se Hf 0.15711531223874958 0.301922711056017 0.5695256544209975 0.7391252897387226 0.2448791877103322 2.2355033894667438
Li Ni 0.23393504562636006 2.7126118721873316 0.6297262749368561 0.6793503667626076 0.12938914212878902 0.28762641734348743
Ag Ir 0.5724570345797358 0.7897454202185588 0.17618523102863734 0.3030019264335304 0.22280385967109456 2.3391897295088464
P La 0.1920790177035314 0.29860776853949467 0.5156618974987807 0.7391441886590815 0.26359809179393245 2.1485931947027823
Be Sc 0.5147004586634637 0.42198939531468604 7.226804176173522e-16 1.5564952975604323 0.4544661787098386 1.462947292880731
Be Br 0.1679329407473579 4.0167345857326175 0.19700682922717497 0.30114632569641403 0.6476479673448811 0.8555263929048494
Ag Eu 0.19045142892747816 0.3080858125506615 0.5303105869530719 0.7651883548834612 0.24879980841612287 2.154010059526422
Er Hg 0.15584757836520072 0.3011876663819808 0.2607418956891986 2.13348845857494 0.5497974239050578 0.7455260407335553
Zr Mo 0.5870037664950324 0.8273694697756038 0.18264558808179734 2.557459904575814 0.2092845454466646 0.31008799302482976
Mg Sm 0.2529841108562911 2.2318391636335604 0.5291041442777982 0.7334210487681134 0.1867045114764113 0.31010438097661625
Li Si 0.5801541776338641 1.0554198390749236 235272.3278876151 66.41244745140187 0.36455645398105724 0.3830992792580856
In Dy 0.18214714596142023 0.30670156261742404 0.2504123484137335 2.151396686715641 0.5363052049354969 0.7593799784980125
In Hf 0.24597710837162584 2.1857186426404986 0.16699220870003215 0.3013866906566652 0.5559612807349348 0.7571209334063815
Mg Os 0.5330324656825525 0.8273751918981281 0.21701003429945148 0.329775971846526 0.21500352672602718 2.3570457329137513
Zr Ba 0.24300707575063696 2.161949314752326 0.5415488812613268 0.7634187174654778 0.1860802670701775 0.2987718697199247
V Mo 0.2854891994072152 0.33825144470067814 0.14492349676258923 3.0088508778759357 0.5553287954138437 0.9347783630392265
Rb Rb 0.20791232622503114 2.3972404866242303 0.6005619642251722 0.7582798399535653 0.17022184990256192 0.29448677229782766
Lu Os 0.5576612727788799 0.7232728200455164 0.26873596268384276 2.0930234148410896 0.1393833581159539 0.2923825062612039
V Ba 0.23936423317616898 0.3217420818098401 0.2459103668966061 2.1077948028024354 0.48482824329719604 0.7949106939592647
Cr Ir 0.5697301280957343 0.8234894559943239 0.205600034369073 2.5337377889680854 0.19912495368242983 0.3094705453532018
Cr Eu 0.515799564928383 0.7321689151630424 0.2657527570690287 2.0998717015514448 0.1883365502356374 0.30388397476913365
La Dy 0.5320907953112806 0.7214377652802113 0.2768559136293413 2.030721345228784 0.15730293794296907 0.290672875965182
Na As 0.1542168668481426 3.1411203557390217 0.5474746990657691 0.8899762105147532 0.2927891327697354 0.36518080855932905
V Tl 0.1987626947270724 2.589855375296483 0.572252470854269 0.8401801361483402 0.2032622513843283 0.3104147456244862
N Ce 0.4577085683480016 0.6863133184664488 0.18998479466172216 0.30160650441133613 0.3119040480416511 1.9333673109677412
F Re 0.18401098858996626 2.6614925438499433 0.23807202464735092 0.33192593769741524 0.5469297391898915 0.8975882907872407
Na Co 0.20218049817009404 2.4739956577537523 0.5344148304543389 0.7614668274777227 0.24843588115551785 0.34246252641410596
La Hf 0.5448466800575026 0.7168963895124769 0.2759305096958275 2.0302234963062746 0.14389361442307752 0.28614414736652743
Pr Ir 0.15566416254338994 0.2941551717129951 0.5405400603310871 0.7360740375044169 0.26637470171629263 2.0497767504111537
N Yb 0.2238867081230855 2.4438010701398056 0.17262504125418088 0.2944175196234531 0.5701417041898096 0.7931294046854664
N Gd 0.5085863960852507 0.7357866711714535 0.1852083331203141 0.2989743221450217 0.2713043939188015 2.1698658768458916
F In 0.256039255407509 2.181269366267072 0.2432147928418061 0.33331743170077727 0.4737368359422462 0.770415370101268
Pr Eu 0.2824092622074851 1.994691615477013 0.5189606853236173 0.7201987882636662 0.16425137805044893 0.29433934108676957
Os Hg 0.14745968177864852 0.29593428055120513 0.5628372608379542 0.7483689583078632 0.2559647916858176 2.1516940983587927
Sc Ag 0.17362127783718556 2.479159651659125 0.27422640390493486 0.3356224091546876 0.5269029124883862 0.8886380121923124
He Bi 0.3272529063548665 0.3792656750642713 0.15488177957126945 7.17576302363488 0.5651856705875254 1.2857697434585151
Ni Eu 0.5160143171757893 0.7215655094583024 0.26911350793211536 2.064122439101508 0.18368019617882453 0.3088015839406878
Ni Ir 0.5581997990254101 0.8206302957489777 0.21058051167164188 2.4898488674454855 0.20639929148259245 0.31932874138898554
Ta Ta 0.5510136568998286 0.7044865352649148 0.27976124552914444 2.0023192347076306 0.13082998314064856 0.2874503114432631
Sc I 0.22759154364519876 2.2145175833400543 0.5100176313606003 0.8111494710007043 0.2356171583934906 0.3178937342297169
Fe Hf 0.22745662363169328 2.3506288385735403 0.18541928197669513 0.3071922209461824 0.5600970220810191 0.7807437842334056
Fe Dy 0.1812253615281522 0.3043477839242552 0.25654275760632267 2.1430256274498385 0.5318939053571313 0.7368724105775358
Te Tl 0.1809340004214409 0.3073793341892296 0.22864629518515325 2.287238865135813 0.5595587409528565 0.795403164329018
B In 0.3485140929998061 0.3677594057992911 0.5447011490606416 1.129422866690415 0.11484536565514207 5.193804344862299
He Zr 0.20538140651892947 8.609522293144831 0.3478942350015238 0.37512567735472657 0.5605262991051569 1.1815714869589367
Al Kr 0.1770666306036424 2.7581391771448676 0.20575647229018698 0.3156116736493541 0.6044782479317418 0.8039529514072848
Cs Eu 0.16353932871044127 0.29291093968077675 0.5185016999596409 0.7189764589366361 0.28346180686906136 1.983105929438786
He Xe 0.06456237766340901 0.21429441169009655 0.3559248901384434 2.1843395776993586 0.5495408899859712 0.5827621437545638
Cs Ir 0.16646932442387857 0.29957014541613664 0.25012080042593404 2.1739825010063063 0.5513582633803594 0.7615050963829189
Al Ti 0.5029438949139636 0.8584026491106747 0.30303644310656425 0.3482529779685869 0.17618929287231247 2.4377788767632644
B Re 0.19903441352730358 2.9837065732990076 0.6034277184709939 0.8489597952673452 0.17505607366181214 0.2929589253416746
Te Ba 0.5214762436120153 0.771955384230446 0.19424595274871798 0.304889207926876 0.2524002998474775 2.0799740820511516
He Er 0.19227395592075372 3.375840346883075 0.5416281976251176 0.9412218039963081 0.24708194292544028 0.3453600131091504
Si Cl 0.28524800064937356 0.3390919412607782 0.5908963577172653 0.9175805587017595 0.11318553930608036 3.252613516922687
Sr Hf 0.249134143873487 2.174094064135198 0.14522284299217372 0.2902050652778829 0.574548483517614 0.7280447024524029
Eu Os 0.26953103707319376 2.066827032117226 0.1503205551647876 0.29413203110146974 0.5445574358804733 0.7288689898319571
Ga Ba 0.1545025572328005 0.29077831339351706 0.5222113553097187 0.6821617157749222 0.29022792070813885 1.942426772515085
Ga Mo 0.17487242850168347 0.2988246936227853 0.5629705998864717 0.7361856259116755 0.23574630273332045 2.165991895115164
Mn Rb 0.548226376998787 0.8503869190007471 0.17761135512756984 2.5888160773364723 0.2548074231541834 0.3336236942863515
Sr Dy 0.25032876782113467 2.1929991572659966 0.15800870931032843 0.29412649712298156 0.5630405069640804 0.7314085853612966
K Hg 0.19333537360138764 2.634426095298034 0.5822808180452502 0.8380713119334364 0.1975773467335169 0.31055769939015776
Kr Eu 0.5533823835544189 0.7365616108773684 0.16664619340152995 0.2992031069134615 0.25079939303196297 2.1702722650677595
Kr Ir 0.576227936266174 0.743711243107533 0.15074074110512944 0.29310910277058294 0.24311242979500747 2.2292577451163575
Be O 0.10893817501518538 5.607412580569714 0.41759594229337876 1.1665088195687263 0.5095006054898149 0.4301159534698266
Rh Hf 0.5726061454973402 0.7473810971053726 0.15354490132600707 0.29030555749577686 0.2432118615633436 2.207013263621619
Cl Te 0.2187242068261595 0.31430555069919863 0.5193083680402862 0.7896226794344215 0.23648075316016562 2.2188421934279976
C Cr 0.009908700575065056 0.08212743816754936 0.5756185015418497 0.4695039771608375 0.3880825982739098 1.6386690047272272
H Y 0.36533806340092545 0.3836930129605076 0.5573641832364681 1.3155427684785164 0.20232555507174751 10.289965303018878
Ga Tl 0.22489206851375843 2.362044981601938 0.20009972555467814 0.3213208521390547 0.5471812662731197 0.8021884648960895
Cl Pd 0.5552659163018419 0.9425060608808549 0.14308108833016836 3.011701407678378 0.28616909015712333 0.3433416746594196
C Zn 0.17007847653280467 0.28569433509647024 0.2055172682269375 2.5909043369520375 0.6135217130684761 0.7472197314544272
Rh Dy 0.17037272385131935 0.29774387532069774 0.24750207231814017 2.191990423491119 0.552754311486931 0.7512217467704586
O Br 0.5661356525105358 0.9666246533007428 0.2973136374374442 0.35170001435207354 0.13833797866810005 3.6208516195994944
C Ar 0.024528501830920917 3.848065183269515 0.47655489460642253 0.4060615760993861 0.47153760609062356 1.2969295723651744
Gd Hg 0.26393308157798484 2.1086728835705735 0.5435947202797685 0.7446645980277122 0.15834969845710362 0.29873105273506684
Mo Ag 0.1840016540201497 2.511127257076956 0.5681326411433665 0.8456184647540637 0.2243350603798581 0.3180738462816129
Ne Ho 0.23404732749778412 0.3384918362559278 0.22671857813102161 2.277092274479712 0.502016601717593 0.8110423243456161
H Na 1.5246945931483542 21.297806327560828 0.6361283684901825 0.9500408210583389 0.29551239970839865 0.36069037910780505
Ne Ta 0.19014560911682254 2.6022980460634013 0.5358398475056526 0.8805248717064061 0.24344912994474824 0.3406054057971658
Mo I 0.23006934778705035 2.210314089677742 0.19902960112446264 0.3068754353847102 0.5427164446538061 0.7866388505478074
O Sc 0.015086585732300872 0.09376730880938512 0.591945904758499 0.4865574874331611 0.36585306913462684 1.6600932718840082
K La 0.25814895277166955 2.1144043030474107 0.2177971490275536 0.3081893048293289 0.4949095961211518 0.7660619261939677